id,Date1,Date2,Price1,Price2
1,1997-08-27,2015-12-02,38000,162000
1,2015-12-02,2021-02-12,162000,198000
2,2012-10-16,2020-11-27,125000,199000
2,2020-11-27,2023-01-13,199000,285000
3,1995-09-29,2003-12-22,48000,102000
3,2003-12-22,2007-07-20,102000,148500
3,2007-07-20,2020-07-28,148500,195000
4,1997-06-30,2005-09-16,51000,130000
6,2007-04-30,2007-09-17,146000,176000
6,2007-09-17,2012-08-28,176000,150000
8,2021-07-30,2022-09-29,4260000,7453200
11,1999-11-29,2012-10-23,83500,177000
11,2012-10-23,2016-04-18,177000,197000
11,2016-04-18,2024-03-15,197000,299000
12,2021-09-24,2023-04-14,250000,270000
13,1997-09-24,2017-01-27,68500,196000
16,1997-05-19,2017-04-13,42000,218000
17,1997-02-28,2024-12-18,59995,280000
19,1997-06-20,2011-02-18,71500,175000
20,2000-03-31,2005-09-09,118500,193500
20,2005-09-09,2006-04-21,193500,207000
21,1996-05-01,2023-11-30,87000,411000
22,1999-08-31,2021-09-21,100000,300000
22,2021-09-21,2024-03-19,300000,377500
23,1999-12-22,2004-09-24,124500,210000
23,2004-09-24,2005-11-21,210000,260000
23,2005-11-21,2007-12-20,260000,249995
24,2000-11-10,2005-08-11,60000,110000
24,2005-08-11,2015-10-16,110000,110000
24,2015-10-16,2022-12-09,110000,175000
24,2022-12-09,2025-05-23,175000,175000
25,1996-11-29,2004-03-29,51000,128000
26,2019-12-19,2021-12-10,113500,160000
27,1999-07-21,2001-07-06,49000,67000
28,2018-08-24,2023-02-02,128000,180000
29,1996-12-20,2006-03-10,33000,100000
32,2003-07-29,2021-04-23,120000,205000
33,2000-10-27,2005-04-27,58000,107000
33,2005-04-27,2022-12-20,107000,141000
34,1999-09-24,2003-05-09,39000,80000
34,2003-05-09,2015-10-09,80000,105000
34,2015-10-09,2021-02-19,105000,125000
35,2001-06-18,2009-05-01,71000,122500
35,2009-05-01,2014-07-04,122500,135000
37,2006-04-07,2014-05-09,125000,137000
38,2006-07-20,2010-08-06,151000,164000
39,1997-10-21,2000-08-25,47500,72000
39,2000-08-25,2003-09-15,72000,127000
40,2010-09-20,2014-05-02,93000,138750
40,2014-05-02,2023-06-30,138750,225000
42,1998-07-24,2012-10-26,56500,133500
42,2012-10-26,2021-10-29,133500,224000
42,2021-10-29,2025-03-28,224000,248000
43,2003-12-19,2025-04-14,115500,240000
44,1996-05-24,1999-01-04,45500,55000
44,1999-01-04,2003-11-07,55000,117000
46,1995-11-17,2000-03-01,44000,69000
49,1998-08-21,1999-08-20,52500,59950
49,1999-08-20,2003-07-18,59950,114950
49,2003-07-18,2007-04-23,114950,150000
51,1998-06-19,2003-05-30,46000,114500
51,2003-05-30,2019-11-01,114500,170000
51,2019-11-01,2023-09-15,170000,230000
54,1999-11-12,2024-07-16,60000,240000
55,1998-10-23,2008-01-31,54600,85000
56,2019-10-25,2021-11-19,190000,226500
58,1996-01-26,2021-08-27,48500,226000
59,2004-08-27,2007-08-20,115000,127500
60,2004-08-04,2006-11-30,159995,148000
60,2006-11-30,2010-05-28,148000,153000
60,2010-05-28,2019-06-26,153000,180000
62,2006-01-31,2016-07-29,196080,192500
62,2016-07-29,2023-08-24,192500,217000
63,2006-10-27,2015-11-30,166000,165000
63,2015-11-30,2018-01-10,165000,181500
63,2018-01-10,2023-01-04,181500,202000
64,2006-06-02,2019-06-11,160000,173500
64,2019-06-11,2022-01-21,173500,204000
67,2004-07-23,2005-05-19,134995,142375
67,2005-05-19,2021-11-12,142375,160000
69,2005-07-11,2008-01-11,209950,199500
69,2008-01-11,2019-09-30,199500,205000
69,2019-09-30,2022-08-18,205000,235500
71,2014-05-02,2021-03-22,125000,210000
79,2016-05-03,2023-04-21,175000,288000
81,2005-03-04,2014-06-10,130000,161000
83,1997-02-28,1999-03-29,43000,48500
85,2016-12-16,2023-01-06,190000,295000
87,2003-10-17,2018-06-07,137500,160000
87,2018-06-07,2023-05-09,160000,295000
90,1997-07-14,2011-10-06,57000,135000
91,1998-06-19,2026-01-28,62950,242000
92,1995-03-15,1999-10-01,37500,70000
92,1999-10-01,2003-07-08,70000,117250
92,2003-07-08,2014-08-22,117250,158500
95,1997-12-12,2008-02-20,59995,140000
95,2008-02-20,2022-06-24,140000,270000
98,2000-11-06,2002-06-18,60000,89995
98,2002-06-18,2006-07-14,89995,145000
100,2011-10-27,2012-11-02,120000,150000
100,2012-11-02,2014-10-27,150000,175000
100,2014-10-27,2019-02-01,175000,211000
101,1998-02-03,2017-12-08,58000,215000
101,2017-12-08,2024-11-15,215000,258000
106,2007-07-20,2012-10-19,160000,156000
107,2015-08-21,2023-05-09,160000,295000
109,2014-01-29,2014-08-12,130250,160000
109,2014-08-12,2018-06-07,160000,223000
109,2018-06-07,2021-01-29,223000,232000
110,1998-10-02,2018-10-19,64000,172000
111,2016-01-22,2017-05-19,147000,199950
111,2017-05-19,2024-06-28,199950,265000
111,2024-06-28,2024-10-02,265000,250000
112,2013-06-28,2023-09-20,132500,230000
115,2008-02-22,2015-08-14,150000,157000
116,2003-11-12,2004-06-17,120000,143000
117,1999-02-19,2013-08-06,68000,155000
119,2013-08-23,2019-12-13,135040,177000
119,2019-12-13,2025-12-08,177000,250000
120,1995-04-13,2003-02-28,47000,117500
120,2003-02-28,2007-06-01,117500,156000
122,1999-02-12,2003-06-20,57950,123750
122,2003-06-20,2006-08-11,123750,144000
122,2006-08-11,2007-01-19,144000,149000
122,2007-01-19,2024-10-25,149000,240000
123,2005-08-19,2012-11-01,134000,135000
123,2012-11-01,2020-09-11,135000,185000
124,2006-07-27,2014-03-17,123000,146000
124,2014-03-17,2019-01-04,146000,182500
124,2019-01-04,2026-02-26,182500,227500
126,2000-09-01,2022-11-25,74500,240000
127,1996-07-11,2006-07-07,60000,155000
127,2006-07-07,2014-03-14,155000,175000
128,2002-08-09,2004-03-05,95000,126000
128,2004-03-05,2017-05-19,126000,221550
128,2017-05-19,2022-11-04,221550,282500
129,2000-12-15,2011-12-09,76000,131500
130,1997-01-31,1997-08-22,48500,52500
130,1997-08-22,2002-08-20,52500,120000
130,2002-08-20,2010-06-17,120000,158000
130,2010-06-17,2015-06-30,158000,157500
131,1998-03-31,2002-12-18,38500,85000
131,2002-12-18,2014-04-17,85000,111000
131,2014-04-17,2017-09-14,111000,114000
131,2017-09-14,2022-10-28,114000,141000
132,2002-10-01,2006-10-18,72500,110000
132,2006-10-18,2020-07-24,110000,116500
134,1995-01-12,1997-01-08,37000,28500
134,1997-01-08,1997-07-21,28500,35950
134,1997-07-21,2000-04-14,35950,49000
135,1997-11-28,2000-10-20,37000,59500
135,2000-10-20,2005-09-05,59500,105000
135,2005-09-05,2014-09-05,105000,96000
135,2014-09-05,2021-02-05,96000,120500
137,1999-02-26,2002-04-26,52000,86000
137,2002-04-26,2003-12-19,86000,136000
137,2003-12-19,2011-10-04,136000,131000
140,1996-06-07,2005-03-23,75000,192500
140,2005-03-23,2016-05-11,192500,233000
140,2016-05-11,2021-06-30,233000,239000
140,2021-06-30,2024-09-02,239000,277500
142,2000-11-17,2002-12-20,87450,150000
142,2002-12-20,2016-11-04,150000,200000
143,2002-10-25,2013-11-08,95000,143000
145,2009-07-22,2010-07-09,115000,125000
145,2010-07-09,2022-09-30,125000,290000
148,1998-07-24,2001-05-11,54950,67500
148,2001-05-11,2005-06-23,67500,132000
148,2005-06-23,2007-07-02,132000,153500
155,1999-11-25,2005-02-10,69950,131000
155,2005-02-10,2005-09-29,131000,132000
156,2004-07-14,2006-11-14,133000,144950
156,2006-11-14,2015-11-30,144950,175000
157,1998-04-24,2002-01-25,53000,78500
158,2000-02-11,2005-03-04,67000,129950
161,2000-12-18,2005-06-22,39000,139900
161,2005-06-22,2025-01-31,139900,284000
163,1998-05-01,2003-04-23,38500,100000
163,2003-04-23,2014-01-24,100000,118000
164,1996-07-31,2023-08-31,42000,250000
168,2019-06-14,2024-10-14,163000,240000
169,1997-04-04,2002-02-08,47000,82500
169,2002-02-08,2016-02-19,82500,164500
169,2016-02-19,2025-12-18,164500,251500
170,2006-03-10,2017-02-23,146250,190000
173,2000-05-26,2015-06-30,86950,190000
176,1996-04-26,2005-06-07,60000,170000
180,1996-07-26,2003-06-20,46500,117000
180,2003-06-20,2005-08-26,117000,139000
180,2005-08-26,2025-11-06,139000,280000
182,1999-12-10,2002-06-24,66000,94950
184,2013-02-22,2014-03-07,120000,130500
184,2014-03-07,2021-06-01,130500,235000
194,2008-07-18,2016-04-22,100000,112000
194,2016-04-22,2018-05-04,112000,122000
195,1996-11-25,2002-01-30,20000,49500
195,2002-01-30,2003-07-11,49500,78000
195,2003-07-11,2007-08-13,78000,113000
196,1996-12-02,2020-05-22,42000,165000
198,1998-08-28,1999-03-30,54500,57000
198,1999-03-30,2022-06-10,57000,242000
202,1999-04-30,2001-12-19,56500,82000
202,2001-12-19,2016-11-09,82000,165000
203,2001-01-31,2006-04-28,70000,160000
205,2000-05-25,2003-01-31,50000,86000
205,2003-01-31,2005-10-28,86000,118000
205,2005-10-28,2007-07-06,118000,109950
205,2007-07-06,2020-12-04,109950,195000
205,2020-12-04,2024-09-20,195000,215000
207,1998-06-18,2005-12-20,44000,139450
207,2005-12-20,2008-11-07,139450,150000
207,2008-11-07,2025-04-25,150000,135000
208,2001-09-28,2007-08-02,72000,139000
211,2016-03-08,2016-12-15,141000,164000
212,2003-02-12,2005-12-12,100500,113000
212,2005-12-12,2017-03-10,113000,160125
213,1997-08-28,2001-09-14,35500,65000
214,2005-02-25,2007-11-23,130500,194000
215,2005-04-29,2011-11-25,160000,165000
216,2004-07-20,2013-06-12,114950,123000
216,2013-06-12,2015-09-25,123000,157000
221,2004-03-22,2022-10-28,104000,200000
222,2005-12-21,2007-06-07,139500,152000
223,2002-03-28,2012-03-06,85000,129000
223,2012-03-06,2015-07-29,129000,165000
225,2009-05-01,2018-05-08,95000,175000
232,2000-08-01,2004-08-02,72000,122000
232,2004-08-02,2014-01-17,122000,135000
233,2005-05-27,2010-07-09,195000,188000
233,2010-07-09,2014-04-04,188000,197500
234,2005-09-16,2023-11-24,195000,320000
236,2014-05-23,2023-09-07,210000,375000
237,1995-05-12,1999-08-09,44750,65000
237,1999-08-09,2004-02-20,65000,155000
238,1999-01-22,2010-05-28,23000,75000
246,2021-01-29,2024-03-11,170000,210000
250,2008-01-18,2016-09-09,120000,145000
250,2016-09-09,2023-04-28,145000,251000
253,1997-03-27,2005-04-29,57000,134500
254,2009-12-04,2015-03-16,114000,150000
254,2015-03-16,2022-05-27,150000,250000
254,2022-05-27,2025-03-20,250000,275000
256,2007-06-11,2016-08-11,103500,113675
256,2016-08-11,2023-03-16,113675,147000
258,1998-08-28,2017-06-16,52000,185000
259,2000-12-15,2003-12-22,70000,112500
259,2003-12-22,2016-06-03,112500,161500
260,1999-10-08,2014-04-04,56000,117000
260,2014-04-04,2014-09-02,117000,170000
262,2000-03-31,2014-12-12,59250,130000
263,1999-08-04,2009-12-21,61950,125000
263,2009-12-21,2013-03-01,125000,125000
263,2013-03-01,2015-11-13,125000,162000
265,2004-08-31,2016-01-15,125000,151500
269,1996-06-28,1998-08-17,41500,48500
269,1998-08-17,2013-07-30,48500,125000
269,2013-07-30,2022-05-13,125000,235000
270,2001-01-26,2004-12-03,74500,121000
270,2004-12-03,2007-06-01,121000,148500
277,2005-03-23,2019-02-05,116500,121000
279,2004-05-13,2018-11-30,220000,355000
283,2015-07-21,2021-03-04,160000,220000
284,1995-11-10,2006-12-04,46500,163000
285,1997-12-19,2021-06-14,50000,203000
286,2006-05-17,2015-12-22,148000,180000
286,2015-12-22,2021-02-26,180000,210000
287,1998-05-01,1999-07-16,54950,62000
288,2004-05-13,2007-09-18,139950,167000
288,2007-09-18,2025-08-11,167000,270000
289,1996-11-05,2001-06-27,55000,97500
289,2001-06-27,2006-08-29,97500,177000
289,2006-08-29,2020-09-18,177000,246500
290,2001-07-18,2002-03-28,96000,98000
290,2002-03-28,2004-09-30,98000,151000
291,1997-06-13,1997-07-11,53500,56250
292,1998-11-09,2024-01-31,60000,233500
293,2003-12-12,2024-10-07,134000,265000
294,2001-10-31,2006-04-07,89200,144000
294,2006-04-07,2008-09-12,144000,154000
295,2006-08-14,2010-09-08,137000,137000
295,2010-09-08,2024-05-03,137000,235000
296,1998-12-04,2020-11-20,66000,208000
297,1995-08-01,2000-07-28,36500,79950
297,2000-07-28,2004-06-28,79950,154950
297,2004-06-28,2008-07-31,154950,182500
297,2008-07-31,2014-08-15,182500,195000
298,1997-08-29,2001-08-29,49500,79000
301,1998-05-29,2002-08-16,51000,96950
301,2002-08-16,2007-06-08,96950,154950
301,2007-06-08,2023-10-05,154950,227500
302,2006-08-24,2010-06-30,142000,150000
302,2010-06-30,2017-11-30,150000,160000
302,2017-11-30,2019-09-20,160000,173000
303,1995-08-18,1995-09-01,44000,42000
303,1995-09-01,2012-09-21,42000,136000
303,2012-09-21,2021-09-27,136000,210000
304,1996-08-23,1999-10-01,43500,58000
304,1999-10-01,2004-10-15,58000,132000
304,2004-10-15,2006-07-14,132000,142500
304,2006-07-14,2012-08-24,142500,137500
306,1998-08-21,2007-09-28,60000,166000
306,2007-09-28,2016-03-07,166000,157000
308,1997-10-31,2009-11-06,46000,117500
308,2009-11-06,2014-12-17,117500,155000
308,2014-12-17,2022-05-25,155000,235000
308,2022-05-25,2025-05-28,235000,261000
309,1998-02-06,2003-08-27,50000,118500
309,2003-08-27,2011-07-29,118500,135000
309,2011-07-29,2016-07-22,135000,157500
309,2016-07-22,2018-11-30,157500,172500
310,1996-08-09,2000-02-29,44750,65000
310,2000-02-29,2001-06-05,65000,79500
310,2001-06-05,2002-10-02,79500,106000
311,2018-03-29,2022-10-25,175000,241500
312,1996-05-03,1999-01-29,43000,51000
312,1999-01-29,2002-04-26,51000,84950
312,2002-04-26,2004-01-23,84950,119000
312,2004-01-23,2010-04-16,119000,129950
313,1998-08-14,1998-10-21,52000,54500
313,1998-10-21,1999-08-25,54500,58000
313,1999-08-25,2014-07-16,58000,124000
313,2014-07-16,2017-07-07,124000,168000
316,1996-09-27,1997-06-27,29500,29950
316,1997-06-27,2007-04-30,29950,90000
316,2007-04-30,2023-05-19,90000,145000
321,2002-01-09,2023-07-02,80000,265000
322,2010-10-26,2013-07-19,111000,130000
324,2001-02-19,2008-07-18,69000,148000
324,2008-07-18,2015-11-12,148000,145000
326,2007-09-28,2013-09-13,143000,119000
326,2013-09-13,2014-12-08,119000,145000
326,2014-12-08,2017-08-03,145000,155000
326,2017-08-03,2020-07-20,155000,155000
326,2020-07-20,2020-10-19,155000,145000
326,2020-10-19,2021-12-17,145000,225000
330,2009-11-13,2011-10-07,103000,110000
331,1995-11-30,2000-02-18,43995,69950
331,2000-02-18,2017-08-03,69950,168000
334,2009-10-23,2015-07-03,104000,158000
337,2003-06-02,2025-12-19,92000,240000
338,1998-02-25,2014-04-17,45500,125000
339,2004-08-06,2008-04-11,114000,130000
339,2008-04-11,2016-04-22,130000,160000
341,2003-01-28,2004-06-04,100000,104950
341,2004-06-04,2005-11-04,104950,119995
342,1998-04-17,2008-08-29,54500,160000
343,1996-09-06,2002-07-16,33000,75000
343,2002-07-16,2009-10-30,75000,112500
343,2009-10-30,2022-08-09,112500,300500
345,2001-04-02,2011-09-23,44000,64000
347,1997-08-15,2000-11-24,55000,78000
347,2000-11-24,2017-11-28,78000,155000
347,2017-11-28,2023-01-13,155000,22500
348,1999-08-06,2007-09-07,46000,152500
348,2007-09-07,2016-05-20,152500,151000
349,1998-02-12,2014-10-03,46250,147000
349,2014-10-03,2016-01-22,147000,157500
352,1996-01-12,2006-08-21,35000,130000
352,2006-08-21,2018-08-17,130000,210000
355,2003-04-04,2014-03-28,89000,134000
357,2010-05-07,2019-03-20,125000,180000
358,2000-05-01,2023-01-27,29150,231000
360,2007-07-20,2013-02-15,135000,127000
360,2013-02-15,2018-07-27,127000,182500
361,2015-02-27,2019-06-06,129950,190000
363,2013-11-29,2021-08-23,130000,215000
364,2009-05-27,2010-11-02,122500,131500
364,2010-11-02,2019-06-26,131500,184500
365,2012-10-16,2024-08-16,130000,212000
366,2017-08-18,2019-07-10,181000,190000
367,2016-02-29,2023-02-22,140000,242000
369,1996-04-04,2002-11-22,41000,95000
369,2002-11-22,2020-06-12,95000,170000
369,2020-06-12,2023-11-27,170000,250000
372,2011-08-30,2015-07-28,115000,160000
376,2004-02-13,2005-07-01,118000,128000
377,2012-03-02,2016-05-06,119000,100000
379,2007-12-19,2014-11-04,95000,100000
382,1996-11-08,2000-12-15,27000,37500
383,2001-06-15,2003-07-31,39000,53000
383,2003-07-31,2007-07-31,53000,108000
383,2007-07-31,2017-10-06,108000,101000
390,2002-08-02,2004-08-27,88000,111000
390,2004-08-27,2005-08-26,111000,120000
390,2005-08-26,2016-01-06,120000,175000
392,2003-04-17,2008-03-14,112500,105000
393,2013-02-12,2020-01-03,117500,187500
395,2002-12-05,2006-05-23,98000,127000
395,2006-05-23,2018-03-27,127000,191000
398,2000-08-04,2014-03-27,70750,139500
398,2014-03-27,2020-09-18,139500,191000
402,2001-01-02,2023-05-19,60000,240000
403,2012-12-07,2013-08-05,95000,124000
404,2009-06-26,2013-07-22,120000,160000
404,2013-07-22,2018-12-19,160000,220000
406,2000-01-31,2002-10-31,59500,84000
406,2002-10-31,2007-07-02,84000,154999
406,2007-07-02,2016-07-01,154999,162500
407,1997-08-18,2001-02-05,58000,78000
408,2004-11-01,2025-06-13,80000,170000
408,2025-06-13,2025-06-13,170000,152000
408,2025-06-13,2025-07-22,152000,188000
409,1995-05-05,1998-01-09,39000,42000
409,1998-01-09,2001-08-03,42000,70000
409,2001-08-03,2007-04-05,70000,135000
409,2007-04-05,2016-12-22,135000,163000
409,2016-12-22,2017-07-18,163000,140000
413,2022-04-11,2022-10-20,161000,222000
416,2004-06-21,2020-06-16,60000,220000
417,2024-08-30,2024-10-15,178000,202000
419,2004-11-11,2006-12-01,98000,90000
422,2000-09-11,2004-11-26,52000,90000
422,2004-11-26,2006-11-22,90000,130000
422,2006-11-22,2019-07-30,130000,217250
423,2016-06-03,2018-12-20,150000,200000
423,2018-12-20,2022-08-12,200000,262000
425,2004-10-13,2009-11-12,117500,112000
425,2009-11-12,2014-10-10,112000,134000
425,2014-10-10,2018-08-24,134000,174000
426,2003-05-23,2006-01-20,112000,132500
426,2006-01-20,2015-04-30,132500,165000
428,2009-01-30,2020-09-11,120000,170000
429,2003-04-17,2025-09-05,94000,220000
430,2008-12-12,2018-10-05,134250,187500
431,1999-04-23,2011-10-07,58500,123000
433,1995-11-03,1998-07-03,42000,48000
433,1998-07-03,2001-07-06,48000,72500
433,2001-07-06,2024-05-23,72500,312000
436,2006-03-31,2017-03-28,118500,167500
436,2017-03-28,2020-12-04,167500,220000
437,2001-01-05,2005-04-29,56000,120000
437,2005-04-29,2006-01-20,120000,118000
438,2007-09-14,2010-06-18,153000,140000
440,2004-03-22,2015-04-17,65000,136000
441,2014-07-31,2021-09-03,153000,210000
445,1995-02-03,2001-01-12,45250,67500
445,2001-01-12,2006-03-31,67500,115000
446,1997-01-31,2005-11-25,41500,124000
447,1995-05-12,1999-12-21,49950,68500
447,1999-12-21,2003-10-15,68500,125000
447,2003-10-15,2024-10-11,125000,242000
448,2019-04-17,2025-09-19,153000,247200
449,2018-05-16,2023-06-30,190000,253000
452,2001-01-08,2023-03-17,30000,160000
453,2007-09-24,2019-10-28,152500,152000
455,2002-03-15,2006-09-22,82250,139950
456,2015-10-19,2025-07-14,155000,237000
457,2014-11-14,2021-08-06,156500,207000
458,2002-04-05,2005-07-08,82500,124000
460,2004-09-03,2006-02-10,130000,131500
460,2006-02-10,2014-12-19,131500,160000
461,2006-01-31,2021-04-30,118000,185500
462,2004-08-16,2014-12-17,60000,155000
463,1999-06-11,2006-11-17,39000,146000
470,2001-09-14,2016-04-29,58000,148000
470,2016-04-29,2023-01-12,148000,212000
471,2015-07-30,2024-02-26,162000,212000
472,2003-03-14,2012-06-29,100000,100000
474,1996-04-29,2006-07-13,41000,120000
474,2006-07-13,2013-11-14,120000,125000
475,1998-09-25,2009-09-04,48500,125000
475,2009-09-04,2012-08-08,125000,125000
475,2012-08-08,2018-07-31,125000,175000
476,2000-06-16,2014-08-29,75000,140000
477,2004-05-24,2019-05-24,60000,182000
478,1998-07-24,2004-06-29,43500,111500
481,2008-05-30,2012-10-05,125000,124500
481,2012-10-05,2022-05-27,124500,250000
481,2022-05-27,2025-09-19,250000,250000
482,1996-03-01,2014-02-28,38000,136000
483,2010-04-30,2012-06-22,62500,73500
484,2004-09-23,2022-08-25,120000,180000
485,2001-08-24,2007-07-02,86655,151500
486,2000-12-08,2002-05-08,65500,85000
488,2001-05-18,2005-06-20,85250,135000
488,2005-06-20,2006-05-19,135000,142000
489,2001-06-22,2002-05-24,74500,83500
489,2002-05-24,2004-04-02,83500,115000
489,2004-04-02,2008-08-08,115000,125000
489,2008-08-08,2013-08-02,125000,125000
490,2001-09-21,2015-12-10,84450,171101
491,2001-04-27,2004-10-04,76370,120750
491,2004-10-04,2011-11-23,120750,108000
492,2001-05-04,2003-07-25,78500,99000
492,2003-07-25,2009-05-07,99000,110000
493,2001-09-28,2003-06-27,89950,132950
493,2003-06-27,2005-04-14,132950,145000
493,2005-04-14,2009-12-17,145000,145000
493,2009-12-17,2022-03-08,145000,237000
494,2001-12-24,2007-06-29,97000,150000
494,2007-06-29,2007-10-26,150000,152500
495,2001-07-27,2003-10-24,79950,102000
495,2003-10-24,2007-11-01,102000,145000
495,2007-11-01,2017-01-27,145000,148000
499,2004-03-26,2004-10-25,99950,115000
500,2001-04-10,2004-08-12,79800,125000
500,2004-08-12,2015-12-15,125000,138500
502,2001-09-14,2005-05-10,94575,141000
502,2005-05-10,2014-05-23,141000,142000
503,2001-04-27,2002-11-22,79950,99950
503,2002-11-22,2018-04-24,99950,165000
504,2001-06-29,2003-08-22,89950,125000
504,2003-08-22,2015-01-16,125000,150000
506,2001-06-08,2002-11-08,77950,102500
506,2002-11-08,2004-01-26,102500,117000
506,2004-01-26,2005-11-18,117000,127500
506,2005-11-18,2008-03-31,127500,143000
506,2008-03-31,2016-10-18,143000,152000
507,2001-06-29,2003-04-17,90200,129000
507,2003-04-17,2004-04-05,129000,143000
507,2004-04-05,2025-10-01,143000,264500
512,2001-02-23,2003-02-28,69450,99950
512,2003-02-28,2021-04-20,99950,180000
514,2001-09-14,2006-03-23,87950,145000
514,2006-03-23,2011-04-21,145000,152000
515,2001-06-29,2005-05-17,72950,124000
515,2005-05-17,2024-10-21,124000,180000
516,2008-02-22,2015-10-29,194000,207000
516,2015-10-29,2018-03-16,207000,236000
516,2018-03-16,2023-05-10,236000,280000
517,2008-04-25,2016-12-21,201000,194000
517,2016-12-21,2019-09-06,194000,236000
518,2008-05-20,2009-04-09,119950,115000
518,2009-04-09,2014-03-24,115000,112000
518,2014-03-24,2019-10-25,112000,130000
518,2019-10-25,2021-08-03,130000,145000
519,2015-05-08,2022-12-05,107000,147000
526,2007-12-17,2019-09-25,135950,130000
528,2008-03-07,2018-08-31,134000,127000
529,2007-12-07,2014-10-14,207950,200000
530,2007-10-12,2014-05-02,204500,200000
531,2007-12-14,2018-01-26,199950,225000
531,2018-01-26,2024-08-02,225000,270000
533,2008-11-14,2019-04-30,299460,350000
534,2008-12-05,2018-08-24,200000,285000
535,2009-08-14,2022-09-30,222995,320000
536,2009-08-06,2010-07-30,213000,240000
538,2009-11-13,2022-01-17,234995,295000
543,2010-04-23,2016-02-23,233000,243000
544,2009-12-18,2013-11-29,220000,217950
549,2008-12-23,2014-06-04,87500,154000
550,2008-05-16,2023-08-31,160995,180000
552,2008-08-22,2010-09-03,135000,149000
554,2008-12-05,2015-10-16,145995,155000
555,2008-11-07,2012-02-29,131000,122500
555,2012-02-29,2015-04-23,122500,150000
556,2008-10-31,2013-11-29,135000,140000
556,2013-11-29,2016-12-21,140000,160000
556,2016-12-21,2021-11-08,160000,179995
557,2008-10-31,2013-09-26,139995,137000
558,2008-11-07,2012-09-28,139995,135000
558,2012-09-28,2024-04-19,135000,180000
559,2009-03-27,2021-06-14,144995,175000
561,2009-06-12,2013-12-03,129995,105000
561,2013-12-03,2021-11-12,105000,147500
562,2009-06-17,2020-08-28,149995,172000
564,2009-04-06,2022-07-25,129995,150000
565,2009-05-29,2014-02-28,149995,144500
566,2009-04-28,2015-12-21,145500,155000
566,2015-12-21,2018-03-12,155000,162000
567,2009-05-01,2014-09-23,129995,135000
569,2009-04-28,2011-07-29,141995,130000
569,2011-07-29,2017-12-12,130000,160000
569,2017-12-12,2020-06-11,160000,165000
570,2009-06-29,2019-03-25,128564,146500
573,2008-04-25,2008-10-17,145207,145995
574,2008-09-13,2012-07-20,135000,135000
574,2012-07-20,2019-04-10,135000,160000
574,2019-04-10,2025-01-24,160000,167500
575,2008-11-17,2012-02-29,127980,128000
575,2012-02-29,2016-11-30,128000,160000
576,2008-06-27,2016-07-08,170750,160000
577,2008-09-26,2011-04-21,140000,144000
577,2011-04-21,2017-02-27,144000,160000
579,2007-12-21,2015-08-12,119995,111111
579,2015-08-12,2019-12-05,111111,122500
579,2019-12-05,2021-12-03,122500,125500
580,2007-12-17,2017-12-21,166995,134000
581,2007-12-21,2018-11-01,159995,146000
581,2018-11-01,2025-03-31,146000,177500
582,2007-12-17,2023-03-29,166995,175000
583,2007-12-20,2018-01-31,153995,135000
584,2007-12-21,2011-09-30,125000,118250
586,2007-12-21,2023-11-10,155995,165000
587,2007-12-21,2013-11-15,119150,106000
587,2013-11-15,2024-02-06,106000,129000
589,2007-12-21,2023-03-06,157995,155000
591,2012-05-31,2018-12-20,64000,77500
591,2018-12-20,2024-10-21,77500,167000
592,2009-03-12,2015-08-28,49500,59000
592,2015-08-28,2018-07-31,59000,60000
592,2018-07-31,2025-03-28,60000,136000
593,2008-10-31,2016-07-29,69000,70000
594,2013-09-13,2022-10-11,50000,60000
595,2008-09-12,2016-02-08,69000,130000
596,2015-12-16,2022-02-07,70000,77500
598,2015-08-21,2022-04-14,255000,315000
601,2015-12-18,2019-08-01,250000,231000
603,2015-09-04,2018-01-18,225000,238000
603,2018-01-18,2019-01-16,238000,250000
604,2015-05-22,2021-04-01,225000,257500
604,2021-04-01,2025-03-31,257500,315000
605,2015-04-22,2017-09-29,250000,290000
609,2016-03-02,2016-03-02,260000,268000
609,2016-03-02,2024-12-13,268000,325000
612,2015-11-20,2025-09-08,240000,300000
619,2016-03-31,2020-10-02,280000,300000
622,2016-09-30,2019-10-28,280000,240000
626,2007-09-14,2023-02-03,124370,135000
627,2007-09-14,2019-02-15,124370,116500
627,2019-02-15,2024-05-30,116500,130000
628,2007-09-14,2018-05-14,165995,163000
628,2018-05-14,2018-05-17,163000,158500
628,2018-05-17,2021-01-12,158500,158500
631,2007-09-14,2007-11-13,145795,161995
631,2007-11-13,2020-03-20,161995,147000
632,2007-09-14,2013-03-18,116000,106000
632,2013-03-18,2021-12-22,106000,125000
635,2007-09-28,2022-06-14,135000,160000
636,2007-09-28,2016-03-29,141545,139000
636,2016-03-29,2024-02-07,139000,167500
637,2007-09-28,2010-10-29,125000,134750
637,2010-10-29,2014-11-28,134750,124999
638,2007-09-28,2011-05-11,137745,127000
638,2011-05-11,2015-11-23,127000,130000
639,2007-09-28,2009-02-27,146995,117500
639,2009-02-27,2017-06-19,117500,145000
641,2007-09-28,2008-05-30,125000,133000
642,2007-10-10,2019-01-15,148995,150000
647,2007-06-29,2016-03-31,142995,132500
648,2007-06-22,2015-02-25,122975,118000
649,2007-06-20,2018-05-31,159995,148000
650,2007-06-20,2013-08-09,142995,131000
651,2007-06-22,2015-05-06,121525,114000
653,2007-06-22,2009-12-22,123500,105000
653,2009-12-22,2024-02-29,105000,132000
654,2007-06-22,2009-07-24,147995,112000
654,2009-07-24,2014-04-11,112000,130000
655,2016-03-16,2020-06-19,142000,153000
657,2007-06-28,2013-09-06,144995,130000
658,2007-06-29,2021-05-28,151760,145000
659,2007-06-28,2014-07-07,123500,107000
661,2007-06-29,2023-05-04,154750,165000
663,2006-12-22,2016-03-30,113000,119000
664,2006-12-29,2017-01-27,139995,144000
664,2017-01-27,2025-11-14,144000,171250
665,2007-01-26,2016-12-19,150095,150000
666,2007-01-26,2016-11-18,113002,120500
666,2016-11-18,2022-04-28,120500,135500
667,2006-12-29,2009-12-14,139995,133500
667,2009-12-14,2021-09-30,133500,150000
669,2006-12-29,2009-02-19,118950,98000
669,2009-02-19,2013-10-07,98000,110000
669,2013-10-07,2018-09-27,110000,121000
671,2006-12-22,2022-05-27,157995,180000
672,2006-12-22,2016-03-01,118950,115000
673,2006-12-19,2016-09-26,158450,156000
673,2016-09-26,2022-07-06,156000,230000
674,2007-12-20,2015-01-23,174995,128000
674,2015-01-23,2022-03-24,128000,156000
674,2022-03-24,2024-10-18,156000,170000
675,2006-12-20,2013-05-31,143995,122500
677,2006-12-21,2011-05-24,152995,140000
677,2011-05-24,2015-07-31,140000,145000
677,2015-07-31,2015-08-21,145000,135750
678,2006-12-21,2015-02-06,138995,137500
678,2015-02-06,2017-05-08,137500,144800
679,2007-01-26,2014-09-08,118995,116000
680,2006-12-20,2025-12-12,155995,170000
681,2007-01-26,2007-08-24,132045,142000
681,2007-08-24,2025-04-04,142000,180000
682,2007-03-23,2009-05-22,178000,155000
682,2009-05-22,2016-12-13,155000,185000
682,2016-12-13,2023-04-06,185000,265000
684,2007-03-29,2015-02-04,185000,179000
684,2015-02-04,2026-01-09,179000,275000
686,2007-04-18,2019-12-18,239995,230000
687,2007-05-09,2018-06-14,227995,225000
688,2007-03-30,2022-11-30,227995,265000
690,2006-12-19,2019-01-10,168995,180000
692,2006-12-22,2017-03-24,189995,192000
694,2006-12-15,2008-09-05,188950,165000
694,2008-09-05,2019-04-18,165000,205000
694,2019-04-18,2022-07-01,205000,255000
695,2008-06-05,2016-04-14,79000,82500
696,2006-12-13,2025-05-27,187051,240000
700,2006-12-13,2019-01-21,193995,207000
701,2006-12-22,2019-12-19,230000,245000
703,2007-07-27,2014-11-20,274995,198500
705,2007-06-29,2009-05-08,274995,210000
705,2009-05-08,2022-07-27,210000,275000
707,2007-06-27,2022-09-30,225000,253500
707,2022-09-30,2025-12-19,253500,255000
708,2007-06-27,2016-11-18,229995,190000
710,2007-11-16,2019-02-08,279995,210000
711,2007-10-26,2019-08-23,279995,220000
712,2007-10-26,2009-05-07,279995,219995
712,2009-05-07,2018-05-25,219995,225000
713,2007-11-13,2019-12-09,279995,220000
714,2007-11-23,2022-09-22,170995,240000
715,2001-10-12,2004-08-26,190000,276000
717,2001-10-19,2019-05-13,240000,435000
718,2003-02-28,2013-02-14,279000,355000
719,2001-11-23,2005-10-31,198000,270000
722,2002-12-16,2009-05-07,224290,249950
723,2001-11-23,2003-07-18,195000,234000
723,2003-07-18,2007-12-17,234000,296000
724,2002-11-15,2012-11-21,271750,312000
730,2001-12-21,2019-12-02,198000,350000
731,2002-09-20,2003-10-31,211950,228000
731,2003-10-31,2014-09-30,228000,345000
733,2002-11-29,2004-09-08,228000,250000
734,2001-12-21,2008-09-03,249999,360000
736,2002-05-10,2005-06-17,250000,352000
736,2005-06-17,2006-09-29,352000,315000
736,2006-09-29,2013-11-05,315000,385000
738,2002-03-22,2015-07-08,199500,340000
739,2002-04-05,2007-06-28,248000,365000
739,2007-06-28,2017-01-06,365000,430000
740,2002-04-12,2021-06-30,249995,557000
741,2002-04-19,2009-07-03,249995,320000
742,2002-04-26,2005-01-19,249500,331500
742,2005-01-19,2007-08-13,331500,345000
743,2002-04-05,2006-10-09,202500,280000
744,2002-05-10,2005-06-20,208000,280000
744,2005-06-20,2007-09-26,280000,133000
745,2002-05-17,2005-05-11,201950,276000
745,2005-05-11,2018-08-03,276000,390000
746,2002-05-31,2006-12-20,291000,370000
746,2006-12-20,2011-08-15,370000,375000
746,2011-08-15,2025-03-25,375000,650000
748,2002-06-28,2015-06-01,270000,395000
749,2002-07-26,2005-06-30,250000,345000
749,2005-06-30,2011-05-27,345000,345000
749,2011-05-27,2017-09-08,345000,440000
750,2002-06-28,2007-11-19,213000,310000
752,2002-08-23,2021-03-04,212750,400000
753,2002-08-23,2003-04-17,250000,270000
753,2003-04-17,2010-12-10,270000,350000
755,2002-12-06,2006-09-08,367000,407500
756,2002-03-21,2015-04-24,345000,525000
756,2015-04-24,2025-03-27,525000,810000
757,2002-06-28,2010-02-03,350000,485000
758,2002-07-19,2007-03-30,365000,485000
759,2002-03-22,2006-09-08,315000,475000
759,2006-09-08,2008-10-24,475000,499995
761,2002-04-19,2023-05-04,360000,820000
763,2002-09-26,2005-06-17,342770,440000
768,2002-08-15,2006-07-06,345000,399950
768,2006-07-06,2015-10-16,399950,525000
769,2002-06-27,2016-09-14,320000,530000
770,2003-08-22,2005-08-19,250000,300000
770,2005-08-19,2019-12-04,300000,360000
771,2003-06-27,2011-05-27,245000,312500
772,2003-06-27,2020-11-20,260000,432000
773,2003-06-26,2012-06-01,250000,295000
773,2012-06-01,2014-02-03,295000,345000
774,2003-06-27,2005-12-16,250000,287500
774,2005-12-16,2018-05-11,287500,347500
775,2003-09-12,2014-02-28,250000,332500
776,2003-10-06,2015-09-10,243000,340000
776,2015-09-10,2024-10-23,340000,474000
777,2004-05-28,2007-06-28,250000,310000
777,2007-06-28,2016-11-04,310000,372500
778,2002-10-25,2017-05-11,415000,595000
779,2004-06-04,2006-08-23,250000,299995
779,2006-08-23,2010-03-31,299995,300000
780,2004-06-04,2015-06-29,305000,415000
781,2004-06-11,2005-08-16,272000,282000
783,2004-06-18,2007-09-03,272000,290000
785,2004-06-25,2014-07-16,277000,360000
785,2014-07-16,2016-06-28,360000,370000
785,2016-06-28,2025-09-30,370000,500000
786,2004-09-17,2008-03-07,298000,335000
786,2008-03-07,2014-07-18,335000,340000
787,2004-06-25,2006-11-14,295000,325000
787,2006-11-14,2015-07-14,325000,350000
788,2004-09-10,2012-03-02,263750,302500
788,2012-03-02,2021-04-08,302500,475000
791,2004-06-25,2022-12-01,276000,540000
792,2004-08-25,2012-01-13,323000,306000
792,2012-01-13,2015-10-02,306000,348500
792,2015-10-02,2021-09-29,348500,488000
793,2004-06-18,2006-12-07,288000,302500
795,2004-06-25,2004-08-13,349950,355000
798,2003-10-10,2005-12-07,370000,430000
801,2004-04-08,2009-06-26,264500,260000
802,2003-08-29,2024-10-18,250000,475000
803,2004-02-13,2018-06-19,295000,395000
804,2003-09-05,2025-11-24,275000,540000
805,2003-12-18,2010-08-26,250000,275000
808,2003-09-05,2021-03-05,280000,477000
810,2003-12-12,2016-07-29,280000,385000
810,2016-07-29,2021-06-11,385000,475000
812,2003-12-19,2016-04-14,265000,385000
812,2016-04-14,2022-10-24,385000,488000
815,2004-06-02,2006-07-26,285000,349995
815,2006-07-26,2014-10-23,349995,388000
817,2002-12-13,2006-11-20,375000,425000
818,2002-11-08,2011-02-21,380000,510000
818,2011-02-21,2012-09-28,510000,540000
819,2002-11-05,2025-12-18,350000,799000
820,2002-10-21,2014-09-10,390000,585000
821,2002-09-27,2008-07-11,361000,535000
823,2003-09-30,2005-02-22,238000,263500
823,2005-02-22,2018-05-11,263500,390000
824,2003-10-24,2024-07-30,267500,480000
825,2003-11-14,2006-09-12,263000,327500
829,2003-09-25,2025-10-03,305000,685000
830,2003-09-12,2006-11-24,260000,296000
830,2006-11-24,2018-10-19,296000,398000
831,2003-09-19,2008-11-20,273000,275000
831,2008-11-20,2022-08-05,275000,580000
831,2022-08-05,2025-10-17,580000,560000
833,2003-08-22,2006-10-20,280000,342500
834,2003-08-07,2014-06-27,266340,335000
835,2003-07-25,2015-08-12,250000,380000
839,2003-06-27,2021-01-22,276000,550000
840,2003-08-01,2010-10-25,330000,415000
841,2003-03-28,2004-08-13,390000,395000
841,2004-08-13,2006-12-07,395000,465000
842,2003-03-28,2011-04-28,385000,425000
843,2006-06-30,2013-09-13,163995,152500
845,2006-07-07,2020-10-16,275000,260000
846,2006-10-27,2020-11-27,235995,250000
846,2020-11-27,2023-05-19,250000,270000
848,2006-10-27,2023-02-17,239995,240000
849,2006-06-29,2014-09-01,210600,195000
849,2014-09-01,2024-10-08,195000,278000
850,2006-10-27,2016-02-11,250000,255000
851,2006-06-30,2018-08-31,240000,215000
852,2006-12-08,2025-07-09,264995,317000
853,2006-06-30,2018-05-25,240000,219000
854,2006-11-24,2017-08-08,247500,290000
854,2017-08-08,2021-09-06,290000,303000
856,2007-03-09,2021-02-23,72000,78000
856,2021-02-23,2025-12-17,78000,100800
857,2006-06-30,2023-12-13,224000,279950
858,2007-02-28,2020-06-01,92500,100000
859,2006-06-30,2011-03-08,166995,162500
859,2011-03-08,2022-12-20,162500,245000
860,2007-04-27,2017-01-30,64750,70000
861,2006-08-25,2015-08-20,235000,230000
862,2007-04-03,2018-09-29,92500,195000
863,2006-09-01,2015-06-02,225000,237000
863,2015-06-02,2018-12-17,237000,256000
863,2018-12-17,2024-10-15,256000,305000
864,2007-03-29,2008-11-28,79000,81000
864,2008-11-28,2015-05-01,81000,83000
867,2007-05-25,2024-01-17,279995,255000
868,2007-05-24,2014-01-03,274995,185000
868,2014-01-03,2023-11-14,185000,280000
869,2006-10-27,2024-12-05,243995,260000
870,2007-06-08,2018-08-03,274995,218000
870,2018-08-03,2021-11-17,218000,260000
871,2006-09-29,2024-05-24,220000,284000
871,2024-05-24,2024-06-28,284000,280000
874,2007-05-23,2024-11-20,279995,270000
876,2007-03-26,2015-11-26,240000,239000
876,2015-11-26,2021-06-24,239000,270000
878,2007-03-30,2021-11-01,237495,265000
882,2007-03-30,2011-06-02,249995,216000
882,2011-06-02,2014-03-04,216000,205000
882,2014-03-04,2017-02-06,205000,250000
883,2006-11-10,2021-09-27,249995,257500
884,2007-03-30,2017-03-31,244995,230000
885,2006-11-10,2023-06-09,249995,270000
887,2006-11-10,2022-11-30,250000,327500
888,2007-03-29,2017-04-20,225000,245000
889,2007-01-26,2019-03-06,279995,291000
889,2019-03-06,2021-08-25,291000,315000
890,2007-06-15,2008-10-10,279995,197500
890,2008-10-10,2013-09-20,197500,210000
891,2007-11-23,2015-09-01,279995,255000
893,2007-11-07,2018-11-28,274995,227500
896,2007-06-27,2011-12-05,307995,245000
896,2011-12-05,2013-12-11,245000,248500
896,2013-12-11,2017-10-13,248500,291000
897,2007-06-29,2014-11-28,282995,250000
899,2007-06-29,2014-12-15,250000,250000
900,2007-10-26,2022-12-15,274995,270000
902,2007-10-19,2016-11-14,269995,250000
902,2016-11-14,2020-11-20,250000,265000
903,2007-06-29,2020-12-18,309995,310000
904,2007-06-30,2016-09-16,230000,225000
906,2006-06-30,2017-10-06,230000,225000
907,2006-06-23,2021-02-03,240000,237500
908,2006-06-30,2025-01-17,230000,290000
909,2006-06-23,2008-01-25,199995,198000
909,2008-01-25,2019-12-06,198000,215000
910,2006-06-23,2024-10-07,219000,275000
911,2007-06-22,2014-08-22,279995,207500
911,2014-08-22,2021-08-03,207500,250000
915,2006-12-15,2019-10-04,175000,202000
915,2019-10-04,2024-12-16,202000,250000
916,2006-12-08,2016-02-18,187995,197000
917,2022-07-20,2025-05-09,248000,270000
918,2006-11-30,2019-04-24,199995,195000
920,2007-01-09,2014-05-30,179651,193500
920,2014-05-30,2020-09-04,193500,210000
921,2006-12-21,2009-11-10,189995,194000
922,2006-12-22,2012-03-09,164995,137500
922,2012-03-09,2020-05-22,137500,185000
923,2008-03-28,2011-09-09,135000,133000
923,2011-09-09,2017-02-22,133000,148000
924,2008-01-31,2011-08-22,166995,125000
925,2008-01-25,2013-07-15,138745,124750
925,2013-07-15,2016-07-22,124750,149000
925,2016-07-22,2023-10-26,149000,175000
927,2008-01-25,2010-11-12,162995,135000
928,2008-01-28,2020-01-08,147995,145000
928,2020-01-08,2024-06-07,145000,169000
929,2008-01-31,2017-04-28,149995,149000
930,2008-01-31,2017-07-15,155000,163000
931,2008-01-25,2022-02-11,147375,163000
931,2022-02-11,2023-10-04,163000,168500
933,2007-03-12,2010-04-08,50000,54000
934,2007-04-05,2015-06-19,62500,65000
934,2015-06-19,2016-08-25,65000,72500
934,2016-08-25,2024-06-25,72500,83750
935,2007-04-27,2017-06-23,62500,70000
936,2007-03-07,2019-02-28,125000,150000
937,2007-03-06,2016-11-11,68000,70000
937,2016-11-11,2018-10-05,70000,75000
937,2018-10-05,2021-11-26,75000,80000
938,2007-03-09,2007-03-28,62500,68000
938,2007-03-28,2014-07-31,68000,130000
939,2007-03-30,2009-12-21,67500,60000
946,1998-09-18,2001-03-09,40000,65500
946,2001-03-09,2006-11-10,65500,114000
946,2006-11-10,2018-04-12,114000,157000
946,2018-04-12,2024-07-26,157000,255000
949,2020-04-03,2025-11-28,192500,245000
950,2007-01-19,2024-05-03,130000,250000
953,2012-06-29,2015-05-26,114000,148000
954,2010-06-30,2015-09-02,98000,128000
954,2015-09-02,2018-07-20,128000,175000
955,2014-06-30,2025-07-14,138000,400000
960,1995-11-03,2001-12-14,40000,75000
960,2001-12-14,2014-06-10,75000,97500
961,2004-03-08,2015-07-31,35000,74000
961,2015-07-31,2016-02-10,74000,113000
963,2004-09-17,2019-10-18,257500,371500
964,2004-08-20,2008-04-18,176225,194500
965,2004-05-04,2010-02-26,141950,143500
965,2010-02-26,2014-02-06,143500,144000
966,2004-06-25,2007-07-17,186500,189000
966,2007-07-17,2015-08-10,189000,195000
966,2015-08-10,2022-06-27,195000,296650
968,2004-06-18,2007-06-08,232500,244000
973,2005-05-27,2007-11-02,219950,246000
978,2002-05-28,2004-06-11,87000,123500
979,2017-06-22,2025-07-11,195000,305000
980,2018-07-03,2025-12-12,168000,280000
983,1999-05-14,2019-01-31,48000,215000
984,2007-08-31,2014-08-18,152500,165000
984,2014-08-18,2024-07-30,165000,272000
985,1998-12-17,2002-03-15,55000,84450
985,2002-03-15,2019-09-20,84450,208000
986,2000-05-26,2022-09-23,74000,250100
987,2010-01-14,2012-11-27,115000,137500
987,2012-11-27,2018-05-04,137500,165000
992,2004-03-26,2014-03-05,236500,220000
993,2004-01-20,2015-06-26,135000,158500
993,2015-06-26,2015-06-26,158500,155000
993,2015-06-26,2018-12-07,155000,185000
993,2018-12-07,2020-02-07,185000,198000
993,2020-02-07,2024-08-15,198000,262500
994,2004-02-27,2011-08-22,147000,200000
994,2011-08-22,2015-05-29,200000,226000
995,2004-02-26,2005-12-09,168000,170000
995,2005-12-09,2006-07-21,170000,170000
995,2006-07-21,2018-12-14,170000,215000
1000,2004-11-12,2018-09-20,203300,241000
1003,2005-03-23,2006-04-28,190000,205000
1003,2006-04-28,2016-04-08,205000,227000
1004,2004-08-27,2017-04-07,211000,240000
1004,2017-04-07,2021-07-19,240000,276000
1006,2004-05-28,2012-05-25,193752,165000
1006,2012-05-25,2015-12-18,165000,210000
1007,2005-09-23,2007-04-05,206500,185000
1007,2007-04-05,2014-05-30,185000,210000
1007,2014-05-30,2014-09-26,210000,193000
1007,2014-09-26,2018-02-23,193000,225000
1010,2004-06-30,2015-12-18,171000,169000
1010,2015-12-18,2018-12-19,169000,242000
1011,2005-07-22,2009-11-27,190000,166000
1012,2004-06-25,2016-04-25,185390,185100
1013,2005-08-19,2012-01-31,199950,173000
1013,2012-01-31,2018-04-13,173000,237000
1014,2005-08-26,2014-08-15,225000,233000
1017,2005-09-30,2017-06-20,239950,270000
1017,2017-06-20,2019-07-05,270000,307000
1018,2006-09-22,2022-06-30,232000,345000
1019,2005-06-14,2024-12-06,173500,265000
1020,2006-04-28,2022-11-30,235000,427500
1021,2005-07-15,2012-05-25,173500,167500
1021,2012-05-25,2022-02-04,167500,257500
1022,2006-04-28,2019-09-27,269950,266000
1023,2005-10-28,2016-03-21,201950,209000
1024,2006-07-28,2019-12-20,249950,290000
1026,2005-12-16,2018-09-04,250000,288000
1027,2005-11-11,2012-08-24,201950,177500
1027,2012-08-24,2016-02-01,177500,202000
1027,2016-02-01,2018-02-28,202000,240000
1027,2018-02-28,2020-02-21,240000,260000
1029,2007-06-28,2012-10-11,67500,117000
1030,2007-06-26,2018-10-26,70000,95000
1031,2003-07-11,2007-03-30,59000,85000
1031,2007-03-30,2019-04-12,85000,112000
1032,2007-06-29,2017-04-10,70000,90000
1033,2015-03-25,2022-03-18,77000,205000
1037,1998-11-25,2002-10-15,17000,77000
1039,1999-09-24,2001-07-06,19000,43950
1039,2001-07-06,2005-02-25,43950,77250
1040,2004-02-02,2009-11-26,45000,96000
1040,2009-11-26,2014-03-28,96000,120000
1041,2010-01-15,2011-04-15,105000,106000
1042,2001-01-19,2002-06-21,53000,78000
1044,2005-08-01,2014-08-26,65000,69000
1047,2003-07-14,2011-11-01,35000,100000
1050,2000-05-02,2004-09-24,29995,67000
1050,2004-09-24,2006-12-07,67000,85000
1050,2006-12-07,2017-07-04,85000,110000
1051,2016-03-04,2022-03-04,130000,195000
1052,2017-12-13,2023-01-20,175000,330000
1053,1995-09-29,1995-12-18,36000,34000
1053,1995-12-18,1998-07-31,34000,42000
1053,1998-07-31,1999-06-07,42000,45500
1053,1999-06-07,2007-10-17,45500,120000
1058,2005-07-05,2008-11-27,107000,125000
1060,2015-06-25,2016-01-29,122000,155000
1061,1999-09-17,2018-08-29,42500,195000
1062,1997-07-31,2001-02-07,69950,96500
1064,1995-10-23,2001-09-14,59995,96000
1064,2001-09-14,2011-10-07,96000,179950
1064,2011-10-07,2019-07-26,179950,247000
1064,2019-07-26,2025-10-02,247000,330000
1065,2002-05-03,2023-01-13,112950,247500
1066,2002-09-24,2020-02-14,124000,216500
1069,1995-08-31,1999-12-03,49500,59995
1069,1999-12-03,2018-11-28,59995,173000
1070,2010-08-16,2020-08-28,130000,185000
1071,2002-03-22,2003-04-11,77000,113500
1071,2003-04-11,2008-04-18,113500,147000
1071,2008-04-18,2021-03-26,147000,193000
1071,2021-03-26,2025-10-03,193000,221000
1073,2000-05-26,2004-01-20,64000,120000
1073,2004-01-20,2013-08-14,120000,138000
1075,2001-03-12,2003-10-10,85000,135000
1076,2003-03-28,2023-07-28,96000,170000
1079,1999-12-01,2010-07-30,27000,90000
1079,2010-07-30,2019-08-02,90000,144000
1079,2019-08-02,2023-08-25,144000,167000
1080,2006-01-20,2011-10-10,109000,120000
1080,2011-10-10,2021-10-18,120000,176250
1081,2005-10-28,2021-09-10,103500,160000
1083,2002-11-15,2019-08-30,94000,145000
1085,1996-08-30,2004-04-13,40000,102000
1085,2004-04-13,2006-12-11,102000,125000
1086,2002-08-30,2004-10-27,79950,110000
1086,2004-10-27,2013-10-18,110000,96000
1087,2002-01-30,2005-11-21,73250,120000
1087,2005-11-21,2016-12-16,120000,143000
1088,2000-01-07,2006-02-24,54000,113500
1088,2006-02-24,2013-01-07,113500,95000
1090,1998-02-02,2013-11-14,46950,102000
1090,2013-11-14,2019-08-20,102000,133000
1095,1997-05-30,2010-11-17,59995,156500
1097,1996-09-27,1999-09-29,57500,72000
1097,1999-09-29,2016-12-20,72000,186000
1098,1998-11-27,1999-06-11,75000,70000
1098,1999-06-11,2012-08-31,70000,170000
1099,2003-01-07,2004-12-10,122500,143000
1099,2004-12-10,2015-03-16,143000,170000
1100,2006-10-25,2016-09-16,168000,192500
1102,1997-03-21,2000-04-07,58000,90000
1102,2000-04-07,2007-06-04,90000,178000
1102,2007-06-04,2015-12-10,178000,187000
1103,1997-07-15,2006-12-01,49000,157000
1103,2006-12-01,2022-03-24,157000,177000
1104,1996-04-04,2004-05-21,58000,160000
1104,2004-05-21,2022-05-20,160000,113355
1106,1997-06-20,2004-07-09,50000,130000
1106,2004-07-09,2008-01-11,130000,154000
1106,2008-01-11,2015-01-30,154000,160000
1107,1997-10-31,2001-03-23,64000,94500
1107,2001-03-23,2018-08-16,94500,230750
1109,1995-11-24,1998-12-21,67000,73000
1109,1998-12-21,2006-04-07,73000,173000
1109,2006-04-07,2010-08-25,173000,177000
1109,2010-08-25,2015-12-01,177000,215000
1110,1999-03-12,2000-03-03,58700,67000
1110,2000-03-03,2000-11-30,67000,67000
1110,2000-11-30,2009-12-04,67000,128000
1110,2009-12-04,2014-03-17,128000,152000
1110,2014-03-17,2020-03-06,152000,235000
1111,2000-04-25,2005-06-09,85000,158000
1112,1999-04-30,2007-01-12,56500,148000
1112,2007-01-12,2016-12-16,148000,161500
1112,2016-12-16,2020-08-21,161500,180000
1114,2001-11-23,2020-02-07,78000,173000
1115,1996-06-14,2000-07-28,50000,75000
1115,2000-07-28,2006-09-01,75000,148500
1115,2006-09-01,2022-10-03,148500,205000
1116,1999-04-30,2005-05-13,58500,132500
1116,2005-05-13,2015-06-08,132500,155000
1116,2015-06-08,2020-03-18,155000,180000
1117,1999-12-22,2008-10-31,66000,135000
1118,2014-05-16,2020-01-10,146000,180000
1119,1997-03-11,1999-11-19,46000,59995
1119,1999-11-19,2019-09-10,59995,182500
1120,2001-09-14,2004-12-03,78750,133000
1120,2004-12-03,2015-10-23,133000,158000
1122,2009-05-29,2015-10-16,135000,170000
1123,2015-08-07,2020-06-08,117500,197000
1124,2001-08-01,2012-01-27,65000,125250
1124,2012-01-27,2018-02-01,125250,180000
1125,2008-01-11,2013-09-12,125000,120000
1125,2013-09-12,2015-06-11,120000,130200
1126,2003-12-18,2004-06-11,85000,123000
1126,2004-06-11,2009-09-02,123000,115000
1126,2009-09-02,2014-03-21,115000,135500
1126,2014-03-21,2018-07-13,135500,181000
1127,1999-02-26,2011-08-19,44000,129000
1127,2011-08-19,2018-05-21,129000,170000
1128,2005-11-25,2016-03-07,120000,144000
1129,2010-09-30,2020-09-11,159000,240000
1129,2020-09-11,2022-02-18,240000,265000
1129,2022-02-18,2026-02-26,265000,270000
1131,2010-06-18,2023-01-27,146000,263000
1133,2003-12-03,2012-05-08,130000,154000
1133,2012-05-08,2020-04-22,154000,210000
1134,1995-01-13,2000-06-02,48500,85000
1134,2000-06-02,2015-03-06,85000,172000
1135,2010-12-06,2017-04-11,550000,205000
1136,2001-12-17,2006-08-18,89000,144000
1136,2006-08-18,2020-02-28,144000,245000
1137,1998-05-22,2017-01-09,58500,208500
1138,1997-06-27,2003-04-15,55000,116000
1140,2002-08-09,2016-06-20,117500,195000
1140,2016-06-20,2020-11-20,195000,220000
1142,2010-11-10,2021-05-13,151000,232000
1143,1999-06-04,2012-06-11,74500,168500
1143,2012-06-11,2019-07-12,168500,217000
1144,2005-04-08,2013-03-19,147000,155000
1144,2013-03-19,2021-10-22,155000,257000
1147,1996-07-05,2012-06-08,50000,155000
1147,2012-06-08,2017-07-14,155000,193000
1148,2000-10-20,2007-08-29,84000,165500
1148,2007-08-29,2011-01-28,165500,160000
1149,1998-06-26,2001-06-11,65000,88500
1149,2001-06-11,2012-03-16,88500,145000
1150,1998-05-22,2014-07-04,66000,156600
1151,1996-07-11,2007-07-18,55500,169995
1151,2007-07-18,2015-05-01,169995,177000
1152,1998-04-30,2002-08-16,72500,127000
1152,2002-08-16,2017-12-15,127000,207500
1155,1995-05-31,1996-04-02,39500,42200
1155,1996-04-02,1998-09-18,42200,54500
1155,1998-09-18,1999-03-19,54500,57750
1155,1999-03-19,2001-11-09,57750,70000
1155,2001-11-09,2022-01-12,70000,210000
1156,1997-01-31,2002-12-12,58500,124000
1156,2002-12-12,2005-03-09,124000,154000
1157,2014-06-10,2019-08-02,145000,224500
1157,2019-08-02,2024-07-04,224500,290000
1158,2002-05-24,2007-06-29,86000,155000
1160,1999-10-05,2011-06-20,66000,165000
1160,2011-06-20,2018-11-28,165000,222000
1160,2018-11-28,2025-06-20,222000,305000
1161,2004-04-30,2015-06-08,144950,180000
1161,2015-06-08,2019-09-02,180000,230000
1164,1999-09-27,2002-09-30,68500,121500
1164,2002-09-30,2014-06-13,121500,161000
1164,2014-06-13,2022-12-20,161000,265000
1166,2001-06-22,2003-03-28,87500,100000
1168,2001-12-20,2006-09-08,87500,145000
1172,2006-05-12,2022-06-30,137000,230000
1175,1997-05-30,1999-11-05,47950,64000
1176,2003-01-31,2003-12-17,108000,119950
1177,2007-06-29,2011-12-15,125000,160000
1178,2000-12-22,2009-06-09,44000,66500
1179,2017-04-21,2023-02-23,170000,273000
1180,2003-05-02,2024-06-05,115000,250000
1181,1997-05-15,2001-09-21,44750,80000
1181,2001-09-21,2004-08-27,80000,127000
1184,1995-08-25,2002-05-24,31500,76000
1184,2002-05-24,2007-08-20,76000,120000
1184,2007-08-20,2024-06-07,120000,129000
1185,1996-09-16,2006-09-21,107500,210000
1185,2006-09-21,2021-09-17,210000,258002
1187,2000-03-03,2002-11-29,73000,115000
1196,2005-08-04,2017-01-27,158500,192500
1198,2006-05-26,2010-04-30,155000,159950
1199,1999-12-21,2004-06-25,79950,156500
1201,1995-12-15,1998-07-03,51500,60000
1201,1998-07-03,2009-07-31,60000,135000
1201,2009-07-31,2014-12-19,135000,175000
1201,2014-12-19,2021-03-11,175000,225000
1202,2006-12-18,2008-04-07,156000,163000
1202,2008-04-07,2017-04-07,163000,185000
1203,2002-04-26,2005-06-24,85500,144000
1203,2005-06-24,2009-08-14,144000,164950
1203,2009-08-14,2025-01-29,164950,285000
1205,1996-08-08,1999-09-24,39000,109950
1206,2000-09-15,2001-12-14,128000,138500
1206,2001-12-14,2016-04-15,138500,245000
1206,2016-04-15,2025-10-10,245000,375000
1207,1999-12-08,2017-10-06,120000,245000
1207,2017-10-06,2023-09-28,245000,340000
1208,1997-01-17,2000-05-26,80000,133000
1212,2013-05-31,2016-07-21,65000,80000
1213,1998-11-06,2026-02-12,66500,285000
1216,2013-10-18,2016-09-05,144000,199950
1217,2003-08-15,2014-12-12,144500,175000
1217,2014-12-12,2021-07-23,175000,274000
1218,2002-11-15,2005-06-17,135000,157000
1218,2005-06-17,2009-01-21,157000,165000
1218,2009-01-21,2015-12-11,165000,206050
1220,2013-05-22,2025-12-19,153000,290000
1221,2007-06-15,2015-09-11,166000,197000
1223,1996-10-23,2008-02-08,57500,188500
1227,2016-03-16,2025-12-11,164000,257500
1229,2004-05-28,2010-05-28,157500,160000
1230,2002-06-28,2015-06-19,120000,176500
1231,2006-05-25,2011-12-06,161500,172000
1233,2004-03-29,2021-04-21,150000,250000
1233,2021-04-21,2024-11-21,250000,309500
1236,2013-11-22,2016-10-14,146500,200000
1237,2015-08-07,2022-09-01,155000,235000
1238,2012-05-31,2015-06-05,128500,172500
1242,1996-08-23,2025-02-13,49950,272000
1244,2003-09-12,2020-05-06,115000,210000
1245,1997-02-07,2000-12-01,56500,76000
1245,2000-12-01,2005-10-28,76000,140000
1245,2005-10-28,2014-04-11,140000,165000
1245,2014-04-11,2022-07-08,165000,293000
1248,2006-11-24,2021-04-01,145000,193000
1248,2021-04-01,2023-08-18,193000,277500
1249,2007-10-10,2025-02-07,148500,280000
1252,1997-07-31,2003-01-10,54250,119000
1253,1997-02-28,2000-06-16,56000,89500
1253,2000-06-16,2003-03-21,89500,157000
1253,2003-03-21,2015-04-28,157000,160000
1254,1995-12-21,2002-08-13,54000,119950
1254,2002-08-13,2017-07-31,119950,219995
1255,1995-08-18,1999-04-23,38000,77950
1255,1999-04-23,2014-05-09,77950,178000
1258,1996-10-18,2017-03-10,59999,197000
1260,1996-08-16,1996-08-30,57500,58500
1260,1996-08-30,2011-04-28,58500,168000
1260,2011-04-28,2020-10-12,168000,265000
1261,1999-09-10,2004-12-21,88000,180000
1261,2004-12-21,2014-02-14,180000,165000
1263,2006-02-27,2014-06-06,154000,171000
1263,2014-06-06,2023-07-28,171000,285000
1264,1995-07-07,1996-06-14,53000,50000
1264,1996-06-14,2005-12-02,50000,141500
1264,2005-12-02,2016-03-11,141500,179950
1264,2016-03-11,2021-09-03,179950,250000
1270,2016-10-14,2022-05-27,155000,236500
1270,2022-05-27,2023-05-03,236500,200000
1270,2023-05-03,2023-08-09,200000,227000
1271,1999-06-25,2011-09-30,73000,174000
1272,2001-07-25,2005-06-10,92000,165000
1273,1998-12-18,2006-09-20,66000,160000
1274,1995-03-31,1995-08-04,57500,54000
1274,1995-08-04,1999-04-30,54000,68500
1275,2010-06-15,2015-01-30,159950,165000
1275,2015-01-30,2016-12-22,165000,205500
1278,1999-03-02,2004-08-26,45380,143000
1278,2004-08-26,2006-10-20,143000,159500
1279,2005-11-25,2019-06-26,170000,207000
1280,1999-11-26,2013-11-01,77000,162000
1281,1996-05-03,2004-03-04,55000,150000
1281,2004-03-04,2024-06-07,150000,245000
1283,1999-10-01,2022-04-20,70000,266000
1284,2009-10-23,2017-10-16,169000,245000
1286,2000-10-27,2003-05-30,85000,124000
1287,2010-12-08,2017-07-28,116500,181000
1288,2003-09-11,2005-09-23,118000,129000
1288,2005-09-23,2009-10-30,129000,120000
1288,2009-10-30,2016-05-18,120000,142500
1289,1998-07-15,2024-05-03,53000,215000
1291,2006-01-23,2024-06-07,142000,235000
1294,2004-06-30,2006-07-13,133000,142000
1295,1997-08-01,2000-11-30,47500,67000
1295,2000-11-30,2006-02-15,67000,128000
1295,2006-02-15,2008-08-21,128000,125000
1295,2008-08-21,2008-09-19,125000,117500
1295,2008-09-19,2023-05-19,117500,205000
1296,2005-12-01,2007-03-28,125000,147000
1296,2007-03-28,2017-03-31,147000,180000
1296,2017-03-31,2021-10-29,180000,202500
1298,1999-04-22,2005-09-20,56750,138000
1299,2018-04-16,2019-08-02,145000,183000
1300,2000-08-04,2003-06-13,62000,107000
1300,2003-06-13,2007-04-05,107000,153000
1300,2007-04-05,2022-11-22,153000,222000
1303,1996-08-09,2001-09-14,36000,69500
1305,2001-09-07,2006-11-24,71000,142500
1306,1995-09-21,1996-02-21,44800,42000
1306,1996-02-21,1996-02-21,42000,21000
1306,1996-02-21,2003-12-15,21000,59995
1306,2003-12-15,2012-02-17,59995,65000
1306,2012-02-17,2025-02-21,65000,122500
1309,1995-09-29,2008-08-08,44500,110500
1309,2008-08-08,2010-11-12,110500,124000
1309,2010-11-12,2016-07-06,124000,160000
1313,2005-01-17,2026-03-05,155000,267000
1314,2007-06-15,2025-12-05,150000,277700
1316,2017-04-28,2021-10-01,189950,235000
1324,1996-12-10,2007-04-17,47000,157000
1324,2007-04-17,2013-05-10,157000,154950
1328,2000-12-20,2002-07-19,101000,169950
1328,2002-07-19,2018-02-23,169950,220000
1328,2018-02-23,2023-09-19,220000,330000
1329,1995-04-26,1997-05-30,62500,65000
1329,1997-05-30,2006-06-30,65000,175000
1330,2004-08-19,2013-04-23,149950,165000
1330,2013-04-23,2017-05-31,165000,210000
1332,1995-12-01,2014-06-13,41000,128500
1332,2014-06-13,2016-06-03,128500,150000
1334,1998-06-26,2000-05-26,47500,65500
1334,2000-05-26,2004-01-16,65500,122500
1335,1999-03-24,2002-05-17,57000,90000
1336,1999-11-18,2023-12-21,59950,245000
1336,2023-12-21,2024-10-17,245000,210000
1340,1997-10-10,2002-06-14,59000,117500
1341,2018-01-05,2025-02-05,182000,293500
1342,1999-01-15,2000-04-15,67000,74995
1342,2000-04-15,2006-02-10,74995,154995
1342,2006-02-10,2010-05-07,154995,205000
1343,2006-07-26,2021-01-15,156000,237000
1344,2022-07-22,2024-05-31,325000,290000
1348,1999-01-04,2009-05-01,56000,128500
1353,1995-12-18,2019-07-26,49500,170000
1353,2019-07-26,2024-01-31,170000,270000
1355,2014-02-10,2018-03-23,123500,182000
1356,2002-03-21,2009-07-24,75000,138000
1357,1997-04-30,2025-07-31,21120,176000
1358,1995-04-10,1999-08-18,45500,53000
1358,1999-08-18,2005-07-01,53000,125000
1361,2000-07-28,2002-02-01,101000,112000
1363,2003-06-26,2005-04-01,140000,163000
1366,2006-04-07,2021-11-12,155000,350000
1369,1995-05-05,2003-09-12,54500,133000
1369,2003-09-12,2004-09-30,133000,154950
1370,1997-06-20,2000-04-28,57000,84000
1370,2000-04-28,2001-07-20,84000,99950
1370,2001-07-20,2017-09-28,99950,200000
1370,2017-09-28,2019-05-23,200000,220000
1371,1995-08-29,2002-07-03,53000,112000
1372,2009-10-29,2022-11-09,128000,275000
1373,1996-09-12,2021-07-06,48500,210000
1374,1995-02-09,2014-12-11,49500,120000
1374,2014-12-11,2016-08-30,120000,186500
1375,1996-11-08,2003-10-10,71950,167500
1375,2003-10-10,2010-07-30,167500,237000
1375,2010-07-30,2022-12-14,237000,380000
1376,1999-03-25,2002-05-17,92000,151000
1376,2002-05-17,2012-11-05,151000,218000
1379,1995-08-21,1995-08-21,62000,62000
1379,1995-08-21,2006-11-24,62000,176500
1380,2001-07-04,2005-05-18,89000,148000
1380,2005-05-18,2010-11-25,148000,154000
1380,2010-11-25,2015-12-15,154000,210000
1380,2015-12-15,2025-03-07,210000,310000
1381,1995-05-15,2001-12-14,57000,99950
1381,2001-12-14,2017-12-05,99950,207500
1383,1996-03-22,2009-12-07,50000,152000
1388,2017-03-22,2020-10-30,212000,265000
1389,2012-07-09,2025-07-24,185000,355000
1390,2006-09-29,2016-01-15,165000,175000
1393,2012-09-10,2017-03-20,162000,213500
1394,1996-03-29,2025-05-01,60000,410000
1398,1996-12-20,1999-04-01,50000,60000
1399,2013-11-29,2024-10-24,165000,310000
1403,2019-03-01,2021-04-09,175500,259000
1408,2004-04-08,2005-10-28,199995,210000
1409,2004-01-16,2014-08-15,191950,225000
1409,2014-08-15,2018-10-22,225000,280000
1410,2004-02-27,2005-07-29,230750,247500
1411,2003-12-23,2017-09-15,213500,295000
1412,2004-01-16,2012-08-14,231500,240000
1412,2012-08-14,2020-10-30,240000,320000
1416,1995-06-09,1998-08-28,56750,69500
1416,1998-08-28,2004-05-13,69500,155500
1416,2004-05-13,2013-03-26,155500,156000
1417,1999-06-08,2013-03-08,69995,141950
1417,2013-03-08,2024-12-20,141950,275000
1418,1999-03-29,2025-07-29,72000,310000
1420,1995-10-26,1998-06-26,57000,71500
1421,2000-10-06,2002-04-24,85000,96595
1426,2009-08-03,2016-08-11,148000,198000
1426,2016-08-11,2020-01-06,198000,248500
1428,1997-06-27,1999-08-04,53000,70500
1428,1999-08-04,2022-01-19,70500,298500
1429,2019-08-29,2022-02-07,205000,286051
1435,1997-04-30,2011-11-22,59950,144000
1435,2011-11-22,2020-11-20,144000,247000
1437,2005-10-05,2007-08-03,130000,153000
1440,2020-08-14,2024-07-22,205000,270000
1447,2022-06-07,2024-08-30,325000,340000
1449,2019-09-06,2026-02-26,260000,357000
1451,2009-10-09,2010-07-19,135000,183000
1452,2000-12-15,2006-12-12,90000,168000
1452,2006-12-12,2018-04-13,168000,262500
1455,2000-04-14,2004-12-10,74000,160000
1456,2001-06-22,2004-08-06,75000,156000
1456,2004-08-06,2013-11-18,156000,148000
1456,2013-11-18,2016-07-15,148000,235000
1456,2016-07-15,2022-01-14,235000,255000
1456,2022-01-14,2025-02-28,255000,320000
1460,2010-04-30,2018-08-31,162000,215000
1461,2000-05-26,2006-07-04,95000,190000
1462,1995-11-09,1997-07-04,58000,60000
1462,1997-07-04,2002-03-05,60000,89500
1462,2002-03-05,2006-09-15,89500,172250
1463,2001-11-08,2016-06-01,84000,187000
1463,2016-06-01,2025-11-25,187000,325000
1469,1999-07-19,2008-07-04,66950,162000
1469,2008-07-04,2014-12-04,162000,169000
1471,1996-03-12,2014-02-07,57000,155000
1472,1998-05-15,2008-11-28,57000,140000
1472,2008-11-28,2019-08-30,140000,220000
1472,2019-08-30,2023-12-18,220000,255000
1474,2006-10-06,2013-11-01,140000,146000
1474,2013-11-01,2022-11-14,146000,250000
1487,2006-11-17,2007-11-02,172000,178000
1487,2007-11-02,2021-10-11,178000,245000
1490,2012-08-17,2025-01-30,155000,252500
1495,2007-05-18,2015-06-08,148000,168500
1495,2015-06-08,2025-05-01,168500,235500
1496,2008-05-30,2016-06-10,177950,235000
1496,2016-06-10,2018-10-19,235000,242500
1496,2018-10-19,2025-01-16,242500,308500
1498,2004-12-03,2016-05-27,167500,228500
1498,2016-05-27,2018-03-02,228500,237000
1500,1999-09-03,2015-10-05,97500,237000
1503,2002-07-12,2007-08-13,106000,179950
1503,2007-08-13,2010-07-14,179950,173250
1504,1997-12-01,2002-07-26,50000,75100
1504,2002-07-26,2007-05-04,75100,185000
1506,1998-04-03,2005-06-07,52000,148000
1507,1995-08-14,2019-04-12,60000,220000
1508,1999-07-01,2002-01-07,67000,95500
1508,2002-01-07,2012-12-14,95500,145000
1508,2012-12-14,2015-05-05,145000,177000
1510,1995-02-24,2013-06-21,57500,151000
1512,1995-11-09,2025-08-28,65500,298300
1515,1999-02-21,2017-07-04,87500,210000
1518,2002-05-17,2004-06-30,95000,115000
1518,2004-06-30,2021-10-15,115000,225000
1519,2001-12-14,2016-11-04,82000,173000
1520,2000-06-19,2016-11-30,75500,170000
1522,2001-10-23,2005-01-13,94950,122000
1523,2013-10-30,2017-04-21,141500,179000
1525,1999-12-22,2003-03-18,66000,107000
1525,2003-03-18,2006-05-12,107000,124500
1526,2001-04-05,2003-12-19,76000,112000
1526,2003-12-19,2013-07-12,112000,127500
1526,2013-07-12,2016-07-15,127500,175000
1526,2016-07-15,2021-02-26,175000,185000
1527,1999-11-19,2001-06-20,59950,77000
1527,2001-06-20,2010-06-11,77000,130000
1527,2010-06-11,2011-07-28,130000,136000
1527,2011-07-28,2016-03-11,136000,180000
1528,2001-03-30,2003-01-24,80000,108000
1528,2003-01-24,2004-06-11,108000,125500
1528,2004-06-11,2006-08-25,125500,127000
1528,2006-08-25,2013-10-14,127000,141000
1529,1997-10-31,2013-06-07,44250,121000
1530,1999-09-03,2005-04-22,60000,127000
1530,2005-04-22,2012-10-12,127000,140000
1531,1997-07-23,2003-08-28,51500,112500
1531,2003-08-28,2013-08-05,112500,120000
1531,2013-08-05,2014-01-29,120000,144000
1531,2014-01-29,2022-04-27,144000,230000
1532,1997-12-19,2021-06-24,42500,189500
1534,1995-04-28,1996-07-25,50000,49250
1534,1996-07-25,2006-01-13,49250,123500
1536,1999-09-21,2014-01-15,59950,139000
1536,2014-01-15,2015-11-30,139000,139500
1538,1998-11-24,2001-07-06,75500,91000
1539,2012-05-18,2020-10-15,136000,281000
1540,2003-10-17,2018-04-27,142500,251000
1543,2001-11-30,2009-10-30,89950,149995
1543,2009-10-30,2010-10-15,149995,150000
1544,2000-10-27,2004-07-21,75000,133000
1544,2004-07-21,2014-09-26,133000,151000
1545,2000-04-17,2016-01-22,36000,100000
1545,2016-01-22,2016-08-26,100000,200000
1546,1997-06-06,2016-03-04,52950,175000
1547,1997-08-15,2001-06-08,55000,79950
1547,2001-06-08,2004-03-15,79950,125000
1547,2004-03-15,2007-03-23,125000,164950
1550,2005-06-07,2016-12-13,135000,162500
1550,2016-12-13,2024-10-31,162500,225000
1551,1995-03-24,2009-09-25,55000,157000
1551,2009-09-25,2013-02-01,157000,166500
1553,1996-12-06,2007-12-07,47500,150000
1553,2007-12-07,2008-10-29,150000,117500
1553,2008-10-29,2011-08-11,117500,135000
1555,1995-08-18,2006-06-16,42000,140000
1555,2006-06-16,2016-11-07,140000,155000
1556,2002-01-04,2013-10-18,88000,138000
1556,2013-10-18,2019-10-11,138000,195000
1556,2019-10-11,2024-01-08,195000,260000
1557,1999-12-17,2014-03-03,71500,126500
1557,2014-03-03,2024-09-12,126500,300000
1559,1997-02-14,1999-07-16,50500,62000
1560,1998-08-14,2022-07-27,60000,245000
1561,1995-03-10,1995-08-25,50000,45000
1562,2017-06-30,2025-08-15,161000,303000
1563,2004-02-26,2022-08-05,132500,291500
1564,2002-10-04,2014-09-22,117500,169995
1564,2014-09-22,2021-05-07,169995,207000
1565,1996-07-31,2004-02-06,44500,126500
1565,2004-02-06,2005-01-21,126500,131000
1565,2005-01-21,2012-06-12,131000,149000
1566,2006-09-15,2010-06-25,157000,159950
1566,2010-06-25,2026-02-06,159950,260000
1568,2000-09-15,2002-05-02,78950,87000
1568,2002-05-02,2006-10-27,87000,142950
1568,2006-10-27,2015-06-12,142950,170000
1571,1995-05-05,1998-11-27,48500,58000
1572,1995-09-22,2000-08-16,46000,81500
1572,2000-08-16,2003-04-01,81500,122000
1572,2003-04-01,2012-01-30,122000,137000
1573,2001-07-06,2013-07-05,84500,154000
1574,1997-09-19,2000-10-30,61500,90000
1574,2000-10-30,2009-04-30,90000,145000
1574,2009-04-30,2015-07-15,145000,218500
1584,2009-06-26,2015-05-13,136000,199950
1590,2000-08-09,2014-07-18,86500,205000
1593,1997-11-20,2009-10-23,66995,160000
1594,1997-08-21,2025-03-18,62000,283000
1595,2003-05-29,2004-02-13,117500,154950
1597,2008-05-23,2012-12-03,165000,145000
1598,2005-09-30,2022-06-17,164995,352000
1601,1999-09-10,2006-11-24,69950,174000
1601,2006-11-24,2020-09-30,174000,252500
1601,2020-09-30,2024-08-27,252500,297000
1603,2021-03-17,2021-08-24,190000,275000
1603,2021-08-24,2025-10-23,275000,300000
1604,2011-11-29,2016-02-19,157000,193000
1605,1997-08-27,2019-05-24,57000,205000
1608,2003-12-19,2005-04-29,121000,150000
1608,2005-04-29,2008-07-11,150000,168000
1610,2016-07-29,2023-10-17,240000,380000
1611,2000-01-21,2003-09-19,71500,137000
1611,2003-09-19,2007-08-10,137000,180000
1613,2000-09-04,2025-03-31,84500,270000
1614,1999-04-30,1999-10-29,64000,77500
1614,1999-10-29,2003-12-12,77500,132500
1614,2003-12-12,2006-11-17,132500,166500
1614,2006-11-17,2017-04-28,166500,233000
1618,2007-05-25,2015-04-29,157000,177500
1622,1998-12-18,2021-03-26,64000,269950
1624,1996-12-20,1998-06-12,51000,64000
1624,1998-06-12,1999-12-20,64000,72000
1624,1999-12-20,2008-09-17,72000,140000
1626,1999-08-27,2003-05-09,69950,128000
1626,2003-05-09,2011-02-02,128000,186000
1627,2004-01-29,2008-04-25,137500,167500
1627,2008-04-25,2015-06-30,167500,173000
1628,2000-05-05,2002-10-31,80000,139950
1628,2002-10-31,2004-09-24,139950,149950
1628,2004-09-24,2006-03-24,149950,159950
1628,2006-03-24,2011-05-27,159950,168000
1629,1996-04-19,2006-05-11,56000,175000
1630,2014-07-04,2022-10-27,190000,346000
1632,1997-08-22,2001-08-24,66500,115500
1632,2001-08-24,2004-03-24,115500,165000
1635,2013-04-22,2018-10-05,175000,235000
1636,2003-01-10,2004-10-15,110000,146000
1636,2004-10-15,2006-06-07,146000,151000
1636,2006-06-07,2014-07-09,151000,181000
1636,2014-07-09,2019-07-31,181000,215000
1636,2019-07-31,2019-08-02,215000,206000
1637,1995-11-24,1996-10-25,57500,59950
1637,1996-10-25,2005-12-22,59950,164950
1639,1996-07-26,2020-02-07,58500,227000
1639,2020-02-07,2025-01-22,227000,302000
1640,1996-11-29,2000-02-16,62000,77500
1640,2000-02-16,2014-10-17,77500,199950
1640,2014-10-17,2021-11-19,199950,270000
1641,2007-10-09,2013-06-26,183000,220000
1641,2013-06-26,2017-02-03,220000,260000
1641,2017-02-03,2022-11-17,260000,375000
1644,1996-10-23,1999-09-28,52000,70000
1644,1999-09-28,2003-09-22,70000,133000
1644,2003-09-22,2004-12-03,133000,143000
1647,1997-07-17,2001-09-07,59000,97000
1650,1998-06-26,2015-04-08,64950,162500
1650,2015-04-08,2024-07-19,162500,272000
1651,1999-06-25,2004-05-28,68000,149950
1651,2004-05-28,2016-03-18,149950,200000
1651,2016-03-18,2021-01-25,200000,227500
1654,1999-11-05,2010-12-17,77000,122000
1657,1999-11-19,2021-06-18,82500,307000
1658,1999-08-31,2011-10-14,72950,170000
1658,2011-10-14,2022-07-27,170000,295000
1659,1999-07-30,2003-12-08,88000,157000
1659,2003-12-08,2016-08-16,157000,230000
1660,2004-01-21,2015-07-29,144000,179000
1661,2002-05-28,2008-07-24,109950,158000
1661,2008-07-24,2010-12-17,158000,170000
1663,1995-06-16,2020-10-26,59995,280000
1663,2020-10-26,2024-11-19,280000,326500
1664,2006-07-14,2014-02-28,160000,160750
1665,1995-07-07,1998-11-27,52000,67000
1665,1998-11-27,2016-03-23,67000,195000
1666,2013-01-29,2014-12-16,135000,172000
1666,2014-12-16,2021-06-25,172000,245000
1666,2021-06-25,2025-12-19,245000,280000
1667,2020-03-06,2023-12-15,210000,275000
1668,1996-08-07,2006-03-17,51000,150000
1668,2006-03-17,2009-06-26,150000,145000
1668,2009-06-26,2015-07-20,145000,190000
1668,2015-07-20,2018-12-20,190000,215000
1669,1997-08-18,2024-10-28,55995,265000
1670,2000-09-04,2003-08-01,76000,118000
1670,2003-08-01,2009-12-17,118000,158000
1671,2017-06-30,2018-02-01,216000,208000
1671,2018-02-01,2025-07-16,208000,287000
1674,2013-10-18,2016-11-18,149950,219000
1674,2016-11-18,2024-06-21,219000,310000
1676,1997-03-25,1999-12-14,50000,76400
1676,1999-12-14,2004-01-23,76400,125000
1676,2004-01-23,2005-01-28,125000,136000
1676,2005-01-28,2017-11-10,136000,177000
1680,1995-03-31,2015-07-24,55000,255000
1680,2015-07-24,2021-08-20,255000,296000
1681,2013-08-19,2018-01-12,171000,235000
1681,2018-01-12,2023-02-09,235000,315000
1685,2002-03-21,2015-06-26,94000,199950
1687,1996-10-18,2006-07-14,54000,159500
1688,1997-07-31,2002-09-20,59000,125000
1688,2002-09-20,2006-07-14,125000,156000
1690,2007-02-15,2013-06-21,160500,166500
1690,2013-06-21,2014-04-22,166500,174000
1690,2014-04-22,2018-01-03,174000,217500
1690,2018-01-03,2020-12-09,217500,235000
1691,1996-10-29,2006-03-31,56000,158000
1691,2006-03-31,2010-09-03,158000,165000
1694,1997-08-29,1999-05-28,79950,77500
1694,1999-05-28,2011-04-20,77500,150000
1695,2007-07-03,2010-09-29,175000,172500
1695,2010-09-29,2013-12-12,172500,170000
1697,2000-04-28,2004-03-05,90000,162500
1697,2004-03-05,2006-05-12,162500,169995
1697,2006-05-12,2016-09-30,169995,220000
1700,2002-07-31,2007-06-27,90000,141500
1700,2007-06-27,2014-05-09,141500,140000
1700,2014-05-09,2018-10-08,140000,166000
1701,2001-08-31,2003-09-18,66950,97500
1701,2003-09-18,2006-08-01,97500,126000
1701,2006-08-01,2013-05-01,126000,129950
1701,2013-05-01,2021-05-07,129950,182000
1702,2004-03-24,2007-07-05,112000,149950
1702,2007-07-05,2014-08-15,149950,140000
1704,1995-03-22,1999-03-31,38000,48000
1704,1999-03-31,2000-10-27,48000,59500
1705,2013-08-05,2018-02-22,130000,163000
1706,2000-02-03,2002-08-30,66000,90000
1706,2002-08-30,2003-06-06,90000,99500
1706,2003-06-06,2011-07-22,99500,129000
1707,1996-03-26,2002-08-30,44500,91500
1707,2002-08-30,2003-09-12,91500,103000
1707,2003-09-12,2023-01-19,103000,205000
1708,1998-07-31,2009-01-21,51950,120000
1708,2009-01-21,2012-04-04,120000,130000
1708,2012-04-04,2023-11-30,130000,230000
1709,1995-06-30,2001-03-09,48000,64000
1709,2001-03-09,2003-11-21,64000,102950
1709,2003-11-21,2004-10-15,102950,114995
1709,2004-10-15,2010-07-26,114995,124000
1709,2010-07-26,2017-06-27,124000,149950
1709,2017-06-27,2022-10-14,149950,217000
1710,2004-07-02,2004-10-21,68000,124000
1710,2004-10-21,2007-08-13,124000,137500
1710,2007-08-13,2024-12-02,137500,212500
1712,2007-06-08,2013-08-23,142500,125000
1712,2013-08-23,2018-10-19,125000,165000
1712,2018-10-19,2021-09-10,165000,200000
1713,1995-03-03,1996-07-05,42000,43000
1713,1996-07-05,1996-10-25,43000,44750
1713,1996-10-25,2003-09-04,44750,97000
1713,2003-09-04,2022-06-17,97000,207000
1714,2002-10-11,2003-11-21,89000,97000
1715,2000-08-18,2002-09-04,65000,95000
1716,1999-10-01,2001-04-26,58500,70000
1716,2001-04-26,2002-07-10,70000,89995
1717,2013-02-22,2014-01-09,120000,114000
1717,2014-01-09,2018-01-26,114000,165000
1717,2018-01-26,2024-10-01,165000,222000
1719,2002-06-21,2005-10-14,59995,97000
1719,2005-10-14,2006-03-23,97000,98500
1719,2006-03-23,2006-11-16,98500,108500
1719,2006-11-16,2016-06-03,108500,112500
1719,2016-06-03,2020-10-14,112500,120000
1720,1997-04-04,2001-08-10,36500,62000
1720,2001-08-10,2005-11-30,62000,113000
1720,2005-11-30,2014-11-25,113000,119000
1720,2014-11-25,2022-07-22,119000,190000
1721,1996-06-14,1998-10-30,27000,29750
1721,1998-10-30,2000-01-31,29750,38000
1721,2000-01-31,2015-12-15,38000,109950
1722,1996-07-10,1999-02-26,37500,38500
1723,1996-11-22,1997-12-23,36000,35500
1723,1997-12-23,2001-03-21,35500,58500
1723,2001-03-21,2003-05-22,58500,88750
1723,2003-05-22,2015-04-15,88750,140000
1723,2015-04-15,2018-08-03,140000,165000
1723,2018-08-03,2025-03-07,165000,200000
1724,1996-09-30,1998-12-18,35500,45500
1724,1998-12-18,2002-04-05,45500,68000
1724,2002-04-05,2003-01-31,68000,85500
1724,2003-01-31,2004-07-30,85500,110000
1724,2004-07-30,2006-02-24,110000,112000
1724,2006-02-24,2025-09-15,112000,190000
1725,1999-04-09,2002-01-25,45500,66500
1725,2002-01-25,2008-12-16,66500,107000
1725,2008-12-16,2023-09-29,107000,205000
1726,2000-06-23,2003-08-01,57950,89000
1726,2003-08-01,2004-07-06,89000,108000
1726,2004-07-06,2019-10-18,108000,153700
1726,2019-10-18,2021-08-11,153700,175000
1729,1995-01-30,1995-12-12,35000,32000
1729,1995-12-12,2000-01-28,32000,41750
1732,1996-08-02,2000-04-18,21000,39000
1732,2000-04-18,2016-03-08,39000,115000
1734,1997-10-31,2003-08-04,37500,88500
1734,2003-08-04,2007-10-12,88500,129950
1735,1997-09-15,2013-10-18,39000,125000
1735,2013-10-18,2025-10-27,125000,190000
1736,2001-07-19,2003-08-13,60000,90000
1736,2003-08-13,2007-11-16,90000,132000
1737,1998-05-22,2003-04-25,39500,89500
1738,1995-11-24,2001-04-06,25000,40000
1738,2001-04-06,2012-12-20,40000,91300
1738,2012-12-20,2024-08-23,91300,158000
1739,1995-07-28,2000-08-25,48000,75500
1739,2000-08-25,2003-07-21,75500,118000
1739,2003-07-21,2012-08-10,118000,151000
1739,2012-08-10,2015-06-18,151000,170000
1740,2000-03-10,2001-04-30,37800,45000
1740,2001-04-30,2003-05-01,45000,67000
1741,1998-07-31,2004-03-19,49500,110000
1747,2000-03-31,2005-07-22,41000,93000
1747,2005-07-22,2007-12-14,93000,108000
1747,2007-12-14,2020-10-16,108000,132500
1748,1995-07-21,2000-08-18,49000,62750
1748,2000-08-18,2004-01-15,62750,106400
1748,2004-01-15,2010-10-28,106400,138000
1748,2010-10-28,2018-05-25,138000,195000
1748,2018-05-25,2025-09-05,195000,267500
1749,2002-03-14,2008-08-22,68500,123000
1749,2008-08-22,2015-12-18,123000,136500
1750,1998-07-17,1999-07-30,48000,53000
1750,1999-07-30,2001-03-09,53000,65950
1750,2001-03-09,2006-12-19,65950,137000
1750,2006-12-19,2015-04-24,137000,139000
1753,2007-01-26,2017-11-17,160000,195000
1753,2017-11-17,2021-07-16,195000,220000
1754,1998-11-23,2002-04-19,58500,75000
1754,2002-04-19,2003-12-05,75000,106000
1754,2003-12-05,2012-12-19,106000,120500
1755,1999-05-21,2006-09-08,46000,123500
1755,2006-09-08,2017-09-29,123500,155000
1755,2017-09-29,2021-10-15,155000,183000
1756,1999-05-07,2000-06-21,56500,59500
1756,2000-06-21,2004-08-26,59500,118000
1756,2004-08-26,2011-04-28,118000,130000
1756,2011-04-28,2014-04-04,130000,148000
1756,2014-04-04,2025-07-11,148000,250000
1757,1996-04-26,2002-05-17,36000,67000
1757,2002-05-17,2008-08-22,67000,107000
1757,2008-08-22,2012-10-31,107000,120000
1758,1996-08-30,2000-04-17,35000,55500
1758,2000-04-17,2006-03-17,55500,115250
1759,1999-10-13,2001-09-13,52000,60000
1759,2001-09-13,2002-09-27,60000,82000
1759,2002-09-27,2009-06-26,82000,128000
1759,2009-06-26,2014-05-23,128000,138000
1760,1995-06-22,2002-02-21,31100,69000
1760,2002-02-21,2003-09-26,69000,93000
1760,2003-09-26,2015-06-25,93000,128000
1761,1999-10-12,2011-08-26,41500,97500
1761,2011-08-26,2015-12-02,97500,107000
1762,1996-12-11,2000-10-23,42500,66000
1762,2000-10-23,2013-05-03,66000,145000
1763,1996-04-26,2000-09-07,37000,59000
1763,2000-09-07,2006-06-23,59000,124999
1763,2006-06-23,2007-08-31,124999,138000
1764,2003-05-02,2004-03-05,74000,80000
1764,2004-03-05,2015-02-11,80000,103500
1765,1999-04-30,2002-05-16,48000,69000
1765,2002-05-16,2006-03-20,69000,119000
1766,1997-02-17,2000-05-31,26500,43500
1767,1995-10-06,1998-07-03,48000,53500
1767,1998-07-03,2001-09-14,53500,76000
1768,1998-05-27,2021-09-17,34000,145000
1769,1997-03-14,2002-12-13,38000,80000
1769,2002-12-13,2008-03-28,80000,125000
1769,2008-03-28,2018-03-01,125000,145000
1769,2018-03-01,2024-10-25,145000,210000
1770,1997-04-28,2000-04-20,38000,54950
1770,2000-04-20,2005-01-28,54950,115750
1770,2005-01-28,2006-09-07,115750,124999
1771,1995-04-28,1999-11-24,33000,37500
1771,1999-11-24,2000-10-04,37500,45400
1771,2000-10-04,2013-09-27,45400,89000
1771,2013-09-27,2017-07-31,89000,116500
1772,1997-07-03,1999-01-22,43000,49950
1773,1998-02-05,2000-05-12,33000,42500
1773,2000-05-12,2001-06-20,42500,46950
1773,2001-06-20,2003-04-04,46950,72500
1773,2003-04-04,2006-02-13,72500,94500
1773,2006-02-13,2006-08-11,94500,95000
1775,1996-10-23,2001-09-21,31000,50000
1775,2001-09-21,2004-08-06,50000,89000
1775,2004-08-06,2011-12-14,89000,94000
1775,2011-12-14,2014-11-14,94000,102500
1775,2014-11-14,2018-03-23,102500,122500
1775,2018-03-23,2019-03-20,122500,124000
1776,2002-07-19,2005-04-25,65950,89000
1776,2005-04-25,2007-02-16,89000,101000
1776,2007-02-16,2014-04-22,101000,91000
1776,2014-04-22,2017-03-24,91000,125000
1776,2017-03-24,2019-08-23,125000,128000
1777,2001-08-03,2003-04-15,59995,86950
1777,2003-04-15,2007-11-16,86950,140000
1777,2007-11-16,2008-10-17,140000,105000
1778,1998-10-16,2001-04-30,48950,64000
1778,2001-04-30,2016-02-05,64000,135000
1778,2016-02-05,2021-03-12,135000,176000
1779,1999-02-26,2005-12-08,54500,132000
1780,2021-04-07,2024-10-30,145000,225000
1782,2013-01-18,2019-01-31,117500,165000
1784,1997-06-25,2013-10-31,57500,161000
1785,1997-07-11,2001-11-23,61500,113000
1786,1996-02-29,1998-06-20,52000,63000
1786,1998-06-20,2000-05-04,63000,76000
1786,2000-05-04,2001-11-09,76000,97500
1787,2001-04-19,2004-04-20,115500,176000
1787,2004-04-20,2008-01-15,176000,184000
1791,1998-03-12,2011-02-18,73000,175000
1791,2011-02-18,2014-12-15,175000,217500
1792,2004-10-15,2011-04-21,149000,172950
1792,2011-04-21,2019-09-13,172950,250000
1795,1996-03-29,2003-09-12,55000,57500
1795,2003-09-12,2005-11-09,57500,147500
1795,2005-11-09,2007-06-01,147500,172000
1795,2007-06-01,2014-10-31,172000,179000
1795,2014-10-31,2021-10-30,179000,240000
1799,1997-03-27,2001-09-28,41500,68000
1799,2001-09-28,2010-08-27,68000,129000
1799,2010-08-27,2014-01-24,129000,125000
1799,2014-01-24,2015-08-27,125000,147500
1800,2000-11-30,2003-10-22,59000,97500
1801,1999-04-16,2002-04-30,41000,73500
1801,2002-04-30,2007-08-10,73500,141000
1801,2007-08-10,2016-09-02,141000,146500
1801,2016-09-02,2020-02-21,146500,157500
1801,2020-02-21,2022-03-11,157500,200000
1802,1998-04-06,2001-01-12,35000,55000
1802,2001-01-12,2012-01-27,55000,114000
1802,2012-01-27,2023-02-14,114000,200000
1803,1996-07-08,1998-06-29,20000,22000
1803,1998-06-29,2022-02-15,22000,190000
1804,1999-12-30,2001-11-16,56000,77000
1805,1999-11-16,2001-09-14,41995,54500
1805,2001-09-14,2003-10-13,54500,81000
1806,2001-10-25,2003-08-29,76000,113000
1806,2003-08-29,2016-07-13,113000,145000
1806,2016-07-13,2018-03-19,145000,185000
1806,2018-03-19,2022-04-20,185000,225000
1808,1998-08-28,2005-08-22,52000,136000
1809,2002-04-12,2004-10-15,66000,117000
1809,2004-10-15,2013-09-30,117000,115000
1809,2013-09-30,2020-11-17,115000,164000
1809,2020-11-17,2022-01-27,164000,178000
1810,1998-01-06,1999-08-23,47000,59995
1810,1999-08-23,2003-08-29,59995,113500
1810,2003-08-29,2004-06-25,113500,125500
1811,2010-07-02,2014-04-02,133000,134000
1812,1999-09-10,2005-08-05,60000,124000
1813,2011-06-17,2014-09-19,138500,157000
1814,2000-10-27,2006-09-22,56000,125950
1814,2006-09-22,2018-10-19,125950,192000
1814,2018-10-19,2022-02-25,192000,241000
1817,1999-02-10,2004-08-23,49500,129950
1817,2004-08-23,2025-08-19,129950,255000
1819,2001-07-17,2003-08-26,67250,112500
1819,2003-08-26,2012-07-11,112500,132500
1820,1997-08-29,2021-12-13,42500,210000
1822,1995-05-31,1998-11-13,46000,49000
1823,1998-11-27,1999-10-15,53000,62000
1823,1999-10-15,2006-03-09,62000,128500
1825,1996-05-03,1997-11-14,46000,46000
1825,1997-11-14,2014-11-11,46000,120000
1827,1997-12-15,2000-03-03,45000,59950
1828,2011-10-13,2014-12-15,117500,147000
1828,2014-12-15,2018-11-26,147000,190000
1829,1995-02-21,2000-05-26,41250,67000
1829,2000-05-26,2001-11-26,67000,82500
1829,2001-11-26,2007-08-28,82500,159000
1830,1996-06-14,1996-07-31,42000,41750
1830,1996-07-31,1998-12-18,41750,49000
1830,1998-12-18,1999-12-10,49000,59000
1831,2004-12-16,2023-02-06,123000,262500
1834,2006-12-08,2010-10-15,130000,118500
1836,2006-08-17,2025-02-28,129000,230000
1837,1996-08-02,2006-12-01,39000,140000
1837,2006-12-01,2020-10-09,140000,175000
1838,1998-01-27,1998-07-31,41950,43000
1838,1998-07-31,1999-10-22,43000,54000
1838,1999-10-22,2006-08-11,54000,134950
1838,2006-08-11,2025-01-23,134950,225000
1840,2001-07-02,2006-08-29,64000,134950
1840,2006-08-29,2014-06-27,134950,133000
1840,2014-06-27,2017-11-20,133000,176000
1841,2010-06-04,2010-12-17,95000,125000
1842,1995-03-31,1999-05-27,48500,56000
1842,1999-05-27,2000-06-16,56000,59950
1843,1995-06-23,1999-02-12,42500,45000
1846,1995-04-10,2005-10-21,46500,126000
1846,2005-10-21,2011-11-25,126000,137000
1846,2011-11-25,2021-04-16,137000,224000
1847,2001-05-31,2005-04-22,59999,110000
1847,2005-04-22,2005-10-03,110000,119950
1847,2005-10-03,2011-11-04,119950,115000
1847,2011-11-04,2017-01-12,115000,160000
1848,2004-05-24,2006-10-06,65000,129999
1849,2003-08-07,2008-03-31,132000,157000
1849,2008-03-31,2014-06-26,157000,167000
1850,1995-01-06,2007-06-11,42000,156000
1850,2007-06-11,2020-12-02,156000,220000
1851,2001-04-27,2005-07-01,81500,133500
1851,2005-07-01,2010-11-11,133500,145000
1851,2010-11-11,2025-10-24,145000,282000
1853,2005-03-11,2021-11-12,119500,200000
1859,2007-09-21,2019-12-20,150000,185000
1860,2002-03-25,2006-04-28,74000,138000
1860,2006-04-28,2011-06-10,138000,140000
1860,2011-06-10,2021-02-03,140000,215000
1860,2021-02-03,2022-08-22,215000,255000
1861,1996-11-19,1998-12-07,38950,51000
1861,1998-12-07,2004-02-18,51000,95000
1865,2014-05-30,2019-07-01,160000,195000
1867,1997-06-20,2000-12-06,36000,54000
1867,2000-12-06,2002-07-11,54000,81000
1867,2002-07-11,2004-07-02,81000,119995
1867,2004-07-02,2014-10-07,119995,136000
1867,2014-10-07,2023-06-16,136000,245000
1868,1996-09-20,2003-07-28,40000,97000
1871,2001-07-27,2003-01-29,74000,92500
1871,2003-01-29,2011-09-12,92500,127500
1871,2011-09-12,2016-09-02,127500,163000
1871,2016-09-02,2023-12-15,163000,230000
1872,2006-09-07,2013-08-15,141000,155000
1872,2013-08-15,2018-01-29,155000,155000
1873,1998-04-22,1999-08-27,35000,48000
1873,1999-08-27,2009-07-24,48000,140000
1873,2009-07-24,2014-04-23,140000,157000
1873,2014-04-23,2016-07-25,157000,181500
1873,2016-07-25,2023-03-23,181500,250000
1874,2008-05-09,2020-05-29,148000,188000
1876,1997-11-26,2001-08-10,36000,66000
1876,2001-08-10,2003-06-27,66000,94000
1877,1995-07-14,1998-12-18,37500,42500
1877,1998-12-18,2003-08-22,42500,99950
1877,2003-08-22,2008-03-31,99950,135000
1877,2008-03-31,2018-01-05,135000,157000
1878,2003-09-15,2006-07-24,93500,120000
1878,2006-07-24,2016-08-08,120000,143000
1878,2016-08-08,2017-10-06,143000,155000
1879,2007-09-21,2015-08-04,132000,135000
1879,2015-08-04,2019-07-17,135000,165000
1879,2019-07-17,2023-12-12,165000,205000
1880,2001-06-15,2003-09-19,62500,89999
1880,2003-09-19,2006-06-30,89999,119995
1880,2006-06-30,2012-07-10,119995,115500
1881,1998-08-21,2015-01-16,40500,132500
1881,2015-01-16,2024-01-08,132500,225000
1882,1996-02-08,1997-05-29,36000,41500
1882,1997-05-29,2007-07-13,41500,135000
1882,2007-07-13,2017-07-21,135000,150000
1882,2017-07-21,2021-01-05,150000,162500
1883,2015-10-26,2018-12-19,136000,148000
1884,1996-06-28,1998-10-27,36000,42500
1884,1998-10-27,2002-07-09,42500,69950
1885,2000-01-28,2006-04-07,57000,111500
1887,2000-05-26,2010-10-21,57500,129999
1887,2010-10-21,2013-10-01,129999,121000
1887,2013-10-01,2018-04-12,121000,150000
1887,2018-04-12,2022-05-27,150000,210000
1889,2002-04-30,2007-02-02,55000,128000
1889,2007-02-02,2011-11-11,128000,118000
1889,2011-11-11,2018-11-23,118000,154000
1889,2018-11-23,2020-03-09,154000,157000
1890,1997-07-30,2016-06-17,39950,147500
1891,1996-03-29,2004-04-05,38900,94950
1891,2004-04-05,2022-07-29,94950,182500
1892,2006-07-12,2011-04-04,119000,124000
1892,2011-04-04,2024-02-02,124000,177500
1893,2019-07-05,2024-03-25,160000,235000
1894,2003-08-29,2012-03-02,94500,122500
1895,2001-02-19,2009-05-22,59800,110500
1895,2009-05-22,2012-06-06,110500,122000
1895,2012-06-06,2023-11-15,122000,214000
1896,1998-01-23,2019-08-09,37000,147000
1897,2014-12-19,2021-10-29,152000,240000
1898,2019-11-29,2025-07-24,135000,220000
1899,2007-05-18,2019-09-20,180000,193000
1900,1997-07-16,2000-09-25,30000,46500
1900,2000-09-25,2005-08-24,46500,92000
1900,2005-08-24,2011-04-08,92000,105000
1900,2011-04-08,2016-07-08,105000,128000
1900,2016-07-08,2022-11-30,128000,220000
1901,2017-09-13,2025-02-27,175000,250000
1903,2003-09-12,2010-06-11,95000,138500
1903,2010-06-11,2014-12-05,138500,156500
1903,2014-12-05,2021-11-12,156500,227500
1904,2006-11-30,2016-01-18,96500,95500
1906,1996-08-23,2001-03-12,27500,39500
1906,2001-03-12,2003-07-04,39500,72500
1906,2003-07-04,2006-06-30,72500,95000
1906,2006-06-30,2017-03-24,95000,90750
1907,2000-10-06,2003-06-27,54500,94000
1907,2003-06-27,2005-12-16,94000,108000
1907,2005-12-16,2012-07-12,108000,118000
1907,2012-07-12,2014-09-05,118000,124000
1908,1999-03-26,2002-01-18,27500,53000
1908,2002-01-18,2003-02-03,53000,69950
1908,2003-02-03,2018-06-26,69950,118000
1908,2018-06-26,2022-03-24,118000,160000
1908,2022-03-24,2024-06-21,160000,167000
1909,1998-06-19,2002-01-04,37500,64000
1909,2002-01-04,2006-02-21,64000,104000
1909,2006-02-21,2012-07-30,104000,110000
1910,2000-06-23,2003-02-28,46000,69000
1912,1995-12-15,1997-04-30,24500,27000
1912,1997-04-30,2017-02-24,27000,105000
1913,1998-01-06,2017-10-13,38000,137500
1913,2017-10-13,2021-08-20,137500,180000
1914,1997-04-25,2004-04-02,39500,104950
1914,2004-04-02,2010-04-23,104950,125000
1914,2010-04-23,2022-04-21,125000,190000
1916,2004-05-07,2005-07-28,103500,116000
1916,2005-07-28,2011-12-02,116000,117500
1916,2011-12-02,2025-08-15,117500,202500
1917,1996-05-01,2002-03-28,40000,66500
1917,2002-03-28,2011-04-28,66500,114000
1917,2011-04-28,2013-08-09,114000,122000
1917,2013-08-09,2019-07-31,122000,159500
1917,2019-07-31,2020-05-14,159500,159950
1918,1999-05-21,2006-10-13,49500,124000
1918,2006-10-13,2007-06-22,124000,137000
1918,2007-06-22,2017-04-28,137000,149000
1918,2017-04-28,2025-11-28,149000,215000
1919,2010-12-30,2017-07-28,84000,112500
1920,2000-07-28,2025-12-04,57995,205000
1921,1998-03-27,2009-05-01,39995,106000
1921,2009-05-01,2017-03-10,106000,149000
1921,2017-03-10,2020-02-07,149000,167000
1921,2020-02-07,2024-12-23,167000,198000
1922,2002-07-05,2006-03-10,78000,119995
1922,2006-03-10,2014-01-16,119995,127000
1922,2014-01-16,2022-06-24,127000,210000
1924,2000-03-31,2007-01-19,43950,145000
1924,2007-01-19,2016-09-09,145000,112078
1924,2016-09-09,2022-02-25,112078,176500
1925,1997-04-11,2007-11-30,39000,123999
1925,2007-11-30,2013-10-18,123999,124500
1926,2005-12-16,2015-11-19,115000,140000
1926,2015-11-19,2019-04-12,140000,160000
1926,2019-04-12,2024-06-28,160000,192500
1927,1997-10-03,2006-06-02,36800,119000
1927,2006-06-02,2019-11-15,119000,162500
1928,1995-02-17,1998-08-21,41250,43500
1928,1998-08-21,2002-04-08,43500,69950
1928,2002-04-08,2004-05-07,69950,105000
1928,2004-05-07,2012-09-11,105000,119000
1928,2012-09-11,2026-02-13,119000,208526
1929,2001-07-06,2024-09-13,62500,200000
1932,1997-04-25,2025-04-25,38000,174500
1934,2002-08-30,2007-10-26,75000,127995
1934,2007-10-26,2020-11-19,127995,173000
1935,2004-11-25,2017-12-15,103000,139000
1936,1996-12-20,1997-02-26,41000,36000
1939,1997-12-12,2006-09-29,38500,121000
1939,2006-09-29,2015-12-17,121000,140000
1939,2015-12-17,2019-09-20,140000,151000
1940,1998-11-20,2000-12-15,45000,55000
1940,2000-12-15,2002-12-06,55000,87950
1940,2002-12-06,2005-07-29,87950,113000
1940,2005-07-29,2019-10-04,113000,162500
1940,2019-10-04,2020-05-14,162500,162500
1941,1998-03-12,2000-08-04,39500,59995
1941,2000-08-04,2001-12-14,59995,68000
1941,2001-12-14,2003-05-27,68000,86000
1941,2003-05-27,2005-08-05,86000,115950
1941,2005-08-05,2006-10-10,115950,125000
1942,2001-08-17,2004-05-04,64000,102000
1942,2004-05-04,2006-04-07,102000,124500
1942,2006-04-07,2016-08-11,124500,141000
1943,1997-09-22,1999-08-27,47000,65000
1943,1999-08-27,2012-06-01,65000,157500
1945,1999-01-22,2002-08-02,62000,109995
1946,2001-05-11,2002-11-19,44000,67950
1946,2002-11-19,2004-12-10,67950,92000
1946,2004-12-10,2013-04-15,92000,86000
1947,1997-06-27,2019-11-20,44000,140000
1948,1999-10-22,2003-05-23,52950,95000
1948,2003-05-23,2013-06-05,95000,119500
1948,2013-06-05,2015-09-16,119500,138000
1948,2015-09-16,2022-05-26,138000,191000
1948,2022-05-26,2024-07-19,191000,220000
1949,1997-05-09,1999-05-28,41500,48000
1949,1999-05-28,2000-05-05,48000,58250
1949,2000-05-05,2002-07-22,58250,82500
1949,2002-07-22,2009-02-03,82500,109000
1950,1996-03-29,2000-07-20,42000,64000
1950,2000-07-20,2004-07-22,64000,137000
1950,2004-07-22,2005-08-25,137000,143950
1950,2005-08-25,2008-04-07,143950,160000
1950,2008-04-07,2011-12-19,160000,157500
1950,2011-12-19,2018-02-26,157500,193000
1951,2012-04-26,2019-11-15,82000,130000
1951,2019-11-15,2021-09-27,130000,153500
1952,2012-08-03,2021-08-27,82000,138000
1953,1996-05-20,2000-06-30,41000,69000
1953,2000-06-30,2004-08-20,69000,125000
1953,2004-08-20,2025-10-10,125000,200000
1954,1996-11-11,2006-10-12,41500,140000
1954,2006-10-12,2013-10-31,140000,145000
1954,2013-10-31,2014-02-28,145000,139000
1955,2002-12-20,2007-08-31,93000,155000
1955,2007-08-31,2016-08-26,155000,168000
1955,2016-08-26,2022-11-17,168000,250000
1956,1998-04-03,2006-11-15,48000,167500
1959,2000-11-03,2001-04-12,37500,44750
1959,2001-04-12,2001-10-10,44750,49500
1959,2001-10-10,2002-03-15,49500,49995
1959,2002-03-15,2007-11-13,49995,115000
1960,1997-07-04,1999-04-07,31500,35000
1960,1999-04-07,2003-03-14,35000,71500
1960,2003-03-14,2023-06-16,71500,155000
1961,2010-06-04,2015-06-26,95000,105000
1963,1997-06-18,2000-04-06,18350,35000
1963,2000-04-06,2006-11-08,35000,90000
1964,2002-02-01,2005-06-10,78500,130000
1964,2005-06-10,2015-07-17,130000,148000
1965,2000-03-17,2002-08-16,32500,57500
1965,2002-08-16,2004-06-24,57500,69250
1965,2004-06-24,2017-06-02,69250,88000
1966,1997-12-12,1998-02-20,39500,42000
1966,1998-02-20,2013-07-19,42000,118000
1969,1998-08-27,2001-10-17,26500,44500
1969,2001-10-17,2003-05-16,44500,56300
1969,2003-05-16,2007-01-08,56300,95000
1970,1996-07-25,1999-03-26,37500,43000
1970,1999-03-26,2011-10-03,43000,107000
1970,2011-10-03,2018-07-23,107000,158000
1971,1997-08-27,2001-01-26,49995,70000
1971,2001-01-26,2003-02-21,70000,102500
1972,1995-12-15,1996-04-01,28500,28500
1972,1996-04-01,1998-07-06,28500,32500
1972,1998-07-06,2001-10-18,32500,55000
1972,2001-10-18,2003-06-09,55000,75000
1972,2003-06-09,2006-05-18,75000,104950
1972,2006-05-18,2009-04-09,104950,95000
1972,2009-04-09,2013-05-17,95000,93000
1972,2013-05-17,2022-01-28,93000,140000
1973,1997-10-31,2000-03-31,28500,44000
1973,2000-03-31,2001-08-10,44000,47000
1973,2001-08-10,2019-11-28,47000,118500
1974,1996-07-31,2001-02-26,40000,57000
1974,2001-02-26,2001-03-02,57000,55000
1974,2001-03-02,2003-06-20,55000,94950
1974,2003-06-20,2006-04-07,94950,118500
1974,2006-04-07,2014-01-17,118500,124950
1974,2014-01-17,2024-05-31,124950,210000
1975,2006-08-16,2017-09-06,138500,174750
1976,2001-05-24,2004-06-25,72000,119000
1976,2004-06-25,2011-05-23,119000,135000
1977,1997-11-18,2002-01-18,38000,62000
1977,2002-01-18,2003-06-20,62000,89000
1977,2003-06-20,2014-12-23,89000,127500
1977,2014-12-23,2019-07-02,127500,140000
1978,1997-10-20,1999-08-27,54950,63950
1978,1999-08-27,2003-08-15,63950,118000
1978,2003-08-15,2014-05-09,118000,147000
1980,1998-06-04,2004-07-26,29900,79950
1980,2004-07-26,2006-09-06,79950,99000
1980,2006-09-06,2007-05-31,99000,119950
1980,2007-05-31,2014-02-18,119950,101800
1980,2014-02-18,2015-05-22,101800,110000
1980,2015-05-22,2023-02-01,110000,170000
1980,2023-02-01,2025-07-17,170000,172500
1981,2010-03-31,2019-08-15,88500,120000
1982,1999-08-19,2004-01-23,38000,73000
1982,2004-01-23,2015-12-04,73000,101000
1983,2000-10-27,2007-01-24,42000,106000
1983,2007-01-24,2018-09-25,106000,120000
1984,1998-07-17,2002-07-12,44500,83000
1984,2002-07-12,2015-06-12,83000,133500
1984,2015-06-12,2017-01-27,133500,155000
1984,2017-01-27,2019-05-03,155000,160000
1984,2019-05-03,2024-09-13,160000,179000
1986,2007-03-30,2011-02-18,134950,112500
1986,2011-02-18,2014-03-28,112500,125000
1986,2014-03-28,2023-10-06,125000,182000
1989,1996-01-17,2004-03-26,42000,123000
1990,2000-04-07,2003-02-14,42000,74000
1990,2003-02-14,2005-07-29,74000,93500
1990,2005-07-29,2007-08-20,93500,117000
1990,2007-08-20,2017-11-07,117000,125000
1992,1995-08-30,2000-01-28,42000,64000
1992,2000-01-28,2001-05-25,64000,69000
1992,2001-05-25,2005-08-12,69000,117000
1992,2005-08-12,2008-10-30,117000,124000
1992,2008-10-30,2013-12-20,124000,136450
1992,2013-12-20,2022-06-23,136450,242000
1993,1996-03-21,2007-12-20,34500,122000
1993,2007-12-20,2020-08-21,122000,167000
1994,1997-04-30,2004-08-10,39950,105000
1994,2004-08-10,2005-04-29,105000,115000
1996,1995-08-04,1999-03-19,44000,59000
1997,1996-11-29,2000-08-03,35500,54000
1997,2000-08-03,2012-07-20,54000,122000
1999,2006-12-15,2020-03-27,123000,155000
2000,1998-06-19,2006-10-10,32500,102000
2000,2006-10-10,2018-06-27,102000,120000
2001,1996-01-19,2003-11-13,30000,68000
2002,2001-10-09,2002-12-06,50000,69000
2002,2002-12-06,2006-09-29,69000,102500
2002,2006-09-29,2016-10-14,102500,105500
2003,1999-04-23,2000-12-08,43500,53000
2004,1997-02-03,2017-03-10,30000,110000
2006,2015-11-27,2018-05-25,150000,200000
2007,1997-08-01,2002-06-21,44000,89500
2008,1996-01-26,1998-05-06,39000,36500
2009,1996-06-14,2019-06-21,45500,182500
2009,2019-06-21,2023-09-22,182500,265000
2010,2002-04-12,2008-07-16,72950,123000
2011,1997-08-15,2006-03-16,42500,142500
2011,2006-03-16,2015-07-03,142500,155000
2011,2015-07-03,2016-12-02,155000,174000
2011,2016-12-02,2019-05-03,174000,205000
2011,2019-05-03,2025-11-17,205000,263000
2014,2010-09-24,2017-04-13,123000,170000
2015,2014-04-11,2017-04-03,90000,120000
2015,2017-04-03,2019-04-26,120000,137000
2016,2005-09-23,2014-01-31,125500,132500
2016,2014-01-31,2023-11-17,132500,245000
2017,2022-02-17,2024-08-08,275000,305000
2018,1998-08-14,2000-07-28,49995,66500
2018,2000-07-28,2007-10-02,66500,147000
2019,2000-09-11,2003-11-07,33825,95000
2020,2014-04-16,2015-06-05,122500,157500
2020,2015-06-05,2019-05-15,157500,190000
2020,2019-05-15,2022-08-05,190000,250000
2021,2001-08-10,2002-11-22,69000,94995
2021,2002-11-22,2010-05-21,94995,129950
2021,2010-05-21,2018-10-26,129950,200000
2021,2018-10-26,2025-06-25,200000,250000
2023,2013-05-03,2017-08-18,135000,180000
2025,1999-03-19,2003-09-19,48000,109950
2026,2007-07-10,2019-06-25,140000,190000
2027,2002-05-23,2007-06-13,79000,151500
2027,2007-06-13,2014-07-31,151500,149000
2030,2013-04-29,2018-04-30,80000,190000
2030,2018-04-30,2024-04-11,190000,252000
2031,1999-08-16,2000-04-17,50000,53000
2032,2002-07-17,2003-04-23,58000,100000
2034,2003-07-28,2004-04-08,96000,107000
2036,2015-05-22,2024-06-14,137500,235000
2038,2003-12-12,2017-03-03,109000,156000
2038,2017-03-03,2022-08-26,156000,250000
2041,1997-09-18,2021-06-14,58250,235000
2043,1998-10-30,2002-04-30,25000,104000
2045,1998-01-09,2011-12-01,59000,160000
2046,2004-12-21,2007-01-12,118000,142500
2046,2007-01-12,2012-07-13,142500,123500
2046,2012-07-13,2019-01-11,123500,160000
2046,2019-01-11,2021-05-26,160000,165000
2047,1995-04-12,2009-12-10,54000,165000
2048,1999-08-27,2002-01-31,57995,74995
2048,2002-01-31,2003-07-31,74995,103000
2048,2003-07-31,2007-03-23,103000,139950
2048,2007-03-23,2010-06-14,139950,130000
2049,2012-02-10,2022-07-29,109500,230500
2050,2005-06-16,2006-04-07,52000,128500
2050,2006-04-07,2014-08-15,128500,145000
2051,1999-12-21,2012-11-23,57000,109500
2052,1997-09-30,2002-12-06,44950,99950
2053,1997-08-22,2001-04-06,47000,69500
2053,2001-04-06,2004-05-07,69500,112000
2053,2004-05-07,2011-11-25,112000,125000
2053,2011-11-25,2016-09-30,125000,160300
2053,2016-09-30,2025-02-14,160300,230000
2054,2007-01-12,2018-03-29,137500,161000
2055,1996-07-26,2001-07-13,45000,70500
2055,2001-07-13,2011-08-19,70500,127500
2055,2011-08-19,2015-01-09,127500,150000
2055,2015-01-09,2017-10-09,150000,169000
2055,2017-10-09,2022-10-28,169000,221000
2055,2022-10-28,2024-12-06,221000,230000
2057,2006-06-30,2011-09-21,130000,125000
2057,2011-09-21,2014-09-17,125000,145000
2057,2014-09-17,2016-12-19,145000,162500
2059,2015-11-27,2018-02-13,148000,162000
2061,2003-02-28,2007-09-21,97500,139950
2063,2005-05-27,2008-10-10,160000,147000
2063,2008-10-10,2014-07-04,147000,167500
2063,2014-07-04,2020-07-03,167500,231000
2066,2005-08-26,2007-08-31,178000,205000
2076,2019-03-29,2024-11-01,220000,248000
2078,2019-05-31,2023-08-18,217500,245000
2078,2023-08-18,2025-10-31,245000,255000
2079,2004-12-15,2010-06-15,110000,121000
2080,2008-08-04,2014-11-24,125000,138750
2082,2023-11-17,2025-12-19,235000,240000
2083,2000-09-15,2014-08-19,63500,150000
2084,2005-08-05,2007-02-07,119995,136000
2084,2007-02-07,2021-09-14,136000,192650
2086,2002-06-24,2005-06-13,79995,115000
2086,2005-06-13,2010-02-12,115000,120000
2090,2005-05-27,2007-08-10,205950,230000
2092,2005-03-30,2008-12-05,199950,170500
2092,2008-12-05,2017-04-19,170500,230000
2094,2005-03-09,2020-02-14,199950,249000
2095,2005-03-22,2006-09-01,174950,179000
2096,2005-09-22,2017-06-30,185000,230000
2096,2017-06-30,2017-06-30,230000,227500
2097,2005-04-22,2006-10-27,250000,329950
2098,2005-03-24,2006-06-16,245000,297000
2098,2006-06-16,2013-08-21,297000,267500
2098,2013-08-21,2020-01-28,267500,340000
2099,2005-10-28,2021-09-30,199950,260000
2100,2005-10-21,2017-03-22,199950,225000
2101,2005-09-02,2024-09-13,249950,390000
2102,2005-05-13,2010-07-29,274950,300000
2102,2010-07-29,2018-02-23,300000,335000
2102,2018-02-23,2021-02-26,335000,340000
2104,1997-05-22,2003-12-05,53500,96000
2110,2017-01-11,2021-07-28,273000,326000
2111,2000-02-18,2015-07-03,119000,299999
2112,2018-12-19,2021-06-30,150000,352000
2114,2004-06-21,2023-05-31,135000,230000
2115,2004-08-28,2025-09-30,50000,222500
2118,2000-09-29,2007-05-25,69995,158500
2123,1996-08-02,2001-03-23,45000,66000
2124,2017-11-09,2020-10-02,127500,220000
2128,1996-08-22,2010-01-29,31000,124999
2131,2011-12-22,2015-11-13,99000,99000
2131,2015-11-13,2017-12-01,99000,130000
2131,2017-12-01,2019-12-06,130000,185000
2133,2006-09-15,2015-06-30,123000,123000
2136,2002-02-22,2017-05-10,64950,158000
2137,2007-04-24,2014-07-23,135000,125000
2138,2004-01-27,2010-05-20,87000,124000
2141,1996-10-18,2002-07-05,49000,88000
2141,2002-07-05,2014-12-12,88000,52500
2142,1997-08-15,2011-02-08,39995,107500
2142,2011-02-08,2014-05-02,107500,133500
2144,2013-12-13,2016-12-01,125000,152500
2145,2016-10-07,2026-01-09,125000,275000
2147,2011-10-14,2020-06-26,135000,187500
2148,1997-05-23,2002-03-01,54000,89950
2150,2015-02-06,2016-12-22,126000,190000
2152,1999-06-25,1999-12-10,66000,67500
2152,1999-12-10,2015-04-27,67500,175000
2153,1999-01-15,2007-12-14,74500,164950
2154,2001-05-31,2020-10-09,76000,210000
2155,1996-05-24,2011-11-21,50000,149000
2157,2003-09-17,2006-11-07,120000,158000
2157,2006-11-07,2014-06-26,158000,155000
2160,2011-07-14,2018-07-30,127500,210000
2161,2002-03-28,2018-09-14,281000,380000
2162,2001-01-19,2003-04-25,60000,102500
2163,1995-11-24,1999-04-23,40000,48000
2163,1999-04-23,2006-04-13,48000,108000
2163,2006-04-13,2018-11-07,108000,158000
2163,2018-11-07,2025-07-16,158000,201000
2164,2000-07-14,2002-11-28,59950,88500
2164,2002-11-28,2014-08-08,88500,125000
2165,2002-05-22,2023-12-15,70500,190000
2167,1997-07-10,1998-07-10,30500,35000
2167,1998-07-10,2008-05-23,35000,117500
2167,2008-05-23,2015-09-30,117500,145000
2169,2019-05-03,2022-02-16,182500,195000
2169,2022-02-16,2024-11-22,195000,206000
2173,2019-04-26,2023-01-30,185000,195500
2174,2019-06-21,2021-12-17,182500,182000
2175,2010-04-30,2014-12-12,270000,270000
2175,2014-12-12,2024-08-08,270000,300000
2178,1998-06-24,2000-08-17,195000,240000
2178,2000-08-17,2004-03-17,240000,470000
2181,1996-04-01,2000-06-23,175000,380000
2183,2003-05-23,2013-06-26,199000,250000
2185,2003-04-30,2010-10-25,247500,315000
2187,2002-09-13,2008-03-28,210000,286000
2189,1996-09-16,2006-02-24,55000,148000
2189,2006-02-24,2007-03-30,148000,193000
2189,2007-03-30,2020-03-27,193000,250000
2198,2002-07-12,2024-11-06,109000,265000
2200,2007-02-09,2016-07-22,173000,249995
2200,2016-07-22,2017-10-16,249995,248500
2202,2019-05-17,2023-02-08,228000,255000
2205,2017-08-01,2019-02-01,38000,290000
2206,2018-11-30,2022-02-21,300000,340000
2208,2018-11-16,2021-07-19,300000,345000
2211,2019-08-30,2022-09-30,175000,191500
2211,2022-09-30,2022-09-30,191500,190000
2213,2019-03-25,2024-10-23,170000,190000
2215,2018-10-20,2023-11-03,170000,200000
2218,2018-12-18,2022-11-08,263500,325000
2219,1996-04-26,1999-12-17,52000,105000
2219,1999-12-17,2005-02-11,105000,280000
2219,2005-02-11,2005-08-23,280000,288000
2219,2005-08-23,2017-12-01,288000,383500
2220,1995-12-15,2003-10-30,92000,220000
2224,1999-12-10,2015-07-13,169200,311000
2225,2017-06-29,2025-01-24,1450000,1300000
2226,1996-04-26,2000-03-31,153750,199750
2226,2000-03-31,2002-07-09,199750,310000
2226,2002-07-09,2011-09-09,310000,540000
2229,1997-05-09,2007-06-08,111500,265000
2229,2007-06-08,2016-09-29,265000,350000
2229,2016-09-29,2022-09-15,350000,500000
2229,2022-09-15,2025-11-06,500000,497800
2233,2019-09-24,2025-02-10,470000,675000
2237,2006-01-24,2019-04-23,187000,355000
2237,2019-04-23,2022-11-11,355000,460000
2242,2004-05-10,2006-11-29,170000,195000
2242,2006-11-29,2013-08-05,195000,180000
2244,1998-04-16,2022-07-14,180000,725000
2244,2022-07-14,2025-07-25,725000,730000
2246,2018-08-31,2023-10-06,230000,310000
2247,2020-06-09,2025-09-12,305000,335000
2248,2003-03-24,2020-06-03,460000,970000
2249,1998-06-12,2017-12-21,128750,395000
2253,2005-01-10,2022-12-16,152109,382500
2256,2002-05-24,2007-12-18,144950,240000
2256,2007-12-18,2013-10-07,240000,245000
2256,2013-10-07,2019-06-17,245000,289950
2257,2013-01-21,2022-05-20,245000,410000
2258,1998-10-13,2010-09-17,78000,220000
2258,2010-09-17,2014-10-20,220000,220000
2259,1995-09-08,2005-12-16,70500,190000
2259,2005-12-16,2018-08-10,190000,375000
2263,2002-07-04,2007-09-09,178950,283000
2264,2007-08-17,2015-11-20,325000,320000
2264,2015-11-20,2020-12-11,320000,475000
2274,2016-07-04,2025-04-25,450000,450000
2276,2000-07-18,2018-12-07,325000,660000
2277,1999-02-26,2004-11-22,118000,352000
2277,2004-11-22,2020-06-22,352000,435000
2278,1999-08-13,2001-10-31,165000,95000
2279,2003-07-28,2008-04-18,120000,150000
2281,2018-11-07,2025-02-21,1650000,999000
2283,1999-03-11,2009-11-06,92500,235000
2283,2009-11-06,2024-09-16,235000,420000
2286,2006-02-10,2007-05-04,155000,217500
2286,2007-05-04,2010-03-05,217500,165000
2288,2012-01-19,2015-03-02,400000,450000
2289,1999-10-21,2020-06-17,240000,450000
2289,2020-06-17,2024-12-19,450000,595000
2290,1997-03-13,2009-12-11,92000,290000
2299,1997-08-29,2006-10-06,106000,295000
2299,2006-10-06,2011-12-16,295000,286000
2299,2011-12-16,2018-12-07,286000,405000
2299,2018-12-07,2025-08-18,405000,440000
2300,2006-05-10,2010-10-01,430000,575000
2300,2010-10-01,2010-10-01,575000,575000
2303,2015-12-09,2022-05-26,490000,922000
2305,2002-05-31,2021-06-24,112500,295000
2306,2007-06-28,2023-08-29,445000,724760
2307,2006-08-31,2010-01-22,480000,460000
2307,2010-01-22,2022-07-25,460000,782500
2308,2002-05-17,2009-10-30,600000,875000
2310,2019-10-09,2023-04-05,235000,275000
2312,2019-10-09,2023-04-05,265000,320000
2313,2019-10-09,2023-04-05,245000,290000
2320,2006-09-27,2017-05-25,307500,392000
2321,1996-11-08,2004-05-21,73000,223000
2327,2017-06-29,2024-06-24,361000,600000
2328,1997-04-30,2016-06-03,151800,380000
2330,1999-10-15,2006-07-20,175000,339950
2330,2006-07-20,2018-05-04,339950,590000
2332,2001-12-19,2024-08-30,350000,810000
2334,2000-12-13,2018-05-04,215000,520000
2337,2002-01-18,2008-03-28,250000,350000
2337,2008-03-28,2015-12-16,350000,495000
2346,1997-05-06,2012-07-20,96000,290000
2347,2001-09-26,2004-04-16,146000,187500
2350,2007-08-13,2011-10-07,274750,270000
2351,1999-04-16,2005-12-20,79000,175000
2351,2005-12-20,2016-09-02,175000,226000
2351,2016-09-02,2021-12-09,226000,289000
2352,1999-07-15,2006-10-20,114950,240000
2353,2002-06-27,2013-02-25,195000,264000
2356,1997-09-12,2002-07-04,92000,184500
2357,1999-06-02,2003-07-25,120000,205000
2357,2003-07-25,2012-11-30,205000,275000
2360,1996-09-23,1997-01-07,83000,73000
2360,1997-01-07,2001-02-14,73000,115000
2360,2001-02-14,2003-09-05,115000,165000
2360,2003-09-05,2006-10-06,165000,203000
2360,2006-10-06,2009-10-23,203000,185000
2360,2009-10-23,2017-06-28,185000,245000
2361,2003-07-24,2008-05-23,167500,192000
2362,1995-07-28,1997-01-31,64500,76000
2362,1997-01-31,2000-07-19,76000,76000
2362,2000-07-19,2017-11-22,76000,210000
2365,2010-10-01,2015-04-10,210000,360000
2366,2005-09-28,2010-12-17,185000,235000
2369,1999-04-16,2001-09-07,155000,250000
2369,2001-09-07,2011-11-11,250000,350000
2370,1997-10-31,2000-06-30,169000,237500
2371,1997-02-14,2010-10-29,107000,318000
2372,2004-02-27,2024-12-20,750000,1750000
2376,1996-06-24,2004-06-11,84000,200000
2376,2004-06-11,2015-10-02,200000,270000
2376,2015-10-02,2019-03-08,270000,325000
2380,1996-11-11,2014-09-26,70000,232500
2381,1996-12-17,2004-04-02,81000,180000
2381,2004-04-02,2007-10-26,180000,247000
2382,2013-10-01,2014-05-02,175000,235000
2382,2014-05-02,2025-09-10,235000,318000
2385,2001-11-21,2006-10-12,110000,205000
2385,2006-10-12,2009-09-18,205000,210000
2385,2009-09-18,2012-08-24,210000,216500
2386,2005-03-11,2015-12-18,211000,255000
2386,2015-12-18,2020-10-23,255000,315500
2388,2002-06-27,2005-01-21,159950,187500
2390,2008-08-01,2023-08-18,200000,322500
2391,2003-11-14,2017-02-24,172500,228000
2392,2004-07-15,2010-09-17,172000,215000
2394,2000-05-05,2011-06-20,119500,285000
2398,1995-10-02,2000-11-29,55000,94000
2398,2000-11-29,2002-12-13,94000,143500
2398,2002-12-13,2006-03-03,143500,176000
2398,2006-03-03,2007-07-27,176000,199950
2399,2003-09-03,2006-10-25,190000,231000
2400,2004-01-23,2023-06-21,159000,270000
2402,1996-05-31,2003-08-01,65000,154000
2403,1997-05-30,2014-10-27,54500,157000
2403,2014-10-27,2019-03-08,157000,195000
2403,2019-03-08,2023-11-29,195000,260000
2407,1999-10-05,2006-11-29,67500,157500
2407,2006-11-29,2024-02-14,157500,230000
2408,1995-10-18,2000-04-14,37500,78500
2411,1996-12-12,2003-09-26,43500,114950
2411,2003-09-26,2011-04-21,114950,140000
2413,2007-05-04,2012-02-17,160000,130000
2415,2004-04-30,2006-09-22,173500,220000
2415,2006-09-22,2014-06-25,220000,320000
2415,2014-06-25,2018-02-27,320000,375000
2416,2005-11-11,2011-06-03,268000,285000
2417,2020-12-21,2021-07-09,255000,320000
2419,2010-07-30,2015-12-14,245000,290000
2422,1996-12-11,2000-09-29,59950,105000
2422,2000-09-29,2006-11-06,105000,233000
2422,2006-11-06,2008-07-04,233000,245000
2424,2011-03-21,2015-01-05,195000,250000
2425,2002-08-20,2018-10-26,162000,270000
2426,2004-02-19,2004-09-01,164000,218000
2426,2004-09-01,2021-11-08,218000,350000
2428,1996-05-24,2010-03-30,66500,228000
2430,2000-08-31,2020-09-14,158500,355000
2430,2020-09-14,2024-10-01,355000,441000
2432,1997-01-17,2003-12-19,89000,191500
2432,2003-12-19,2005-06-03,191500,217500
2432,2005-06-03,2017-03-06,217500,270000
2433,2003-12-05,2012-04-12,200000,300000
2433,2012-04-12,2013-10-07,300000,337000
2434,1999-11-24,2003-08-15,100500,162750
2434,2003-08-15,2004-09-10,162750,221000
2434,2004-09-10,2005-10-27,221000,201600
2435,1997-07-31,2002-03-01,85000,138000
2435,2002-03-01,2018-05-22,138000,318000
2435,2018-05-22,2020-09-14,318000,340000
2437,2000-11-27,2022-04-05,157000,525000
2438,1997-10-17,1998-08-07,102000,116500
2438,1998-08-07,2003-12-05,116500,192500
2438,2003-12-05,2006-03-03,192500,243000
2438,2006-03-03,2019-12-09,243000,310000
2441,1998-07-17,2004-08-27,118500,247500
2442,1997-12-15,2002-08-06,78950,145000
2442,2002-08-06,2013-04-22,145000,207500
2442,2013-04-22,2019-01-04,207500,317000
2443,1997-08-18,2009-05-05,104500,250000
2444,1996-10-18,2021-03-15,86000,369950
2445,2006-09-25,2010-06-21,245000,290000
2448,1997-10-10,2018-05-30,81500,310000
2448,2018-05-30,2023-01-06,310000,380000
2449,2001-02-12,2009-12-15,159950,297500
2451,1998-01-30,2019-05-30,108000,315000
2452,1999-02-08,2021-11-03,92000,375000
2453,2005-10-28,2006-09-15,204500,233000
2453,2006-09-15,2019-05-30,233000,285000
2455,1997-05-09,2007-05-25,79000,225000
2455,2007-05-25,2020-08-18,225000,311000
2456,1995-07-19,1998-02-04,90000,108000
2456,1998-02-04,2004-04-26,108000,235750
2457,2000-02-08,2005-05-06,138000,244000
2457,2005-05-06,2011-05-06,244000,300000
2458,2004-11-12,2021-07-23,285000,403000
2459,2004-11-23,2016-05-06,305000,376500
2459,2016-05-06,2022-06-08,376500,600000
2464,1999-07-22,2012-05-28,89000,223000
2465,1995-07-27,2003-05-02,75000,178000
2467,2013-06-24,2017-02-27,250000,315000
2469,1997-05-15,2001-07-12,77500,134000
2469,2001-07-12,2014-07-29,134000,241000
2472,2007-01-26,2009-02-27,172995,140000
2472,2009-02-27,2014-04-03,140000,175000
2472,2014-04-03,2022-03-18,175000,285000
2473,2010-04-01,2011-04-05,140000,144000
2473,2011-04-05,2012-03-30,144000,151000
2473,2012-03-30,2017-08-07,151000,225800
2476,2007-03-30,2016-03-29,194995,195000
2476,2016-03-29,2021-09-24,195000,235000
2476,2021-09-24,2026-02-11,235000,297500
2477,2007-03-09,2016-08-19,190500,200000
2477,2016-08-19,2021-02-05,200000,230000
2478,2007-01-19,2013-08-27,167995,165000
2479,2008-02-11,2014-07-21,159995,150000
2480,2007-01-26,2013-12-18,167995,160000
2481,2008-04-18,2019-09-20,164995,182000
2481,2019-09-20,2023-11-20,182000,240000
2482,2007-01-31,2010-11-19,144500,138000
2483,2007-12-20,2016-07-08,174995,204000
2486,2007-11-30,2023-11-24,154995,207000
2487,2007-10-29,2019-09-30,189995,235000
2491,2007-06-29,2015-04-24,184995,183000
2491,2015-04-24,2024-05-31,183000,275000
2492,2008-04-25,2015-04-30,190500,185000
2494,2008-05-01,2016-09-09,192995,210000
2494,2016-09-09,2019-05-20,210000,232500
2494,2019-05-20,2020-05-14,232500,232500
2495,2007-08-02,2012-03-22,199995,170000
2495,2012-03-22,2019-10-25,170000,248000
2495,2019-10-25,2020-12-11,248000,258000
2495,2020-12-11,2022-04-29,258000,330000
2498,2007-11-23,2019-07-05,124995,97500
2498,2019-07-05,2025-06-02,97500,122000
2499,2008-01-23,2019-04-18,139995,115000
2499,2019-04-18,2020-12-18,115000,142000
2500,2008-01-03,2022-04-06,138995,130000
2502,2007-12-21,2020-01-09,140995,125000
2504,2008-01-02,2018-02-14,126995,99000
2504,2018-02-14,2021-03-08,99000,105000
2505,2007-12-21,2018-02-06,141995,123500
2506,2007-11-23,2016-04-29,140995,131000
2506,2016-04-29,2018-05-30,131000,135000
2507,2007-12-21,2019-10-25,190995,224000
2508,2007-08-24,2015-05-20,157995,162000
2508,2015-05-20,2022-10-28,162000,220000
2509,2007-09-26,2023-10-27,189995,285000
2510,2007-08-31,2016-12-05,154995,167000
2510,2016-12-05,2021-12-01,167000,212000
2511,2007-08-22,2015-07-31,189995,188000
2512,2007-09-21,2016-03-11,157995,170000
2512,2016-03-11,2022-11-24,170000,242000
2513,2007-07-31,2017-07-28,191995,243000
2513,2017-07-28,2019-05-03,243000,239500
2513,2019-05-03,2025-12-19,239500,300000
2514,2007-09-28,2013-05-17,205995,183000
2514,2013-05-17,2021-06-25,183000,242000
2515,2007-06-29,2014-04-04,149995,146750
2516,2007-10-31,2017-10-09,197995,215000
2516,2017-10-09,2024-12-19,215000,290000
2517,2007-06-29,2012-09-11,149995,136500
2519,2014-06-27,2017-03-10,85000,90000
2520,2014-09-29,2018-05-31,54000,61200
2520,2018-05-31,2020-11-16,61200,63000
2521,2007-10-12,2012-12-07,55000,95000
2521,2012-12-07,2015-09-25,95000,124000
2524,2007-10-19,2010-10-22,55000,62100
2524,2010-10-22,2021-11-05,62100,71000
2525,2007-11-09,2025-08-01,49613,67500
2526,2007-10-05,2012-08-20,188095,175000
2527,2007-09-27,2016-06-27,212995,242000
2527,2016-06-27,2025-03-27,242000,307500
2528,2007-10-15,2009-08-28,198995,174995
2528,2009-08-28,2013-10-23,174995,172000
2528,2013-10-23,2024-08-16,172000,270000
2529,2007-09-25,2019-02-15,212995,263000
2529,2019-02-15,2024-09-20,263000,327500
2532,2007-07-30,2017-09-08,212995,240000
2533,2007-03-23,2023-06-29,149995,197000
2534,2007-06-29,2012-02-21,202345,191000
2536,2007-04-30,2019-03-06,195000,228000
2538,2007-03-16,2016-12-19,186350,215000
2539,2007-03-16,2008-12-05,212995,160000
2540,2007-03-06,2008-12-12,197995,185000
2540,2008-12-12,2009-03-27,185000,147000
2540,2009-03-27,2018-06-29,147000,235000
2540,2018-06-29,2018-06-29,235000,235500
2540,2018-06-29,2023-08-21,235500,292500
2542,1998-08-11,1999-09-30,91500,95000
2542,1999-09-30,2015-10-29,95000,275000
2543,1997-04-11,2001-05-18,70000,118000
2543,2001-05-18,2005-11-11,118000,194000
2545,2006-11-23,2009-06-05,207500,180000
2545,2009-06-05,2017-11-30,180000,280000
2546,1997-07-16,1998-06-05,82000,50000
2546,1998-06-05,2003-11-07,50000,176500
2548,2001-09-14,2002-12-20,115000,159950
2548,2002-12-20,2005-06-17,159950,161000
2549,2001-09-24,2021-01-15,115000,240000
2550,2001-10-25,2004-09-10,124500,190000
2550,2004-09-10,2011-09-02,190000,165000
2550,2011-09-02,2016-08-26,165000,234000
2550,2016-08-26,2018-08-02,234000,243000
2552,2001-08-03,2005-04-08,124500,187500
2552,2005-04-08,2022-03-14,187500,280000
2553,2001-07-18,2005-12-09,153000,237000
2554,2001-09-28,2006-08-01,90000,145000
2554,2006-08-01,2010-12-23,145000,142000
2554,2010-12-23,2020-06-19,142000,220000
2554,2020-06-19,2025-01-06,220000,255000
2555,2001-11-26,2005-02-10,162000,250000
2555,2005-02-10,2012-06-12,250000,247000
2556,2001-07-20,2013-12-06,160000,270000
2556,2013-12-06,2020-06-19,270000,345000
2557,1997-05-20,2002-01-31,50000,90000
2557,2002-01-31,2006-03-24,90000,135000
2557,2006-03-24,2014-10-16,135000,148750
2558,2011-10-04,2021-09-30,130000,200000
2559,2004-03-24,2007-08-30,129950,157500
2559,2007-08-30,2013-08-23,157500,142000
2560,2000-12-20,2003-11-14,71950,118000
2560,2003-11-14,2010-05-05,118000,142000
2560,2010-05-05,2016-12-02,142000,165000
2561,2007-03-05,2017-09-01,150000,186000
2563,2000-07-28,2002-08-22,78000,105000
2563,2002-08-22,2006-10-13,105000,150000
2563,2006-10-13,2016-03-24,150000,185000
2563,2016-03-24,2024-08-09,185000,240000
2565,1999-04-16,2018-03-23,40000,122500
2565,2018-03-23,2019-05-30,122500,152500
2567,2008-05-29,2019-08-22,134000,209000
2568,2004-02-27,2007-04-24,120000,145000
2571,1996-05-24,2019-03-29,45000,220000
2575,1998-05-19,2003-06-20,57000,112500
2575,2003-06-20,2013-05-10,112500,145000
2575,2013-05-10,2026-02-04,145000,290000
2577,2000-06-09,2024-10-04,76995,258000
2579,1997-02-13,2001-03-30,30000,48000
2579,2001-03-30,2004-03-31,48000,85000
2580,2008-11-21,2013-02-22,71200,95000
2581,2007-10-22,2018-08-16,102000,128000
2585,2014-02-07,2014-10-09,139500,175000
2585,2014-10-09,2017-07-20,175000,190000
2588,2000-04-20,2006-10-20,68950,139000
2588,2006-10-20,2019-07-12,139000,198000
2588,2019-07-12,2024-12-12,198000,237500
2594,1997-09-24,2006-01-04,53000,135000
2594,2006-01-04,2020-03-26,135000,195000
2598,1996-12-06,2001-07-31,42500,85000
2598,2001-07-31,2011-11-15,85000,137000
2599,2000-02-18,2003-11-13,69000,105500
2600,2000-05-04,2005-02-11,67000,135000
2600,2005-02-11,2013-07-19,135000,148000
2600,2013-07-19,2017-01-09,148000,178000
2600,2017-01-09,2020-09-14,178000,200000
2600,2020-09-14,2020-10-30,200000,200000
2601,1999-11-26,2002-09-20,67000,97500
2601,2002-09-20,2005-11-11,97500,135000
2602,2007-08-30,2021-01-15,136225,202500
2602,2021-01-15,2025-03-06,202500,255000
2604,2009-04-24,2021-02-26,125000,201500
2605,1995-06-30,2004-03-12,45000,114000
2606,2000-03-17,2017-11-01,65000,160000
2606,2017-11-01,2020-02-04,160000,179000
2607,2006-05-19,2015-05-15,120000,152000
2607,2015-05-15,2021-07-05,152000,215000
2608,2003-03-21,2005-03-04,102000,138000
2612,1996-06-28,2001-02-16,46000,77000
2612,2001-02-16,2025-11-17,77000,275000
2613,2004-11-15,2005-07-13,70000,108000
2615,2002-09-16,2004-08-23,96500,132000
2615,2004-08-23,2023-07-04,132000,233000
2617,2004-04-30,2011-08-26,125000,135000
2617,2011-08-26,2019-08-02,135000,198000
2619,2014-01-15,2017-11-27,140000,190000
2620,1997-08-08,2001-09-14,52000,70000
2622,1996-12-17,1999-10-08,37000,59000
2622,1999-10-08,2003-05-30,59000,100000
2622,2003-05-30,2020-05-28,100000,190000
2623,2011-06-28,2023-11-03,106000,240000
2624,2024-12-20,2025-01-27,240000,251000
2625,1999-08-02,2004-03-03,59000,119000
2625,2004-03-03,2006-11-01,119000,148000
2625,2006-11-01,2020-03-27,148000,212500
2626,2007-08-31,2019-12-06,136000,192000
2628,2001-02-02,2019-12-18,62500,195000
2629,1997-10-22,2016-07-29,48000,144000
2634,1998-06-12,2005-10-18,57000,137000
2637,2006-09-05,2021-02-11,142000,206000
2638,1996-08-23,2015-08-07,38000,148500
2638,2015-08-07,2017-12-08,148500,165000
2640,2001-05-24,2002-01-18,67500,81000
2640,2002-01-18,2024-04-22,81000,240000
2643,1997-05-29,2001-09-17,54005,78000
2643,2001-09-17,2004-03-24,78000,118000
2645,2000-03-03,2015-10-19,65000,137000
2646,2018-06-29,2022-12-15,125000,157000
2648,2008-01-11,2018-11-30,62500,64500
2648,2018-11-30,2021-02-04,64500,67500
2651,2021-11-02,2026-01-30,133500,140000
2652,2008-03-28,2013-03-15,110000,51500
2652,2013-03-15,2017-07-21,51500,100000
2652,2017-07-21,2022-12-20,100000,123000
2656,2007-12-14,2021-11-17,80750,115000
2657,2008-01-24,2015-10-01,90000,196500
2658,2008-01-18,2020-05-15,90000,122500
2660,2017-10-18,2021-12-16,2000000,3194909
2662,2004-11-26,2008-07-31,107000,128000
2662,2008-07-31,2008-10-24,128000,117500
2662,2008-10-24,2016-09-30,117500,159000
2663,2004-06-30,2021-05-28,97500,177200
2663,2021-05-28,2025-03-28,177200,215000
2664,2003-12-19,2016-09-05,205000,246800
2665,2003-11-28,2005-05-27,176316,180000
2665,2005-05-27,2014-04-07,180000,190000
2665,2014-04-07,2016-09-13,190000,203000
2665,2016-09-13,2024-12-20,203000,285000
2666,2004-02-06,2008-11-14,180000,160000
2666,2008-11-14,2023-04-06,160000,315000
2667,2004-02-27,2008-06-05,196000,125000
2669,2003-11-28,2006-05-19,167500,191000
2669,2006-05-19,2007-09-14,191000,205000
2669,2007-09-14,2007-11-16,205000,190000
2669,2007-11-16,2025-06-26,190000,277500
2670,2003-12-19,2011-10-21,235000,192000
2671,2004-04-30,2018-03-27,204203,255000
2671,2018-03-27,2022-02-25,255000,320500
2674,2004-05-28,2008-05-19,206103,200000
2674,2008-05-19,2008-06-18,200000,192000
2674,2008-06-18,2011-08-23,192000,183000
2674,2011-08-23,2019-10-24,183000,243500
2676,2004-06-30,2020-02-12,210950,260000
2677,2004-02-27,2007-07-27,222000,240000
2677,2007-07-27,2007-10-26,240000,200000
2678,2004-06-11,2014-06-30,170000,189950
2679,2004-03-26,2007-01-03,209950,222000
2679,2007-01-03,2020-12-02,222000,275000
2681,2004-10-22,2007-12-11,225000,235000
2682,2007-08-24,2011-08-19,90000,140000
2685,2004-09-16,2016-08-01,215750,240000
2687,2010-08-20,2013-06-28,75000,70000
2688,2004-04-30,2011-12-12,165000,175000
2689,2004-11-05,2007-05-17,79500,90000
2690,2004-09-30,2005-12-02,217000,223000
2690,2005-12-02,2011-04-08,223000,198500
2691,2022-03-16,2025-10-02,187500,195000
2694,2005-03-24,2019-01-11,88750,223500
2695,2004-10-12,2019-08-30,195000,260000
2695,2019-08-30,2021-01-08,260000,275000
2696,2006-09-01,2021-08-20,242100,292000
2697,2004-08-27,2006-04-27,201000,227500
2697,2006-04-27,2015-07-13,227500,190000
2698,2006-08-11,2013-11-29,219950,192000
2699,2004-09-27,2015-11-27,236000,270000
2700,2006-06-16,2012-02-03,199950,172000
2700,2012-02-03,2021-05-28,172000,239500
2701,2004-08-24,2009-04-03,250000,199012
2702,2006-06-16,2012-05-11,199950,167000
2704,2006-07-14,2020-06-01,169950,230000
2704,2020-06-01,2023-10-25,230000,260000
2705,2007-12-13,2020-07-17,205000,270000
2707,2006-06-28,2017-08-09,175000,208500
2708,2006-03-24,2016-11-23,175950,185000
2708,2016-11-23,2021-02-23,185000,213000
2711,2006-05-26,2014-04-03,229950,220000
2713,2006-05-19,2014-05-09,212950,215000
2713,2014-05-09,2017-09-22,215000,265000
2713,2017-09-22,2025-03-20,265000,335000
2714,2004-12-10,2025-01-09,169950,250000
2716,2004-12-10,2013-09-24,169950,162000
2716,2013-09-24,2023-06-16,162000,255000
2717,2006-05-19,2009-09-11,209950,95038
2717,2009-09-11,2019-07-26,95038,255000
2718,2005-11-22,2019-02-12,185950,245225
2718,2019-02-12,2023-11-01,245225,278000
2719,2006-05-23,2019-05-09,169950,202000
2720,2005-06-03,2007-08-31,178149,191000
2720,2007-08-31,2016-07-25,191000,215000
2720,2016-07-25,2021-10-20,215000,245000
2721,2006-04-07,2009-08-17,209950,183500
2721,2009-08-17,2016-03-15,183500,224500
2722,2005-04-22,2008-02-29,165000,186000
2722,2008-02-29,2013-12-06,186000,175500
2722,2013-12-06,2019-09-13,175500,230000
2723,2006-03-31,2020-02-28,197950,230000
2724,2005-07-22,2011-03-10,169950,167500
2724,2011-03-10,2013-10-31,167500,170000
2724,2013-10-31,2016-05-25,170000,211000
2725,2006-03-31,2020-07-06,199950,230000
2727,2006-03-24,2019-06-14,164302,217000
2728,2005-06-17,2010-12-16,179950,170000
2728,2010-12-16,2015-10-23,170000,207500
2729,2006-08-25,2009-10-28,171950,163500
2729,2009-10-28,2013-11-27,163500,165000
2729,2013-11-27,2014-12-04,165000,170000
2729,2014-12-04,2023-05-02,170000,257000
2730,2005-07-14,2015-07-03,189950,197500
2732,2005-08-26,2006-06-23,169950,176000
2733,2005-10-28,2013-12-20,179950,187500
2734,2005-12-22,2014-05-30,179950,185000
2734,2014-05-30,2020-03-16,185000,227000
2735,2005-11-21,2010-05-21,168000,181500
2735,2010-05-21,2020-10-30,181500,225000
2736,2005-12-08,2012-07-24,204950,175000
2736,2012-07-24,2019-04-30,175000,188600
2736,2019-04-30,2019-06-25,188600,222000
2737,2005-10-28,2014-08-07,205950,210000
2737,2014-08-07,2021-06-02,210000,254000
2738,2005-12-09,2013-10-09,179950,179000
2739,2006-02-10,2019-10-25,181950,237000
2740,2006-03-31,2014-09-26,181950,183000
2740,2014-09-26,2017-09-15,183000,217500
2742,2005-12-02,2017-06-23,169950,215000
2743,2006-02-14,2015-11-06,168950,169995
2743,2015-11-06,2021-06-25,169995,225000
2744,2005-12-16,2015-08-05,168950,170000
2744,2015-08-05,2023-10-31,170000,257000
2745,2005-12-20,2020-09-23,194950,257500
2746,2006-03-03,2025-12-19,209950,320000
2747,2006-02-03,2023-08-22,175950,283000
2748,2006-01-20,2012-02-22,169950,149700
2751,2007-12-18,2014-12-08,68400,169950
2753,2007-12-14,2020-04-22,76000,190000
2757,2008-02-08,2016-03-03,181950,177000
2757,2016-03-03,2025-12-19,177000,255000
2759,2004-11-12,2008-10-31,107000,125000
2759,2008-10-31,2010-04-16,125000,132000
2759,2010-04-16,2016-11-09,132000,160000
2761,2004-06-30,2006-08-25,160750,185000
2761,2006-08-25,2013-08-01,185000,180000
2762,2004-12-06,2021-05-06,206000,307500
2763,2004-06-30,2020-06-29,164302,250000
2763,2020-06-29,2024-05-29,250000,270000
2764,2004-02-06,2004-12-20,170000,174000
2764,2004-12-20,2015-05-01,174000,195000
2764,2015-05-01,2021-09-29,195000,230000
2765,2003-12-23,2015-12-11,190000,205000
2765,2015-12-11,2021-03-09,205000,240000
2766,2004-01-23,2015-07-24,195000,200000
2767,2003-09-29,2009-11-23,160000,165000
2768,2003-11-19,2006-10-20,167500,190000
2769,2004-06-30,2007-10-01,182000,190000
2769,2007-10-01,2008-03-14,190000,230000
2769,2008-03-14,2019-04-12,230000,249000
2769,2019-04-12,2024-11-19,249000,270000
2770,2004-12-20,2009-08-28,204000,188000
2771,2004-09-30,2012-04-27,175000,160000
2771,2012-04-27,2017-07-12,160000,206000
2773,2004-09-30,2013-12-17,165000,155000
2773,2013-12-17,2018-05-04,155000,225000
2773,2018-05-04,2022-06-28,225000,279500
2774,2005-03-04,2024-02-12,147000,275000
2774,2024-02-12,2024-02-16,275000,285000
2777,2003-12-17,2016-10-14,132000,200000
2777,2016-10-14,2025-02-05,200000,287500
2778,2005-02-11,2008-08-08,132000,179950
2779,2004-12-23,2006-06-16,132000,165000
2779,2006-06-16,2014-04-04,165000,168000
2779,2014-04-04,2016-06-06,168000,185000
2780,2004-12-16,2012-03-23,132000,165500
2781,2004-12-23,2021-04-21,185550,240000
2781,2021-04-21,2022-05-04,240000,300000
2782,2004-10-28,2006-05-30,200480,199995
2782,2006-05-30,2015-10-23,199995,195000
2783,2004-12-23,2020-03-13,185450,200000
2784,2004-12-23,2021-07-30,179000,272500
2786,2006-09-06,2014-09-30,174950,185000
2786,2014-09-30,2014-11-07,185000,186000
2787,2006-09-21,2015-11-27,175950,197000
2787,2015-11-27,2023-09-22,197000,265000
2788,2006-09-22,2007-07-27,205950,205000
2788,2007-07-27,2015-12-11,205000,218000
2790,2006-10-26,2010-04-30,204950,190000
2790,2010-04-30,2021-02-05,190000,237500
2791,2006-10-26,2013-06-06,195950,176250
2793,2006-12-08,2018-01-31,204950,217500
2793,2018-01-31,2024-01-12,217500,255000
2794,2007-09-28,2020-07-10,138370,153750
2798,2006-12-08,2016-08-05,149950,135000
2798,2016-08-05,2022-12-15,135000,170000
2799,2007-02-23,2014-02-10,154950,125000
2799,2014-02-10,2024-10-30,125000,179950
2800,2007-04-13,2023-09-15,134950,149000
2801,2007-06-22,2016-10-21,134950,125000
2802,2006-12-01,2014-06-19,214950,215000
2803,2007-01-12,2021-12-10,204950,237000
2805,2006-11-24,2010-10-15,208950,180000
2805,2010-10-15,2019-04-18,180000,220000
2805,2019-04-18,2022-09-02,220000,275000
2805,2022-09-02,2024-02-23,275000,282500
2806,2007-02-15,2011-05-06,162950,147500
2807,2007-06-15,2018-06-08,209950,240000
2807,2018-06-08,2021-09-21,240000,246500
2808,2007-04-05,2026-02-13,186950,300000
2809,2007-02-02,2018-11-29,229950,268000
2810,2007-03-30,2022-07-20,174950,280000
2811,2007-02-16,2022-08-22,172950,250000
2812,2007-04-27,2016-08-26,189950,217500
2813,2007-02-16,2018-05-04,180950,220000
2813,2018-05-04,2024-10-18,220000,267500
2814,2007-11-30,2018-05-15,170000,200000
2816,2007-07-30,2014-01-17,187950,159000
2816,2014-01-17,2018-09-14,159000,211000
2816,2018-09-14,2024-02-29,211000,275000
2818,2007-06-08,2017-09-08,212950,237000
2819,2007-02-20,2017-08-18,140000,144500
2819,2017-08-18,2020-03-27,144500,146000
2820,2007-07-20,2015-11-02,212950,200000
2820,2015-11-02,2022-03-07,200000,262000
2821,2007-02-16,2023-12-19,149950,160000
2822,2008-01-08,2022-11-30,244950,330000
2823,2007-04-27,2016-04-29,149950,140000
2823,2016-04-29,2018-08-24,140000,145000
2823,2018-08-24,2022-11-11,145000,163000
2825,2007-06-08,2013-07-05,144950,118000
2827,2007-11-30,2013-09-26,131950,117500
2827,2013-09-26,2017-01-31,117500,126000
2827,2017-01-31,2017-02-07,126000,127000
2827,2017-02-07,2019-06-21,127000,145000
2827,2019-06-21,2023-12-28,145000,145000
2828,2007-11-16,2014-12-12,247950,240000
2829,2007-05-18,2021-10-15,134950,150000
2830,2007-06-15,2023-09-15,200950,262500
2831,2007-06-20,2018-08-31,210950,242500
2832,2007-06-22,2016-03-31,209950,205000
2833,2001-12-17,2002-10-17,82500,114950
2837,2001-01-19,2004-08-27,54500,105000
2837,2004-08-27,2022-05-17,105000,135000
2838,2016-12-22,2017-07-18,98000,159995
2840,2016-01-22,2017-07-28,170000,202000
2841,2006-05-12,2012-06-15,139950,142000
2841,2012-06-15,2021-05-13,142000,210000
2842,1995-01-13,1999-12-17,23205,71995
2842,1999-12-17,2002-02-08,71995,78000
2843,2000-03-24,2002-04-05,73700,109000
2843,2002-04-05,2006-04-05,109000,139950
2843,2006-04-05,2009-11-11,139950,140000
2844,2006-07-13,2021-04-07,144000,203500
2846,2000-03-22,2001-11-12,73500,86500
2846,2001-11-12,2003-12-05,86500,128000
2847,2003-06-20,2008-03-20,83000,120000
2847,2008-03-20,2015-12-11,120000,128000
2847,2015-12-11,2020-11-25,128000,150000
2848,2003-08-06,2022-08-30,118000,232500
2849,2004-04-08,2006-05-22,96000,119000
2849,2006-05-22,2007-12-14,119000,125000
2849,2007-12-14,2017-07-28,125000,143000
2849,2017-07-28,2020-01-06,143000,145000
2850,2003-09-29,2006-04-07,115000,143000
2850,2006-04-07,2014-04-11,143000,171000
2850,2014-04-11,2020-01-14,171000,210000
2851,1995-02-24,1996-04-26,47000,46000
2851,1996-04-26,2002-04-24,46000,84995
2851,2002-04-24,2003-12-12,84995,119995
2855,2017-02-10,2019-05-22,200000,215000
2856,2011-02-25,2016-03-21,123000,197500
2856,2016-03-21,2021-01-15,197500,217500
2858,2010-02-16,2010-06-11,120000,140000
2858,2010-06-11,2020-07-17,140000,215000
2859,1997-01-31,1998-02-06,41000,48000
2860,1998-08-21,2005-02-11,58000,121000
2860,2005-02-11,2007-09-24,121000,164000
2860,2007-09-24,2020-02-14,164000,168000
2863,1995-01-06,2003-02-24,24500,108000
2863,2003-02-24,2015-08-24,108000,163500
2864,1996-04-03,1999-01-22,50000,52000
2865,1998-01-30,2002-04-16,49000,60000
2865,2002-04-16,2002-12-12,60000,108000
2865,2002-12-12,2019-03-29,108000,185000
2865,2019-03-29,2019-04-12,185000,187500
2866,1998-12-22,2010-09-24,102000,210000
2866,2010-09-24,2016-12-23,210000,253000
2866,2016-12-23,2019-10-22,253000,287000
2867,2010-07-16,2014-09-19,163000,177000
2867,2014-09-19,2019-07-17,177000,215000
2868,1996-05-21,1998-04-03,55000,69500
2868,1998-04-03,2021-01-22,69500,270000
2869,1995-06-27,2001-02-16,45000,78000
2869,2001-02-16,2009-09-18,78000,139995
2869,2009-09-18,2022-11-17,139995,225000
2871,1995-10-31,2019-05-03,42000,175000
2871,2019-05-03,2024-02-23,175000,206000
2872,2000-05-19,2006-10-31,70000,142000
2872,2006-10-31,2014-04-17,142000,154000
2875,1998-07-30,2000-07-07,56950,69500
2875,2000-07-07,2026-01-29,69500,249999
2876,1996-06-28,2013-03-28,47250,134500
2877,2002-06-14,2010-10-29,93500,135000
2877,2010-10-29,2015-06-15,135000,155000
2877,2015-06-15,2022-05-20,155000,215000
2878,2014-04-30,2018-05-10,144600,190000
2879,1998-03-31,2018-08-10,53000,174200
2879,2018-08-10,2022-02-25,174200,215000
2881,2004-01-16,2007-06-15,112000,155000
2881,2007-06-15,2015-10-02,155000,165000
2881,2015-10-02,2019-10-11,165000,191000
2882,1996-11-18,1997-06-13,48500,52000
2882,1997-06-13,2001-10-31,52000,77000
2882,2001-10-31,2006-05-16,77000,137500
2882,2006-05-16,2012-04-27,137500,120000
2883,1996-05-31,2000-08-09,43500,78000
2883,2000-08-09,2015-06-05,78000,164000
2883,2015-06-05,2018-05-02,164000,208520
2884,1997-12-05,2001-03-27,51750,70500
2885,1997-12-12,2020-10-30,55000,184000
2886,1997-06-27,2000-01-28,47500,60000
2887,1996-03-29,1998-03-30,55500,67500
2889,1999-05-28,2003-06-04,57500,107500
2890,1999-07-16,2010-06-25,59000,133000
2890,2010-06-25,2018-01-09,133000,170000
2891,1997-06-13,2007-01-04,49500,139000
2893,1995-06-23,1998-07-24,46500,52000
2893,1998-07-24,2011-06-10,52000,134000
2893,2011-06-10,2024-08-30,134000,207000
2894,1998-09-30,2005-11-25,58500,134500
2894,2005-11-25,2014-02-21,134500,138000
2894,2014-02-21,2017-12-06,138000,180000
2895,2010-05-19,2015-11-20,132000,166000
2895,2015-11-20,2021-03-22,166000,195000
2898,1995-05-05,1999-06-07,45000,56500
2898,1999-06-07,2006-03-31,56500,136000
2898,2006-03-31,2007-04-30,136000,148500
2899,1998-05-21,1999-08-06,62950,67500
2899,1999-08-06,2005-03-11,67500,160000
2899,2005-03-11,2006-10-18,160000,165000
2899,2006-10-18,2024-09-06,165000,262000
2901,2000-09-25,2020-06-10,58000,140000
2902,1999-11-05,2007-08-29,69995,165000
2903,1999-10-29,2018-03-16,59950,170000
2903,2018-03-16,2023-08-18,170000,200500
2904,1995-03-30,1998-06-12,53250,63000
2904,1998-06-12,2003-12-18,63000,129600
2904,2003-12-18,2006-07-03,129600,147000
2904,2006-07-03,2014-09-26,147000,185000
2905,1995-10-16,2004-05-26,45000,124500
2907,2015-10-26,2024-08-09,172500,260000
2909,2000-02-04,2002-04-26,66000,90000
2910,1999-12-13,2003-08-08,59000,103000
2911,1995-07-05,1999-08-20,45000,54500
2911,1999-08-20,2002-04-24,54500,85000
2912,2000-10-18,2007-05-16,66000,150000
2912,2007-05-16,2015-01-30,150000,160000
2913,2001-07-27,2006-06-12,72000,136000
2914,1999-09-17,2000-06-23,58000,60000
2914,2000-06-23,2001-05-18,60000,60000
2914,2001-05-18,2025-07-30,60000,230000
2916,1997-03-21,1999-07-16,47000,57950
2916,1999-07-16,2004-08-27,57950,135000
2916,2004-08-27,2006-06-23,135000,140000
2916,2006-06-23,2013-03-25,140000,130000
2916,2013-03-25,2024-07-26,130000,205000
2917,1995-11-23,1999-04-30,46500,57000
2917,1999-04-30,2005-10-27,57000,134500
2917,2005-10-27,2010-06-24,134500,133000
2919,2006-11-10,2015-06-05,158000,165000
2920,1996-04-26,2013-01-08,47500,129500
2921,1995-09-22,1998-11-18,51500,60000
2921,1998-11-18,2002-08-16,60000,115000
2921,2002-08-16,2003-03-28,115000,129950
2922,1997-09-26,2000-11-10,47500,68000
2922,2000-11-10,2005-07-29,68000,120000
2922,2005-07-29,2017-04-13,120000,160000
2923,2014-11-26,2025-10-03,180000,312000
2924,1997-12-19,2006-08-14,48500,138890
2924,2006-08-14,2017-05-31,138890,165000
2925,2001-04-03,2003-03-14,76650,125000
2925,2003-03-14,2026-01-30,125000,270000
2926,1997-09-17,2001-07-20,52000,75000
2926,2001-07-20,2003-09-01,75000,113500
2927,1999-04-30,2000-06-09,58500,64950
2927,2000-06-09,2002-12-13,64950,105500
2927,2002-12-13,2012-08-21,105500,136000
2928,1997-07-25,1998-05-28,43500,52500
2928,1998-05-28,2000-01-21,52500,59950
2928,2000-01-21,2002-12-03,59950,109950
2929,1996-05-03,1998-08-21,43000,53000
2929,1998-08-21,2002-04-05,53000,79950
2929,2002-04-05,2007-03-29,79950,147500
2929,2007-03-29,2014-01-09,147500,134000
2929,2014-01-09,2024-01-08,134000,200000
2930,1997-04-18,1998-05-22,45000,52950
2930,1998-05-22,2002-11-04,52950,95000
2931,2000-10-20,2001-11-02,65000,76000
2933,1995-08-31,1996-12-06,48000,49000
2933,1996-12-06,2001-12-14,49000,85995
2933,2001-12-14,2007-01-12,85995,154000
2933,2007-01-12,2013-09-27,154000,147500
2934,1997-03-03,2000-09-22,45000,65000
2934,2000-09-22,2017-03-24,65000,162000
2935,1997-07-17,1998-11-20,50000,54500
2935,1998-11-20,2025-02-28,54500,236000
2936,2007-04-27,2016-11-04,54000,150000
2937,2006-06-30,2019-06-04,135500,179000
2938,1997-08-22,2003-04-11,47500,104000
2938,2003-04-11,2006-07-07,104000,136950
2938,2006-07-07,2013-10-04,136950,123500
2939,1996-09-06,2004-06-11,41500,60000
2941,2002-12-12,2006-09-05,103000,140000
2943,1996-08-30,2007-01-11,45500,120500
2943,2007-01-11,2010-04-30,120500,122500
2943,2010-04-30,2014-07-17,122500,155000
2944,2005-02-28,2006-10-30,118000,140000
2945,1995-09-06,2000-10-23,46500,63500
2945,2000-10-23,2002-04-19,63500,89950
2945,2002-04-19,2007-02-15,89950,135000
2946,2005-07-29,2020-02-07,118000,180000
2947,1997-06-02,2002-07-04,45500,88000
2947,2002-07-04,2014-07-08,88000,140000
2948,1995-08-25,2002-08-16,45000,98000
2948,2002-08-16,2011-10-10,98000,125000
2948,2011-10-10,2017-12-07,125000,175000
2949,2002-06-06,2008-07-04,106950,148500
2949,2008-07-04,2016-08-19,148500,209950
2951,2003-01-24,2004-12-13,110000,138000
2951,2004-12-13,2022-06-06,138000,225000
2952,2001-07-20,2006-01-06,82500,142500
2953,1996-12-19,1999-02-19,47000,56000
2953,1999-02-19,2003-07-04,56000,115000
2953,2003-07-04,2014-10-24,115000,167000
2953,2014-10-24,2017-09-01,167000,205000
2953,2017-09-01,2020-01-24,205000,213000
2953,2020-01-24,2023-01-19,213000,245000
2954,1999-08-06,2011-11-25,66350,137500
2954,2011-11-25,2018-07-27,137500,230000
2954,2018-07-27,2025-03-05,230000,280000
2957,1999-07-01,2004-08-20,62500,150500
2957,2004-08-20,2015-07-14,150500,181000
2958,1995-06-09,1998-03-06,47000,55500
2958,1998-03-06,2001-04-12,55500,86000
2960,2010-06-30,2015-12-18,147500,170000
2960,2015-12-18,2019-10-24,170000,215000
2962,1995-09-29,1998-10-12,43750,48250
2962,1998-10-12,2019-11-12,48250,170000
2962,2019-11-12,2021-07-15,170000,208000
2964,2002-11-29,2007-03-16,126000,172500
2965,1998-12-18,2001-03-23,47750,65000
2965,2001-03-23,2017-03-24,65000,165500
2965,2017-03-24,2020-11-20,165500,185000
2966,1999-06-28,2004-08-09,51950,127000
2966,2004-08-09,2017-06-08,127000,163000
2966,2017-06-08,2018-03-09,163000,175000
2966,2018-03-09,2025-11-17,175000,221500
2968,1998-04-30,2002-09-27,45500,95000
2968,2002-09-27,2009-07-27,95000,110000
2968,2009-07-27,2013-12-12,110000,122500
2968,2013-12-12,2024-03-28,122500,218500
2969,1998-07-31,2015-12-10,58500,180000
2970,2003-02-17,2022-04-11,105000,215000
2971,1996-08-09,2002-04-04,44000,77000
2971,2002-04-04,2003-11-28,77000,101500
2971,2003-11-28,2023-05-04,101500,173500
2972,2013-03-27,2016-02-26,120000,173500
2972,2016-02-26,2024-12-18,173500,220000
2974,2014-06-30,2022-07-29,135000,220000
2975,2012-08-16,2015-05-05,115000,147000
2976,2005-02-11,2012-12-20,120000,129000
2977,1998-06-12,1998-06-12,47500,48000
2977,1998-06-12,2002-07-05,48000,86500
2977,2002-07-05,2006-03-17,86500,129995
2977,2006-03-17,2012-10-05,129995,126000
2978,1999-03-31,2004-06-14,55000,119950
2978,2004-06-14,2014-08-04,119950,138000
2979,1995-08-04,2011-03-18,44000,62000
2979,2011-03-18,2014-10-23,62000,70000
2979,2014-10-23,2018-08-24,70000,165000
2979,2018-08-24,2024-09-27,165000,210000
2979,2024-09-27,2025-08-14,210000,230000
2980,1998-04-02,2019-04-30,54650,162000
2981,1997-08-07,2003-01-31,49950,106000
2981,2003-01-31,2015-09-11,106000,160000
2981,2015-09-11,2021-01-14,160000,215250
2981,2021-01-14,2024-07-12,215250,275000
2990,2012-05-31,2013-09-27,154000,250000
2991,2003-09-10,2012-08-31,140000,340000
2991,2012-08-31,2016-09-26,340000,500000
2992,2000-11-03,2014-07-11,80000,168000
2992,2014-07-11,2018-02-06,168000,235000
2993,1997-02-17,1999-10-01,31000,41500
2993,1999-10-01,2007-10-02,41500,121500
2993,2007-10-02,2017-12-19,121500,152150
2994,1995-01-06,1998-02-16,39950,44950
2994,1998-02-16,2001-10-29,44950,86000
2995,2009-10-20,2011-01-28,225000,225000
2995,2011-01-28,2016-05-18,225000,320000
2995,2016-05-18,2024-03-18,320000,400000
2997,2016-06-20,2020-08-14,117000,146000
2997,2020-08-14,2022-09-27,146000,173000
2998,2016-09-05,2023-07-14,66500,81000
2999,2016-11-11,2017-05-04,205000,240000
3003,2001-11-30,2011-06-15,105000,177500
3004,1996-05-31,1996-10-31,32000,38000
3004,1996-10-31,2006-05-22,38000,136000
3004,2006-05-22,2015-11-09,136000,157000
3004,2015-11-09,2022-07-04,157000,199000
3005,1997-08-14,2004-09-05,10000,116000
3005,2004-09-05,2007-01-26,116000,176000
3007,1998-06-12,2001-10-29,43950,77000
3007,2001-10-29,2003-04-14,77000,112000
3007,2003-04-14,2012-06-29,112000,117500
3007,2012-06-29,2017-12-08,117500,156000
3007,2017-12-08,2022-10-28,156000,182500
3011,1997-12-19,1998-12-22,57000,63000
3011,1998-12-22,2001-04-20,63000,108000
3011,2001-04-20,2003-02-14,108000,136000
3011,2003-02-14,2004-11-05,136000,158000
3011,2004-11-05,2012-01-18,158000,155000
3012,1999-08-13,2000-03-10,60000,36500
3012,2000-03-10,2000-03-31,36500,74000
3012,2000-03-31,2003-10-27,74000,113000
3012,2003-10-27,2004-05-07,113000,64000
3012,2004-05-07,2005-08-30,64000,140000
3012,2005-08-30,2006-06-09,140000,80000
3012,2006-06-09,2007-09-28,80000,152500
3012,2007-09-28,2009-09-04,152500,138000
3013,1998-12-16,2020-08-24,187500,755000
3014,2004-03-24,2007-12-07,165000,197500
3015,1998-10-23,2002-05-31,93000,144500
3015,2002-05-31,2003-12-12,144500,180000
3015,2003-12-12,2008-06-25,180000,218995
3016,1996-12-02,2002-04-22,60000,115000
3016,2002-04-22,2005-03-09,115000,189000
3016,2005-03-09,2012-11-09,189000,167000
3016,2012-11-09,2016-05-06,167000,235000
3017,2014-05-16,2020-02-11,85000,105000
3021,2014-04-01,2020-02-11,70000,125000
3022,2013-03-01,2019-07-18,158000,195000
3025,2019-04-05,2025-12-17,155000,205000
3027,2009-05-02,2018-11-13,100000,185000
3027,2018-11-13,2024-11-15,185000,223500
3027,2024-11-15,2025-12-17,223500,215000
3029,2019-07-12,2025-12-17,210000,245000
3031,1995-11-16,2016-10-28,337999,700000
3031,2016-10-28,2017-08-01,700000,998388
3032,2021-04-16,2023-01-27,517500,755000
3033,2004-10-01,2006-11-10,277500,335000
3033,2006-11-10,2010-07-15,335000,315000
3033,2010-07-15,2018-01-22,315000,475000
3035,2012-08-17,2020-03-27,366000,665000
3036,2013-07-16,2014-12-05,155000,230000
3037,2009-06-12,2013-02-22,135000,152000
3037,2013-02-22,2021-06-11,152000,200000
3039,2003-09-19,2006-05-19,131000,153000
3039,2006-05-19,2017-08-25,153000,187000
3039,2017-08-25,2022-10-07,187000,255000
3039,2022-10-07,2023-07-21,255000,265000
3040,2004-03-15,2008-02-01,166000,195000
3040,2008-02-01,2013-11-25,195000,210000
3041,2003-10-29,2007-04-23,550000,975000
3042,2016-01-22,2021-08-13,380000,335000
3044,2003-06-30,2003-06-30,125000,125000
3044,2003-06-30,2014-11-04,125000,150000
3044,2014-11-04,2022-06-17,150000,210000
3045,2000-10-13,2004-04-30,76500,127000
3045,2004-04-30,2006-10-27,127000,152500
3045,2006-10-27,2009-09-11,152500,116000
3045,2009-09-11,2009-12-18,116000,148000
3046,2004-11-17,2007-05-17,158000,230000
3046,2007-05-17,2023-07-27,230000,295000
3047,1996-06-21,2000-08-21,44000,78000
3047,2000-08-21,2005-03-24,78000,117500
3048,2004-11-18,2005-05-06,235000,325000
3049,2012-03-21,2016-12-09,202000,245000
3049,2016-12-09,2025-02-28,245000,278000
3052,2002-08-02,2017-05-26,160500,249999
3052,2017-05-26,2024-06-13,249999,335000
3053,2000-05-30,2001-06-08,79950,177000
3056,1996-04-02,2006-01-13,35500,110000
3056,2006-01-13,2023-10-17,110000,210000
3057,1997-05-01,2016-03-04,44000,157000
3057,2016-03-04,2016-10-03,157000,235000
3057,2016-10-03,2022-09-09,235000,275000
3058,1995-06-23,1997-08-22,41500,46500
3058,1997-08-22,2000-03-07,46500,73000
3058,2000-03-07,2002-06-14,73000,106000
3058,2002-06-14,2015-07-02,106000,178000
3058,2015-07-02,2018-07-25,178000,210000
3060,1995-05-26,2016-06-14,42000,175000
3060,2016-06-14,2019-10-07,175000,231000
3060,2019-10-07,2021-09-27,231000,260000
3062,1998-12-18,2003-09-26,62000,108000
3062,2003-09-26,2007-11-09,108000,135000
3063,1999-12-09,2003-12-01,67000,100000
3063,2003-12-01,2009-12-16,100000,130000
3063,2009-12-16,2022-12-13,130000,182000
3064,2021-03-19,2022-03-23,400000,1165000
3065,2009-10-30,2013-08-28,1025000,1400000
3066,1995-07-17,1996-12-10,180000,263000
3067,1999-10-18,2001-07-27,395000,550000
3067,2001-07-27,2013-06-18,550000,890000
3067,2013-06-18,2022-04-28,890000,1465000
3068,1998-05-06,2000-09-08,85000,134000
3068,2000-09-08,2002-07-31,134000,174000
3068,2002-07-31,2004-09-27,174000,202000
3068,2004-09-27,2014-11-27,202000,232000
3068,2014-11-27,2015-11-13,232000,330000
3068,2015-11-13,2018-02-06,330000,360000
3069,1995-12-05,2000-09-01,41000,76500
3069,2000-09-01,2005-12-16,76500,130000
3069,2005-12-16,2010-09-24,130000,152000
3069,2010-09-24,2016-06-17,152000,180000
3069,2016-06-17,2025-01-10,180000,226000
3070,1997-07-14,2000-11-10,55000,83500
3071,1996-02-16,1998-10-02,42000,62500
3071,1998-10-02,2001-09-12,62500,91000
3071,2001-09-12,2020-08-07,91000,205000
3071,2020-08-07,2023-05-19,205000,235000
3072,1999-07-08,2003-11-21,75000,127000
3072,2003-11-21,2005-08-09,127000,157000
3072,2005-08-09,2015-12-04,157000,187500
3072,2015-12-04,2025-11-07,187500,197000
3073,2007-11-16,2024-06-14,172500,330000
3075,1997-11-28,1999-10-08,34500,56000
3075,1999-10-08,2004-07-30,56000,92000
3075,2004-07-30,2021-06-22,92000,99000
3077,2011-01-10,2019-09-27,265000,404000
3078,1999-09-14,2005-10-05,139950,243500
3078,2005-10-05,2010-01-15,243500,299950
3078,2010-01-15,2013-02-07,299950,368000
3078,2013-02-07,2022-11-16,368000,570000
3080,2001-04-06,2007-08-07,146000,295000
3080,2007-08-07,2017-03-13,295000,330000
3081,2011-01-25,2019-05-09,245000,350000
3082,1995-07-20,2005-11-08,67000,215000
3082,2005-11-08,2006-06-14,215000,266000
3082,2006-06-14,2025-09-19,266000,445000
3083,1998-03-23,2002-12-20,127000,234000
3083,2002-12-20,2017-07-28,234000,441500
3084,2019-01-04,2021-06-30,405000,785000
3085,2014-02-07,2023-11-09,307000,881000
3086,2002-10-08,2005-12-08,160000,300000
3086,2005-12-08,2007-05-24,300000,355000
3086,2007-05-24,2015-09-25,355000,560000
3086,2015-09-25,2019-02-15,560000,612500
3086,2019-02-15,2021-06-11,612500,637000
3087,2002-09-10,2004-01-27,190000,272500
3087,2004-01-27,2011-04-08,272500,250000
3087,2011-04-08,2016-09-09,250000,575000
3087,2016-09-09,2018-02-16,575000,605000
3087,2018-02-16,2020-11-20,605000,615000
3088,2002-10-31,2008-11-19,168000,290000
3088,2008-11-19,2011-07-25,290000,320000
3088,2011-07-25,2013-11-29,320000,330000
3088,2013-11-29,2021-03-31,330000,455000
3089,2002-10-15,2021-11-12,110050,290000
3090,1999-08-03,2009-07-01,190000,360000
3090,2009-07-01,2012-06-21,360000,620000
3094,1995-04-24,1999-06-30,180000,254950
3095,2009-11-26,2013-08-16,565000,680000
3095,2013-08-16,2015-08-07,680000,750000
3095,2015-08-07,2019-08-08,750000,756500
3096,1997-01-24,2008-05-23,249000,695000
3096,2008-05-23,2018-01-25,695000,956125
3098,1997-02-28,2002-03-27,152000,200000
3098,2002-03-27,2003-06-06,200000,460000
3098,2003-06-06,2018-12-05,460000,1090000
3103,2001-01-15,2004-10-19,210000,445000
3109,2007-06-28,2018-12-13,495000,1125000
3112,2014-10-24,2022-01-18,550000,1250000
3118,2009-01-26,2014-10-03,357000,750000
3119,2004-08-13,2005-08-15,495000,482500
3121,1996-07-23,2001-05-04,118000,275000
3121,2001-05-04,2012-05-31,275000,555000
3123,1998-04-21,2009-11-27,140000,461000
3123,2009-11-27,2018-12-05,461000,660000
3125,2010-11-26,2015-11-30,369950,521000
3127,2005-11-15,2008-08-08,215000,500000
3127,2008-08-08,2022-11-18,500000,900000
3129,2007-10-15,2011-12-12,660000,630000
3132,1995-11-17,1998-08-25,125000,170000
3132,1998-08-25,2014-08-15,170000,495000
3137,2007-08-14,2019-01-31,470000,770000
3138,1997-11-24,2016-06-10,123000,460000
3140,1999-07-16,1999-12-10,130000,150000
3140,1999-12-10,2007-10-16,150000,350000
3142,2020-10-29,2023-01-27,515000,1075000
3144,2001-05-14,2018-05-04,182000,476150
3145,2008-01-15,2019-06-14,445000,830000
3146,2003-02-07,2005-07-15,350000,530000
3147,2014-01-24,2015-02-13,412500,486000
3150,1996-08-09,2020-01-08,135000,645000
3152,1995-08-18,2003-08-08,84000,269950
3152,2003-08-08,2006-11-09,269950,345000
3153,2014-06-30,2022-03-31,400000,720000
3156,1997-08-12,2007-07-05,170000,610000
3158,1997-02-28,2006-08-21,68500,250000
3158,2006-08-21,2014-06-27,250000,350000
3158,2014-06-27,2021-12-03,350000,595000
3159,2017-04-12,2022-08-26,315020,625000
3162,2009-07-30,2018-01-31,560000,1215000
3165,2005-09-28,2010-06-07,271000,400000
3167,2007-03-23,2024-08-23,343000,625000
3169,2002-03-08,2009-05-26,195000,360000
3170,1999-06-01,2013-08-08,165000,475000
3171,2021-01-15,2025-08-15,300000,395000
3174,2012-03-05,2015-09-30,200000,273500
3174,2015-09-30,2021-02-17,273500,420000
3176,1995-02-24,2025-08-22,73000,330000
3179,2011-06-30,2020-11-20,200000,327000
3180,2001-07-27,2003-09-05,133000,208750
3180,2003-09-05,2004-08-25,208750,230000
3180,2004-08-25,2010-05-28,230000,250000
3182,1995-09-28,1998-10-01,128000,163000
3182,1998-10-01,2025-09-30,163000,580000
3185,1999-11-19,2001-08-30,280000,250000
3188,2001-03-12,2013-03-08,110000,210000
3188,2013-03-08,2024-05-24,210000,450000
3189,2001-06-06,2025-05-27,116000,355000
3190,2014-07-07,2015-07-10,180000,257000
3190,2015-07-10,2017-08-24,257000,280000
3190,2017-08-24,2022-08-19,280000,365000
3191,1998-07-17,2001-07-27,84000,118000
3198,2012-02-03,2015-09-25,237000,400000
3200,2004-02-26,2025-08-28,315000,990000
3201,1999-01-08,2002-01-11,105000,179950
3201,2002-01-11,2015-08-28,179950,395000
3202,2006-09-04,2010-06-18,245000,240000
3202,2010-06-18,2016-08-01,240000,285000
3203,2000-03-22,2015-11-30,180000,500500
3204,2003-04-24,2021-03-02,225000,373000
3205,1998-07-22,2000-01-20,80500,84000
3205,2000-01-20,2002-07-18,84000,163000
3205,2002-07-18,2026-01-30,163000,428000
3206,2001-03-09,2006-08-14,110000,220000
3206,2006-08-14,2021-02-16,220000,365000
3206,2021-02-16,2024-01-18,365000,475000
3208,1997-03-21,2025-10-24,63500,470000
3209,2019-08-16,2022-12-20,496950,560000
3210,2010-08-23,2012-08-01,204000,249950
3210,2012-08-01,2017-11-30,249950,320000
3213,2015-10-23,2019-01-14,220000,295000
3214,2020-08-12,2022-11-02,260000,390000
3218,2011-09-30,2012-07-12,235000,247500
3218,2012-07-12,2016-08-19,247500,310000
3219,2016-11-10,2021-04-30,315000,347000
3220,1995-12-15,2023-10-10,75000,345000
3221,2002-03-04,2015-11-04,98000,276000
3223,2005-10-21,2008-01-17,185500,275000
3223,2008-01-17,2020-08-13,275000,382500
3225,1997-08-27,2017-08-01,74000,257000
3227,1999-08-04,2020-02-14,99950,260000
3227,2020-02-14,2025-12-30,260000,325000
3230,2014-08-04,2016-05-19,316200,445000
3230,2016-05-19,2021-06-22,445000,490000
3231,1995-08-07,2017-06-05,93000,465000
3233,1998-08-06,2025-01-29,134900,535000
3234,1996-06-28,2014-03-28,93000,295000
3235,2002-08-16,2006-10-27,132500,223500
3235,2006-10-27,2019-04-02,223500,373300
3236,2007-09-14,2022-01-27,210000,297500
3239,1997-09-10,2006-07-14,95000,245000
3242,2001-02-12,2017-01-09,138000,294000
3242,2017-01-09,2018-03-28,294000,345000
3243,2003-05-19,2013-09-06,170000,270000
3244,2003-02-21,2018-02-01,191750,345500
3245,1998-06-29,2001-04-27,119500,155000
3245,2001-04-27,2005-11-18,155000,216126
3245,2005-11-18,2006-12-21,216126,275000
3245,2006-12-21,2017-05-19,275000,360000
3245,2017-05-19,2020-11-16,360000,425000
3246,2000-05-19,2013-09-26,114000,269950
3246,2013-09-26,2015-04-09,269950,280000
3247,2001-04-07,2007-11-30,108000,262500
3248,1999-05-07,1999-12-17,92500,124000
3248,1999-12-17,2004-05-06,124000,183000
3248,2004-05-06,2006-10-20,183000,230000
3248,2006-10-20,2013-03-28,230000,225000
3250,2004-09-01,2024-10-02,200000,400000
3251,2000-02-18,2001-12-14,116500,147000
3254,2010-12-17,2014-12-19,250000,274000
3256,2001-08-17,2007-07-13,152000,270000
3256,2007-07-13,2018-05-24,270000,350000
3257,1996-05-29,1999-07-23,52500,82000
3259,2015-06-30,2018-01-24,193000,232000
3259,2018-01-24,2023-08-11,232000,327000
3262,2015-10-15,2016-09-23,177500,256500
3263,1999-05-13,2005-07-08,85000,175000
3265,2000-10-25,2005-08-26,86500,159000
3268,2000-06-26,2001-04-27,57037,117500
3268,2001-04-27,2005-01-14,117500,202000
3268,2005-01-14,2007-10-02,202000,262000
3268,2007-10-02,2018-03-29,262000,298000
3270,1998-06-30,2010-08-13,250000,232000
3272,1999-11-10,2008-11-07,125000,220000
3275,2002-04-25,2010-08-13,179950,272500
3278,2003-10-31,2012-03-23,205500,248000
3280,2006-05-19,2008-01-11,150000,214000
3280,2008-01-11,2015-11-19,214000,280000
3281,1995-03-30,2011-12-20,70000,229950
3284,2004-06-28,2021-10-25,210000,450000
3285,1995-12-04,1998-07-17,69000,73500
3286,1999-08-31,2009-12-18,94000,207000
3287,1996-04-23,2003-12-12,70000,172000
3288,2010-04-30,2013-10-31,180000,220000
3288,2013-10-31,2018-02-22,220000,285000
3289,1995-08-25,1999-05-31,64500,81950
3290,1995-09-29,1996-07-22,69500,74000
3290,1996-07-22,2002-08-15,74000,150000
3290,2002-08-15,2009-07-17,150000,168000
3295,2001-06-01,2003-06-25,118000,170000
3298,1999-05-28,2006-11-03,80000,225000
3298,2006-11-03,2009-08-14,225000,210000
3298,2009-08-14,2015-12-01,210000,285000
3300,1999-01-15,2020-10-28,80000,318000
3301,2006-08-04,2019-10-04,129000,152000
3302,1995-10-27,1999-09-30,36000,60000
3302,1999-09-30,2013-08-30,60000,125000
3302,2013-08-30,2018-12-21,125000,156000
3303,1998-02-12,2007-06-29,40000,144000
3303,2007-06-29,2017-11-03,144000,160641
3304,2003-12-19,2017-09-04,195000,184000
3307,2005-05-23,2017-07-25,219000,165000
3308,2004-09-02,2010-09-16,265000,150000
3308,2010-09-16,2018-09-10,150000,175000
3309,2004-11-01,2009-10-05,170000,100000
3310,2004-10-15,2009-05-08,195000,140000
3310,2009-05-08,2016-06-29,140000,130000
3310,2016-06-29,2022-09-01,130000,152000
3311,2004-03-01,2019-02-15,210000,195000
3314,1997-10-17,1999-04-23,48500,60000
3314,1999-04-23,2006-08-18,60000,142000
3316,1995-02-20,1999-05-28,48500,68000
3318,2001-07-16,2021-06-24,137500,365000
3319,2001-06-08,2002-10-31,127000,229000
3321,1995-02-17,2013-05-01,73500,233000
3321,2013-05-01,2017-05-19,233000,277500
3322,1995-04-07,2001-02-28,114995,185000
3323,1998-12-21,2006-06-16,70000,165000
3324,1997-05-30,2000-04-14,59000,87500
3324,2000-04-14,2010-12-03,87500,162500
3324,2010-12-03,2024-11-01,162500,250000
3325,1995-02-17,2005-05-20,107500,276000
3325,2005-05-20,2012-07-11,276000,325000
3326,1997-08-29,2004-12-10,125000,280000
3327,1997-07-18,1999-08-20,62995,78000
3327,1999-08-20,2006-06-08,78000,166000
3330,1998-07-27,2000-03-20,48500,54950
3330,2000-03-20,2003-04-17,54950,94500
3330,2003-04-17,2005-11-30,94500,115000
3330,2005-11-30,2022-10-17,115000,189000
3330,2022-10-17,2025-12-18,189000,187000
3331,1999-10-29,2004-04-08,56950,115000
3331,2004-04-08,2012-12-03,115000,122000
3331,2012-12-03,2013-11-01,122000,139950
3331,2013-11-01,2015-10-30,139950,157950
3331,2015-10-30,2019-03-29,157950,180000
3333,1996-01-31,2019-03-29,147000,820000
3337,1996-07-15,1998-11-30,180000,190000
3338,1998-12-10,2002-01-03,190000,300000
3341,2000-03-31,2002-06-05,87950,112000
3341,2002-06-05,2023-04-20,112000,250000
3343,2004-02-13,2012-03-30,141000,165000
3343,2012-03-30,2025-12-12,165000,250000
3346,1999-04-30,2003-07-15,64000,125000
3346,2003-07-15,2025-05-30,125000,252500
3347,2008-11-13,2016-06-17,200000,268480
3347,2016-06-17,2021-02-09,268480,325000
3348,1997-04-11,2003-12-19,56000,135500
3348,2003-12-19,2007-06-14,135500,166000
3348,2007-06-14,2015-03-27,166000,182000
3349,1996-09-06,2007-09-14,73000,229000
3350,1997-05-02,1998-10-16,59950,67500
3350,1998-10-16,2005-06-30,67500,142500
3350,2005-06-30,2011-05-27,142500,163500
3351,2004-08-27,2007-06-11,183000,195000
3351,2007-06-11,2013-05-03,195000,206000
3353,2014-09-03,2025-12-04,169729,250000
3354,2002-08-16,2025-08-15,194950,460000
3355,1996-10-25,1999-11-19,53250,73500
3355,1999-11-19,2001-11-02,73500,96500
3355,2001-11-02,2013-05-31,96500,149000
3355,2013-05-31,2020-11-06,149000,197000
3356,1998-06-26,2012-01-27,109950,250000
3356,2012-01-27,2017-10-27,250000,340000
3356,2017-10-27,2018-01-05,340000,325150
3356,2018-01-05,2023-10-30,325150,410000
3357,1996-09-09,1999-07-16,52500,67000
3357,1999-07-16,2004-05-28,67000,146950
3357,2004-05-28,2006-05-15,146950,158000
3358,1996-11-29,1999-10-01,38500,45950
3358,1999-10-01,2003-07-04,45950,250000
3358,2003-07-04,2022-06-17,250000,170000
3359,1995-10-06,2000-01-12,40000,67000
3359,2000-01-12,2006-02-24,67000,125000
3359,2006-02-24,2009-12-18,125000,130000
3359,2009-12-18,2014-08-15,130000,143000
3360,2000-02-18,2002-04-26,135000,192000
3363,1997-08-29,2002-06-05,75000,134950
3363,2002-06-05,2010-04-16,134950,220000
3363,2010-04-16,2014-12-17,220000,222000
3365,1996-08-23,2003-12-18,79500,193500
3367,1998-07-31,1999-10-29,80000,93000
3369,2000-07-27,2008-11-10,116000,195000
3369,2008-11-10,2015-08-19,195000,230000
3370,1995-02-20,2000-09-01,57000,92000
3371,1997-06-30,2001-05-17,79000,125000
3371,2001-05-17,2003-07-25,125000,171000
3371,2003-07-25,2006-03-17,171000,190500
3372,1998-03-06,2002-05-03,67950,115000
3372,2002-05-03,2007-08-01,115000,195500
3372,2007-08-01,2008-09-24,195500,175000
3373,1997-02-14,2001-10-08,58800,105000
3373,2001-10-08,2012-06-15,105000,166500
3373,2012-06-15,2025-10-17,166500,275000
3374,1998-03-27,2001-02-28,65000,90000
3374,2001-02-28,2004-12-10,90000,149500
3374,2004-12-10,2007-03-23,149500,172000
3377,1998-05-01,2007-06-14,66500,168000
3378,1997-09-19,2001-01-12,60000,85000
3378,2001-01-12,2001-12-03,85000,94000
3378,2001-12-03,2009-09-11,94000,144000
3378,2009-09-11,2017-10-03,144000,194000
3378,2017-10-03,2021-06-24,194000,222500
3379,1999-10-28,2008-04-28,75000,176000
3380,1999-03-15,2005-07-22,51750,118000
3380,2005-07-22,2020-05-06,118000,155000
3380,2020-05-06,2025-01-16,155000,200000
3382,1996-11-01,2005-10-27,46500,136000
3382,2005-10-27,2010-05-28,136000,150000
3382,2010-05-28,2013-07-19,150000,165000
3382,2013-07-19,2017-01-13,165000,194000
3382,2017-01-13,2025-10-06,194000,220000
3383,1997-03-27,1999-05-14,55500,69500
3383,1999-05-14,2003-08-20,69500,129950
3383,2003-08-20,2014-11-13,129950,184100
3383,2014-11-13,2016-11-10,184100,200000
3384,1997-03-21,1999-10-08,55000,71000
3385,1998-09-11,2001-06-15,64950,94000
3385,2001-06-15,2009-06-19,94000,142500
3385,2009-06-19,2016-01-22,142500,176000
3387,2000-02-13,2003-10-10,43600,69200
3387,2003-10-10,2007-05-31,69200,86000
3387,2007-05-31,2021-12-21,86000,295000
3388,2003-07-11,2011-06-09,133500,152500
3388,2011-06-09,2018-02-22,152500,203000
3389,2001-02-13,2004-07-30,43000,75000
3389,2004-07-30,2007-07-24,75000,86000
3389,2007-07-24,2016-02-12,86000,199750
3389,2016-02-12,2020-09-18,199750,226250
3389,2020-09-18,2024-09-11,226250,275000
3390,2007-07-06,2013-07-05,82500,82500
3390,2013-07-05,2019-08-29,82500,210000
3393,2004-11-25,2011-03-01,135000,152000
3393,2011-03-01,2014-06-06,152000,185000
3394,1995-09-28,2001-05-31,25500,44000
3395,1998-07-20,2001-07-27,32950,47500
3395,2001-07-27,2005-07-22,47500,72500
3395,2005-07-22,2009-03-20,72500,61750
3395,2009-03-20,2011-09-16,61750,150000
3395,2011-09-16,2016-08-01,150000,197500
3397,2006-06-16,2010-12-17,302500,320000
3401,2006-04-21,2017-06-05,305000,389000
3407,2014-08-14,2025-11-12,240000,350000
3408,1998-02-17,2024-03-25,71000,295000
3410,2015-11-20,2016-06-07,210000,279950
3411,2011-04-21,2012-01-12,178000,217500
3412,2018-08-14,2019-06-28,230000,280000
3412,2019-06-28,2025-10-31,280000,451000
3413,2007-01-23,2007-09-21,170000,222750
3414,2001-09-10,2004-03-26,121000,185000
3415,2018-10-17,2025-09-19,280000,395000
3417,2001-10-24,2010-12-10,139500,215000
3418,2000-06-30,2003-10-31,105000,177500
3418,2003-10-31,2010-08-20,177500,185000
3418,2010-08-20,2017-08-22,185000,270000
3418,2017-08-22,2024-08-16,270000,282000
3420,2013-06-21,2020-10-23,222500,330000
3423,2011-03-18,2012-12-19,151000,206500
3424,1995-10-04,1996-08-21,62500,65000
3424,1996-08-21,2017-10-16,65000,231000
3425,1999-08-27,2001-04-02,110000,123500
3425,2001-04-02,2002-08-14,123500,158000
3426,2013-12-02,2021-03-19,220000,285000
3428,2014-03-28,2021-03-22,125000,400000
3431,2017-10-23,2025-10-10,245000,360000
3432,1997-09-05,2002-04-26,64000,139950
3432,2002-04-26,2003-10-24,139950,195000
3433,1997-12-19,2000-02-04,74400,104000
3433,2000-02-04,2006-07-21,104000,196000
3436,2000-06-16,2006-11-16,77600,192000
3437,2001-08-31,2005-09-28,83000,189950
3437,2005-09-28,2008-06-28,189950,210000
3437,2008-06-28,2019-04-05,210000,290000
3438,2010-04-09,2011-04-21,157500,186500
3438,2011-04-21,2025-02-28,186500,290000
3439,1999-12-20,2007-11-12,88000,216000
3439,2007-11-12,2016-04-19,216000,220000
3441,2008-01-31,2013-06-27,207000,185000
3441,2013-06-27,2022-09-16,185000,350000
3444,2002-07-04,2003-11-07,119950,164000
3444,2003-11-07,2012-05-31,164000,168000
3444,2012-05-31,2019-07-05,168000,245000
3444,2019-07-05,2024-10-25,245000,360000
3445,2019-10-18,2020-02-26,260000,255000
3446,1997-10-01,2019-08-21,58000,217500
3446,2019-08-21,2020-06-09,217500,299950
3447,2005-03-13,2006-02-03,148500,193000
3448,2010-11-25,2013-09-06,282000,345000
3449,1997-09-19,2017-04-06,83950,285000
3449,2017-04-06,2025-01-30,285000,505000
3453,1998-04-22,1999-04-13,69500,83500
3453,1999-04-13,2014-09-29,83500,205000
3454,2010-06-11,2012-11-05,160000,192500
3455,2006-02-23,2014-01-24,172500,205000
3458,1996-08-09,2008-12-12,75000,150000
3458,2008-12-12,2017-09-15,150000,240000
3458,2017-09-15,2018-10-15,240000,365000
3459,2003-08-01,2017-09-07,147500,243500
3460,2003-09-26,2022-08-01,189950,333590
3461,2003-08-18,2017-04-06,189950,257000
3462,2020-03-27,2024-11-01,220000,315000
3463,1997-10-03,2003-07-18,67000,195000
3463,2003-07-18,2005-11-11,195000,192000
3465,2018-09-26,2019-12-10,220000,381000
3465,2019-12-10,2022-02-10,381000,407500
3466,2010-05-07,2012-05-31,170000,230000
3468,2002-08-19,2013-11-11,148000,195000
3468,2013-11-11,2014-04-24,195000,250000
3468,2014-04-24,2023-02-01,250000,400000
3471,2015-02-02,2015-10-16,185000,235000
3471,2015-10-16,2021-06-15,235000,264500
3472,1996-06-19,2001-10-12,67500,95000
3472,2001-10-12,2010-09-24,95000,197250
3472,2010-09-24,2018-08-17,197250,225000
3472,2018-08-17,2024-09-27,225000,290000
3475,2000-08-25,2004-03-01,88000,205000
3476,1995-01-20,2011-12-20,59995,180000
3476,2011-12-20,2013-10-29,180000,210000
3476,2013-10-29,2019-05-03,210000,258000
3476,2019-05-03,2024-12-11,258000,320000
3479,1995-08-18,2016-01-22,56000,235000
3481,1995-10-27,1998-08-28,69995,96000
3481,1998-08-28,2013-06-06,96000,229000
3483,2006-06-09,2015-11-24,170000,269500
3485,2003-05-22,2025-10-28,148000,285000
3486,2016-09-02,2025-09-23,208000,300000
3487,2001-02-16,2008-10-08,82950,167000
3487,2008-10-08,2021-01-15,167000,249950
3488,1997-05-16,2009-02-20,60000,186000
3488,2009-02-20,2018-10-15,186000,260000
3488,2018-10-15,2020-06-16,260000,385000
3489,2013-12-13,2016-09-15,165000,245000
3495,2000-03-03,2006-05-30,89500,174000
3495,2006-05-30,2020-10-16,174000,200000
3496,2017-03-30,2020-03-17,214500,220000
3496,2020-03-17,2025-03-17,220000,277500
3497,1999-09-03,2000-03-23,63000,88000
3498,1995-05-23,2001-05-11,56500,93000
3498,2001-05-11,2002-04-05,93000,125000
3498,2002-04-05,2005-04-15,125000,180000
3498,2005-04-15,2006-08-07,180000,197500
3499,1999-04-30,2012-04-05,86000,235000
3499,2012-04-05,2025-03-21,235000,380000
3500,2011-08-19,2012-03-16,170000,235000
3501,1995-05-26,1996-03-22,73500,75000
3501,1996-03-22,2001-01-22,75000,111000
3501,2001-01-22,2004-05-12,111000,177500
3501,2004-05-12,2007-08-31,177500,222500
3501,2007-08-31,2009-09-25,222500,205000
3501,2009-09-25,2016-06-28,205000,300000
3501,2016-06-28,2022-08-03,300000,398000
3503,2001-05-04,2007-08-29,122500,212000
3504,2005-08-31,2006-12-04,170000,235000
3505,2015-05-20,2021-09-29,74500,175000
3505,2021-09-29,2023-01-21,175000,65000
3506,2014-01-24,2020-10-16,96000,125000
3507,2002-03-08,2006-07-14,63500,103000
3507,2006-07-14,2018-05-31,103000,129950
3507,2018-05-31,2023-06-23,129950,147500
3508,2002-02-05,2007-11-23,20000,92500
3510,1996-05-31,1996-10-18,33000,34950
3510,1996-10-18,1997-10-02,34950,35950
3512,1999-07-09,2001-09-28,43250,53000
3512,2001-09-28,2004-01-06,53000,82500
3512,2004-01-06,2012-03-28,82500,93000
3513,2012-04-27,2017-08-03,85000,120000
3513,2017-08-03,2020-11-30,120000,126000
3514,2007-02-09,2010-12-03,97000,103000
3514,2010-12-03,2021-06-25,103000,129000
3516,1997-11-07,2007-01-26,31000,110000
3516,2007-01-26,2017-07-17,110000,130000
3517,1998-01-19,2000-10-16,39500,58500
3517,2000-10-16,2002-11-29,58500,93500
3517,2002-11-29,2016-04-26,93500,121500
3519,1999-08-25,2003-02-28,45000,78500
3519,2003-02-28,2005-02-24,78500,95000
3520,2009-02-20,2016-08-12,140000,248000
3522,2005-10-14,2006-09-08,150000,195000
3526,2006-07-28,2016-03-04,158000,359500
3526,2016-03-04,2023-01-04,359500,425000
3527,1998-11-25,2018-02-01,85950,295000
3528,2006-08-31,2014-04-25,174000,195000
3529,2006-01-06,2014-04-02,169950,207500
3529,2014-04-02,2019-12-06,207500,247500
3530,2007-02-01,2010-08-07,174500,199950
3530,2010-08-07,2023-10-18,199950,260000
3531,2010-12-02,2024-06-28,158000,275000
3532,2008-06-13,2014-12-11,163000,235000
3533,1998-09-02,2000-11-30,76250,116000
3533,2000-11-30,2021-09-30,116000,280000
3534,2004-07-29,2005-12-21,149950,189950
3535,2004-08-27,2013-11-27,148000,187000
3535,2013-11-27,2021-06-30,187000,269000
3536,1995-02-16,2003-05-23,69000,148500
3537,1996-02-02,2017-12-01,71000,260000
3545,2000-08-03,2007-08-17,74950,204000
3545,2007-08-17,2015-08-19,204000,236750
3547,2005-12-16,2013-11-22,168000,185000
3549,1999-09-15,2002-04-29,80000,115950
3550,2013-11-22,2015-10-30,187000,214000
3551,1998-04-24,2009-06-05,62000,162000
3551,2009-06-05,2017-07-14,162000,240000
3551,2017-07-14,2024-06-03,240000,292500
3552,1999-11-19,2011-01-19,80000,167500
3554,1997-08-22,2003-08-06,60000,148000
3554,2003-08-06,2007-01-26,148000,185000
3554,2007-01-26,2025-02-24,185000,285000
3559,2000-04-07,2001-01-12,90000,86500
3559,2001-01-12,2023-06-30,86500,290000
3561,2008-04-28,2024-03-25,186000,330000
3564,1996-10-28,2003-11-28,62100,175500
3564,2003-11-28,2006-05-19,175500,189950
3564,2006-05-19,2014-09-12,189950,277500
3564,2014-09-12,2023-10-16,277500,415000
3565,2002-02-01,2007-01-30,110000,219950
3566,1996-07-18,2015-01-23,66000,243000
3572,1995-04-28,2003-10-31,78000,214950
3572,2003-10-31,2013-06-07,214950,260000
3572,2013-06-07,2020-10-23,260000,315000
3572,2020-10-23,2023-07-21,315000,400000
3573,2011-10-07,2025-10-17,182500,380000
3574,2011-12-16,2023-10-23,200000,420000
3576,2002-07-11,2013-07-26,137500,205000
3577,2005-11-28,2006-08-17,175000,216000
3578,2005-11-11,2013-10-25,190000,220000
3581,2003-07-31,2011-10-27,209000,250000
3582,2004-06-03,2011-05-26,175950,205000
3586,2011-04-15,2021-03-25,144000,293000
3589,2004-02-25,2006-12-18,143500,187500
3591,2017-10-18,2020-12-03,230000,312500
3592,2014-02-14,2020-05-11,170000,293000
3592,2020-05-11,2025-07-09,293000,338000
3593,2003-01-17,2003-08-20,116500,150000
3594,2009-04-03,2012-09-21,140000,186000
3596,2003-10-16,2005-03-11,145000,160000
3596,2005-03-11,2008-04-22,160000,205000
3597,1999-12-10,2015-09-23,87500,200000
3597,2015-09-23,2016-05-19,200000,242500
3600,1996-05-24,1998-05-19,77000,6000
3602,2004-07-23,2019-11-08,170000,300000
3607,2018-11-09,2023-02-24,262500,345000
3607,2023-02-24,2024-09-25,345000,370000
3609,1996-12-09,2004-04-16,58500,160000
3609,2004-04-16,2009-07-31,160000,180000
3609,2009-07-31,2013-07-15,180000,216000
3610,2006-03-07,2022-11-04,118400,361500
3613,2006-05-02,2010-03-31,189000,247000
3613,2010-03-31,2017-04-07,247000,334950
3614,2007-04-05,2024-03-19,210000,325000
3616,1996-01-12,2013-03-08,59950,230000
3617,1998-07-31,2015-08-14,102000,331000
3620,1998-08-10,2002-09-27,82500,145000
3621,2010-01-15,2020-01-31,217500,292500
3621,2020-01-31,2025-04-22,292500,347500
3622,1999-09-24,2020-11-24,85500,237500
3623,2005-02-28,2006-10-23,140000,172500
3623,2006-10-23,2015-08-03,172500,250000
3623,2015-08-03,2018-02-16,250000,250000
3623,2018-02-16,2020-08-27,250000,280000
3623,2020-08-27,2022-03-25,280000,331000
3624,2001-01-05,2012-09-07,84000,182000
3624,2012-09-07,2023-09-15,182000,305000
3630,1999-04-30,2016-01-04,68000,215000
3631,1997-12-01,2018-06-25,78500,265000
3632,1999-09-24,2003-07-04,84000,155000
3632,2003-07-04,2006-12-15,155000,191500
3632,2006-12-15,2025-03-24,191500,300000
3633,2000-01-28,2001-10-12,79500,113000
3633,2001-10-12,2015-10-23,113000,223500
3633,2015-10-23,2023-10-16,223500,332000
3634,2012-10-04,2019-07-01,216000,262500
3635,2011-04-08,2021-08-20,157000,300000
3636,2003-07-31,2010-10-08,137000,220000
3636,2010-10-08,2024-07-19,220000,307500
3637,2005-10-21,2019-08-06,159950,235000
3638,1999-12-09,2015-10-20,98000,240000
3640,2001-07-06,2007-11-30,110000,217500
3645,1996-08-27,2007-08-30,67000,246000
3645,2007-08-30,2025-08-22,246000,415000
3648,2006-01-16,2020-05-29,166000,260000
3649,1995-08-25,2022-07-22,60000,310000
3651,2000-10-24,2025-08-13,88000,280000
3653,2002-01-22,2003-06-25,155000,183000
3653,2003-06-25,2024-07-24,183000,490000
3654,2017-03-06,2019-07-25,238750,315000
3656,2009-11-09,2014-01-17,175000,250000
3657,1995-08-30,1999-12-03,70500,111000
3659,2000-08-25,2012-03-29,75350,176500
3659,2012-03-29,2013-12-12,176500,212500
3660,2002-06-28,2022-03-07,125000,312000
3666,2001-04-20,2009-07-10,125700,196000
3666,2009-07-10,2017-07-28,196000,280000
3667,1996-10-25,1998-07-10,67750,81500
3667,1998-07-10,2003-06-27,81500,169995
3667,2003-06-27,2007-08-24,169995,228000
3675,1998-05-22,2025-09-05,82000,288000
3677,1997-03-19,1997-10-24,76500,42750
3677,1997-10-24,2017-07-25,42750,215000
3678,2000-06-19,2003-05-16,85500,149950
3678,2003-05-16,2021-10-15,149950,265000
3678,2021-10-15,2024-02-09,265000,345000
3680,1996-09-02,1999-11-26,49950,56000
3680,1999-11-26,2006-06-30,56000,162000
3680,2006-06-30,2008-01-11,162000,193000
3680,2008-01-11,2018-06-15,193000,162222
3682,1996-08-16,2000-03-31,59400,87500
3682,2000-03-31,2004-01-30,87500,137000
3683,1998-08-28,2001-05-01,34250,130000
3692,2013-02-22,2021-06-28,380000,525000
3694,2013-03-11,2022-02-24,332000,488500
3697,2013-05-28,2022-12-06,290000,440000
3700,2013-08-06,2015-05-22,295000,330000
3708,1997-08-08,2026-01-07,90000,490000
3709,2003-04-01,2020-08-04,185000,462500
3712,1995-05-02,1997-06-06,85000,105000
3712,1997-06-06,2004-04-08,105000,224000
3712,2004-04-08,2018-12-14,224000,440000
3713,1995-05-26,2007-04-27,109995,322000
3713,2007-04-27,2011-04-04,322000,325000
3714,1998-05-29,2003-10-17,86500,173000
3714,2003-10-17,2008-12-15,173000,190000
3714,2008-12-15,2011-12-22,190000,195000
3714,2011-12-22,2018-08-10,195000,298000
3715,1995-02-22,2002-10-15,77500,170000
3715,2002-10-15,2022-06-24,170000,340000
3715,2022-06-24,2022-07-01,340000,355000
3716,1999-03-12,2025-02-28,88500,350000
3718,2009-02-26,2021-02-26,208000,350000
3720,2007-03-21,2011-08-22,249000,250000
3721,2009-02-27,2009-09-18,150000,152500
3721,2009-09-18,2012-10-26,152500,159500
3721,2012-10-26,2025-03-28,159500,245000
3722,1995-02-24,2006-05-02,92995,238000
3723,1997-07-25,1999-04-30,79995,88950
3723,1999-04-30,2004-05-14,88950,175000
3723,2004-05-14,2019-10-23,175000,262000
3724,1995-11-03,2001-01-12,109995,175000
3724,2001-01-12,2013-07-26,175000,318500
3725,1996-06-10,1999-01-29,53000,67000
3725,1999-01-29,2002-11-25,67000,125500
3726,1996-11-25,1998-05-12,44000,49950
3726,1998-05-12,2008-07-25,49950,144000
3726,2008-07-25,2019-08-02,144000,175000
3727,1997-12-05,2001-11-30,63950,93000
3727,2001-11-30,2007-05-18,93000,170000
3727,2007-05-18,2017-08-01,170000,185000
3727,2017-08-01,2024-05-24,185000,260000
3728,1996-09-06,2024-09-30,53700,270000
3729,1998-09-25,2001-10-05,67000,98350
3729,2001-10-05,2007-11-30,98350,177500
3729,2007-11-30,2021-12-06,177500,230000
3729,2021-12-06,2024-04-17,230000,290000
3731,1997-03-14,1998-11-27,54000,67000
3731,1998-11-27,2001-02-02,67000,87500
3731,2001-02-02,2005-07-07,87500,142000
3731,2005-07-07,2026-02-19,142000,255000
3732,1998-10-02,2002-11-22,65250,126500
3733,1998-08-24,2001-04-12,59995,91000
3733,2001-04-12,2007-01-12,91000,169000
3734,1996-10-18,1999-06-18,65000,85750
3734,1999-06-18,2010-03-31,85750,178500
3734,2010-03-31,2025-07-25,178500,322250
3735,1996-02-09,2002-10-02,59950,132950
3735,2002-10-02,2008-01-10,132950,185000
3735,2008-01-10,2020-10-09,185000,241000
3737,2004-11-22,2013-08-16,149500,162000
3737,2013-08-16,2020-09-04,162000,199000
3738,2004-01-07,2019-06-14,125000,215000
3738,2019-06-14,2021-06-30,215000,202500
3740,1995-08-31,2011-05-18,57000,159995
3740,2011-05-18,2022-11-22,159995,207000
3741,1996-05-21,2000-07-03,65000,89950
3741,2000-07-03,2009-07-08,89950,160000
3741,2009-07-08,2018-06-07,160000,240000
3741,2018-06-07,2024-10-22,240000,275000
3742,1996-01-25,2007-03-23,58500,147500
3743,2012-11-30,2017-07-21,179950,230000
3746,1995-04-07,1997-07-10,56000,60000
3746,1997-07-10,1998-06-12,60000,60000
3746,1998-06-12,2006-05-12,60000,142000
3746,2006-05-12,2013-06-07,142000,162000
3746,2013-06-07,2017-06-30,162000,180000
3747,1998-04-20,2022-06-30,55000,200000
3747,2022-06-30,2025-05-14,200000,195000
3749,2007-09-27,2009-05-01,169950,149950
3749,2009-05-01,2022-12-02,149950,210000
3749,2022-12-02,2024-10-25,210000,210000
3750,2012-07-20,2016-07-22,172500,225000
3750,2016-07-22,2017-07-05,225000,235000
3750,2017-07-05,2020-03-18,235000,247500
3750,2020-03-18,2026-02-17,247500,250000
3751,1995-09-22,2007-04-03,52500,100000
3751,2007-04-03,2011-08-18,100000,130000
3752,2010-03-26,2013-10-29,176500,199950
3754,1997-01-24,2006-10-20,61000,155000
3754,2006-10-20,2010-06-02,155000,176250
3754,2010-06-02,2014-09-29,176250,190000
3754,2014-09-29,2024-09-13,190000,277500
3755,2002-08-20,2004-05-27,110000,134000
3755,2004-05-27,2009-12-23,134000,135000
3755,2009-12-23,2015-03-31,135000,169950
3755,2015-03-31,2022-12-12,169950,215000
3756,2000-06-30,2011-04-18,84950,166500
3756,2011-04-18,2016-05-06,166500,220000
3756,2016-05-06,2020-06-03,220000,255000
3756,2020-06-03,2024-06-03,255000,247000
3757,2008-10-09,2012-02-16,128000,139950
3758,2011-10-06,2020-05-29,107000,155000
3759,1997-07-14,2015-03-31,57500,155000
3761,2010-09-24,2015-12-14,117000,165000
3762,1995-02-16,2005-07-25,59995,137000
3762,2005-07-25,2010-11-09,137000,152000
3763,2000-03-06,2015-06-12,79500,170000
3763,2015-06-12,2018-08-17,170000,187000
3764,2006-10-20,2022-08-15,147000,235000
3765,1997-09-15,2004-09-22,66000,150000
3765,2004-09-22,2014-03-07,150000,190000
3766,2010-08-17,2014-03-21,105000,150000
3767,1995-02-13,2009-10-30,60000,149000
3767,2009-10-30,2014-06-06,149000,158500
3767,2014-06-06,2025-10-17,158500,152500
3768,1997-12-12,2004-10-15,51000,112000
3768,2004-10-15,2019-01-25,112000,150000
3769,1997-02-14,2000-02-18,58500,79500
3769,2000-02-18,2017-10-31,79500,208000
3769,2017-10-31,2021-10-29,208000,220000
3770,2003-04-16,2024-03-22,124000,189000
3770,2024-03-22,2025-06-27,189000,167000
3771,1996-11-27,2007-07-11,50000,149950
3771,2007-07-11,2010-03-08,149950,130000
3772,1995-04-21,2006-10-06,43000,165000
3772,2006-10-06,2015-01-09,165000,160000
3773,1996-07-26,1999-02-24,51000,62500
3773,1999-02-24,2021-06-11,62500,147500
3774,2006-01-04,2008-09-02,130000,130000
3775,2004-03-06,2018-08-09,116000,160000
3775,2018-08-09,2020-11-25,160000,165000
3775,2020-11-25,2025-05-15,165000,165000
3776,1997-01-02,1999-03-01,59000,67000
3776,1999-03-01,2001-12-13,67000,99950
3776,2001-12-13,2006-03-17,99950,125000
3776,2006-03-17,2014-09-23,125000,155000
3777,2010-12-06,2025-05-01,124500,145000
3778,1995-08-16,1999-04-30,46950,60000
3778,1999-04-30,2001-03-26,60000,80000
3778,2001-03-26,2006-05-18,80000,146000
3778,2006-05-18,2013-01-31,146000,139950
3779,1995-01-27,1997-12-12,39995,40000
3779,1997-12-12,2008-12-12,40000,75000
3783,2013-10-30,2018-07-13,375000,505000
3791,2004-05-13,2006-02-09,235000,322000
3793,2018-04-20,2019-10-25,388000,590000
3794,2005-07-15,2009-02-04,395000,525000
3797,2007-07-31,2017-07-21,290000,375000
3798,1995-12-01,1998-09-17,56500,98000
3798,1998-09-17,2013-10-04,98000,250000
3799,1996-11-04,2013-07-12,71500,192000
3800,2005-03-31,2006-11-14,234000,275000
3800,2006-11-14,2019-09-11,275000,376000
3801,1996-11-08,1999-08-31,60000,191500
3801,1999-08-31,2015-06-08,191500,465000
3805,2002-02-22,2012-01-04,158000,242000
3806,2014-11-11,2018-10-29,210000,385000
3806,2018-10-29,2025-06-04,385000,500000
3809,1995-12-01,2001-01-12,67000,181000
3810,2016-12-23,2017-03-09,120000,175000
3811,1995-11-30,2004-01-14,49500,149950
3812,2001-03-02,2021-10-29,117500,340000
3813,1995-07-24,2018-02-14,70000,260000
3813,2018-02-14,2020-03-20,260000,370000
3815,1997-12-05,2002-08-13,78000,19500
3815,2002-08-13,2003-07-01,19500,179950
3815,2003-07-01,2021-03-10,179950,320000
3816,1996-12-18,2009-11-04,65500,227500
3817,1999-04-22,2005-06-24,83000,185000
3818,1995-06-02,2002-04-05,59500,125000
3818,2002-04-05,2004-12-03,125000,192500
3824,1998-09-11,2001-11-28,89000,126000
3825,2006-07-28,2008-01-25,228000,250000
3825,2008-01-25,2017-08-08,250000,316500
3826,2000-12-01,2004-02-06,104500,160000
3829,2017-06-29,2018-08-24,250000,380000
3831,1997-10-17,2012-08-13,68000,195000
3833,1997-03-25,2007-11-22,87000,266500
3834,1997-04-18,1999-01-22,57000,65500
3834,1999-01-22,2002-09-30,65500,115000
3834,2002-09-30,2010-10-08,115000,164000
3834,2010-10-08,2014-12-19,164000,189000
3834,2014-12-19,2017-12-11,189000,205000
3835,1997-11-21,2004-03-19,122000,245000
3835,2004-03-19,2008-01-18,245000,330000
3836,1997-04-14,1998-11-20,56000,64250
3836,1998-11-20,2001-12-20,64250,98000
3836,2001-12-20,2009-04-29,98000,140000
3837,1998-12-03,2024-06-07,126000,405000
3838,2001-02-28,2022-11-16,92500,255000
3839,1997-08-18,1998-07-17,80000,83500
3839,1998-07-17,2004-11-12,83500,199950
3840,2001-07-06,2004-12-10,125000,192500
3841,2008-04-30,2008-07-31,250000,220000
3842,2017-01-23,2022-09-27,240500,345000
3843,2015-01-23,2022-12-09,132000,367500
3844,2000-10-26,2007-11-23,88000,95000
3845,2002-05-26,2006-07-12,88000,125000
3846,1999-12-03,2024-10-24,97000,470000
3848,2007-11-01,2023-01-31,209000,310000
3850,2020-06-01,2022-10-17,246000,305000
3851,2005-12-21,2006-11-15,163000,200950
3851,2006-11-15,2026-02-27,200950,345000
3854,2001-04-06,2004-05-27,71000,125000
3854,2004-05-27,2006-11-10,125000,136500
3854,2006-11-10,2010-02-19,136500,136000
3854,2010-02-19,2015-02-25,136000,70000
3854,2015-02-25,2015-06-19,70000,141000
3854,2015-06-19,2017-06-09,141000,143000
3854,2017-06-09,2022-02-25,143000,200000
3854,2022-02-25,2025-02-05,200000,220000
3855,2003-10-13,2013-11-29,99000,115000
3855,2013-11-29,2016-08-05,115000,162000
3856,1998-11-16,2000-06-30,47000,50500
3856,2000-06-30,2002-04-24,50500,51000
3856,2002-04-24,2013-09-04,51000,127500
3860,2010-11-22,2021-04-30,180000,321000
3861,1996-01-10,2001-05-30,60000,120800
3861,2001-05-30,2005-06-13,120800,193000
3861,2005-06-13,2012-03-02,193000,205000
3861,2012-03-02,2018-04-11,205000,285000
3861,2018-04-11,2021-03-30,285000,295000
3864,2006-01-09,2014-07-23,120000,157000
3871,2002-08-12,2013-10-15,21560,129000
3871,2013-10-15,2020-08-19,129000,175000
3871,2020-08-19,2021-08-27,175000,305000
3872,1995-02-13,2007-08-24,35000,120000
3877,2019-10-10,2019-11-27,140000,150000
3877,2019-11-27,2021-02-25,150000,147000
3878,2004-07-22,2006-06-16,117500,160000
3878,2006-06-16,2021-05-07,160000,260000
3881,1998-06-04,2001-04-27,29000,57000
3882,2003-06-30,2006-05-25,168000,195000
3882,2006-05-25,2021-11-12,195000,268500
3884,2005-11-11,2017-07-25,191000,272000
3889,2000-09-29,2002-11-20,118000,155000
3889,2002-11-20,2008-03-28,155000,205000
3889,2008-03-28,2025-11-28,205000,450000
3892,1996-06-24,2013-11-08,65950,235000
3893,2009-07-24,2010-04-23,155500,218500
3893,2010-04-23,2013-12-06,218500,215000
3894,2002-12-06,2008-05-21,185000,231500
3894,2008-05-21,2010-01-28,231500,216000
3895,2000-10-06,2002-07-18,90000,157500
3895,2002-07-18,2024-07-01,157500,330000
3896,1999-12-06,2005-12-16,115000,205000
3896,2005-12-16,2018-07-31,205000,295000
3897,2011-05-20,2014-01-06,163000,220000
3898,2009-12-01,2014-06-02,217500,237500
3898,2014-06-02,2018-11-12,237500,322000
3903,1998-10-26,2006-05-05,74950,176000
3905,2000-08-16,2003-08-28,93000,136500
3905,2003-08-28,2006-10-09,136500,167250
3906,1997-07-25,1998-08-13,82000,89000
3906,1998-08-13,2006-02-16,89000,184000
3906,2006-02-16,2007-01-31,184000,209950
3907,1997-02-07,1998-04-09,53500,63000
3907,1998-04-09,2002-08-02,63000,109950
3907,2002-08-02,2005-11-30,109950,142500
3907,2005-11-30,2016-03-29,142500,199995
3908,2004-11-19,2024-10-17,134950,225000
3910,1999-03-12,2001-08-31,59500,82000
3910,2001-08-31,2020-03-05,82000,185000
3910,2020-03-05,2023-10-11,185000,217000
3911,1998-04-16,1999-02-19,85000,89950
3912,1998-12-23,2001-10-12,67500,89000
3912,2001-10-12,2008-12-15,89000,162000
3912,2008-12-15,2022-02-11,162000,233000
3912,2022-02-11,2023-11-07,233000,267000
3913,1999-06-25,2017-01-20,73500,200000
3914,1997-02-14,1999-03-03,54500,60000
3915,1997-06-27,1999-11-04,63995,86950
3917,1996-05-01,2001-06-29,53000,84000
3917,2001-06-29,2004-05-28,84000,142000
3917,2004-05-28,2008-10-03,142000,159000
3917,2008-10-03,2021-03-15,159000,222500
3918,2001-09-21,2011-04-04,126000,203000
3918,2011-04-04,2016-03-31,203000,240000
3919,1998-09-07,2004-06-29,59250,135000
3919,2004-06-29,2012-03-22,135000,139000
3920,1999-06-18,2007-01-05,92750,199950
3920,2007-01-05,2021-12-10,199950,338500
3922,2000-01-28,2014-09-26,102500,277500
3923,2006-04-24,2011-07-15,196011,210000
3924,2001-09-28,2011-04-04,120000,203000
3924,2011-04-04,2023-05-22,203000,345000
3929,1997-11-14,2025-01-30,130000,650000
3930,2014-10-31,2023-02-17,370000,550000
3931,1998-12-11,2001-09-06,120000,185000
3931,2001-09-06,2011-08-15,185000,309950
3932,1999-03-23,2000-03-31,135000,175000
3933,1998-09-18,2013-05-28,134500,352500
3936,2004-03-30,2010-08-23,276950,329950
3936,2010-08-23,2023-08-31,329950,556000
3939,2004-05-28,2011-08-12,170000,192500
3940,2004-11-22,2009-08-14,145000,147000
3941,2003-08-22,2010-07-30,139500,172500
3941,2010-07-30,2013-10-31,172500,172500
3942,1995-09-22,2002-03-22,60000,123000
3942,2002-03-22,2007-12-14,123000,215000
3942,2007-12-14,2013-05-08,215000,185000
3943,1995-04-28,1997-06-06,49145,55000
3943,1997-06-06,2000-08-24,55000,55000
3943,2000-08-24,2003-07-10,55000,117500
3943,2003-07-10,2007-05-21,117500,155000
3944,1998-08-21,2001-04-12,59995,80000
3944,2001-04-12,2008-03-28,80000,164500
3944,2008-03-28,2021-01-29,164500,185000
3945,2014-10-24,2019-07-25,220000,283000
3947,2015-03-05,2020-12-17,550000,850000
3948,2017-08-11,2022-08-02,218000,282500
3951,2008-03-31,2017-12-04,210000,270000
3952,2008-10-03,2017-06-27,175000,225000
3952,2017-06-27,2026-01-09,225000,270000
3953,2008-03-31,2014-07-25,199000,200000
3953,2014-07-25,2017-10-04,200000,230000
3954,2009-11-05,2017-09-15,89500,92000
3956,1995-03-10,1996-09-06,38000,35000
3956,1996-09-06,1999-10-19,35000,40000
3956,1999-10-19,2004-08-24,40000,90000
3960,1997-12-22,1997-12-22,37750,36500
3960,1997-12-22,2003-07-11,36500,75000
3960,2003-07-11,2008-02-15,75000,110000
3961,1998-10-08,2000-09-08,38000,55000
3961,2000-09-08,2002-01-11,55000,63000
3962,1999-03-26,2002-11-08,39500,73000
3962,2002-11-08,2025-07-25,73000,115000
3964,2012-11-12,2018-05-30,75000,129950
3964,2018-05-30,2021-04-01,129950,112500
3965,2019-03-08,2021-10-06,135000,136500
3966,2015-09-22,2023-11-10,105000,142300
3967,2012-03-06,2017-03-17,98000,105000
3967,2017-03-17,2023-02-03,105000,132000
3969,2015-08-25,2021-09-30,155000,160000
3971,2017-02-28,2020-03-05,250500,315000
3972,2015-06-24,2018-08-09,150000,158995
3974,2013-10-09,2022-04-29,98500,90000
3975,2015-08-04,2021-06-24,95500,137000
3975,2021-06-24,2024-04-08,137000,120000
3976,2012-10-31,2022-05-06,94000,135000
3977,2016-09-30,2021-05-28,97000,145000
3977,2021-05-28,2025-02-10,145000,120000
3978,2018-02-23,2023-10-10,159000,165000
3979,2011-11-18,2022-02-08,101500,139000
3979,2022-02-08,2025-03-03,139000,142500
3980,2012-04-05,2016-05-26,95000,98000
3981,2009-11-13,2020-07-01,130000,120000
3982,2009-08-14,2014-01-27,82500,102000
3982,2014-01-27,2016-02-19,102000,120000
3982,2016-02-19,2025-12-18,120000,88075
3983,2021-01-06,2023-08-25,160000,302000
3984,2014-08-13,2016-01-22,115000,156000
3984,2016-01-22,2026-02-19,156000,170000
3986,2019-09-03,2022-08-05,325000,347500
3988,2011-09-30,2015-09-04,182500,250000
3988,2015-09-04,2017-05-22,250000,260000
3988,2017-05-22,2024-08-30,260000,295000
3989,2012-05-18,2016-09-20,182500,280000
3989,2016-09-20,2021-01-15,280000,330000
3989,2021-01-15,2024-09-17,330000,317600
3993,1999-02-19,2004-03-31,85000,152000
3993,2004-03-31,2009-07-01,152000,165000
3993,2009-07-01,2011-06-15,165000,150000
3994,2010-05-07,2017-01-26,128000,160000
3995,2009-10-26,2016-11-28,139950,165000
3995,2016-11-28,2024-04-16,165000,130000
3996,2002-07-26,2012-08-28,135000,165000
3997,1996-11-08,1998-03-10,76000,75000
3997,1998-03-10,2020-11-09,75000,132500
3998,2016-09-08,2019-02-22,225000,280000
3999,2007-04-12,2007-10-05,115000,124000
4000,2001-07-02,2005-10-28,210000,250000
4002,1997-08-22,2001-08-17,59000,95000
4004,1998-05-13,1998-09-09,53500,58000
4007,1997-08-27,2003-10-29,56000,125000
4007,2003-10-29,2006-10-17,125000,120000
4011,1996-03-27,2006-10-27,66000,108000
4012,1997-05-23,2006-04-13,65000,110000
4017,1995-04-26,1998-08-05,83500,83500
4018,2004-11-30,2007-03-05,157500,123000
4021,1999-03-19,2007-10-30,58000,96950
4023,1999-06-17,2000-06-30,64000,86500
4023,2000-06-30,2005-10-18,86500,110000
4024,2008-10-20,2018-08-01,472500,871500
4026,2004-01-09,2019-05-24,485000,900000
4029,1997-06-20,2001-07-10,132000,340000
4029,2001-07-10,2008-04-29,340000,499950
4029,2008-04-29,2023-01-11,499950,655000
4030,1995-02-20,1996-09-06,119000,147500
4030,1996-09-06,1998-01-23,147500,162500
4030,1998-01-23,2007-06-01,162500,418000
4030,2007-06-01,2013-06-05,418000,475000
4031,1995-11-15,2008-04-29,125000,325000
4031,2008-04-29,2011-08-24,325000,470000
4032,1997-07-31,2008-08-15,230000,610000
4032,2008-08-15,2024-08-02,610000,1200000
4033,1997-08-12,2002-08-08,250000,465000
4033,2002-08-08,2010-04-30,465000,650000
4035,1996-09-30,2016-03-30,54500,165000
4036,1999-01-14,2002-08-23,68000,120000
4036,2002-08-23,2017-01-13,120000,138000
4036,2017-01-13,2020-03-13,138000,168500
4038,1998-04-09,2008-01-25,69000,132000
4039,1995-12-05,2011-12-02,85000,695000
4040,2001-08-01,2025-02-25,340000,812000
4042,1997-06-27,2000-05-26,200000,325000
4042,2000-05-26,2022-08-12,325000,975000
4044,2001-11-06,2004-12-22,61500,114000
4044,2004-12-22,2008-12-19,114000,122000
4044,2008-12-19,2016-03-15,122000,143950
4045,2006-09-19,2006-12-15,111000,105000
4046,2006-09-19,2018-02-16,111000,141000
4048,1998-03-05,2016-08-03,41749,144500
4048,2016-08-03,2022-02-15,144500,156000
4050,2006-10-27,2013-11-22,110200,111000
4053,2009-08-27,2019-07-30,100500,140500
4054,1998-12-23,2017-05-25,53000,146000
4054,2017-05-25,2019-07-30,146000,140500
4054,2019-07-30,2024-10-31,140500,175000
4055,1998-09-18,2001-06-08,38950,60000
4055,2001-06-08,2005-09-09,60000,110000
4055,2005-09-09,2011-05-11,110000,132000
4056,2001-06-08,2007-06-01,56500,124995
4056,2007-06-01,2015-06-26,124995,135000
4057,2004-07-30,2007-08-31,110000,137000
4057,2007-08-31,2010-02-26,137000,105000
4057,2010-02-26,2015-10-06,105000,134000
4059,2016-08-05,2019-09-27,137000,163000
4059,2019-09-27,2023-12-12,163000,220000
4060,2007-09-03,2014-12-15,137500,137000
4065,2009-03-18,2012-09-26,95000,122000
4065,2012-09-26,2021-12-17,122000,165000
4066,2002-07-19,2017-03-17,82000,145000
4069,2019-09-27,2024-12-20,220000,332500
4073,1997-06-09,1998-10-30,67000,74950
4073,1998-10-30,2003-01-29,74950,115000
4073,2003-01-29,2004-10-18,115000,193500
4073,2004-10-18,2007-05-04,193500,225000
4074,1996-12-18,2001-09-10,60000,133000
4074,2001-09-10,2007-01-26,133000,185000
4074,2007-01-26,2007-11-23,185000,212000
4078,2004-04-07,2010-05-14,182250,190000
4078,2010-05-14,2016-09-20,190000,275000
4080,2003-04-11,2005-07-14,157500,226500
4080,2005-07-14,2016-03-02,226500,265000
4080,2016-03-02,2021-09-30,265000,347000
4081,1998-01-09,2002-02-19,71500,135000
4081,2002-02-19,2018-06-27,135000,275000
4082,2025-01-16,2026-02-17,283450,395000
4083,2000-10-13,2007-03-23,94000,193000
4083,2007-03-23,2010-05-14,193000,177500
4083,2010-05-14,2011-04-01,177500,209590
4083,2011-04-01,2019-05-17,209590,260000
4084,1997-11-11,2003-11-18,64950,165000
4084,2003-11-18,2006-08-17,165000,219995
4085,2001-04-06,2008-04-28,94000,221000
4089,2000-10-09,2007-02-06,92000,203500
4089,2007-02-06,2016-08-12,203500,218000
4089,2016-08-12,2018-01-24,218000,270000
4092,2002-06-20,2009-07-03,137000,155000
4094,2019-12-04,2021-03-25,251000,382500
4095,2000-07-14,2002-03-08,82000,136000
4095,2002-03-08,2004-05-28,136000,186000
4095,2004-05-28,2013-11-01,186000,245000
4095,2013-11-01,2022-11-04,245000,430000
4096,2003-07-11,2004-03-26,130000,180000
4096,2004-03-26,2005-07-14,180000,187000
4099,2009-10-09,2017-07-10,165000,270000
4100,2004-04-27,2012-10-26,177500,225000
4100,2012-10-26,2024-07-22,225000,335000
4101,2006-02-10,2006-07-04,172500,216000
4102,1997-01-31,1998-08-17,59000,67500
4102,1998-08-17,2000-10-13,67500,110000
4102,2000-10-13,2012-03-16,110000,215000
4102,2012-03-16,2014-02-28,215000,220000
4103,2007-06-15,2014-01-24,174500,180000
4104,2000-11-30,2023-10-02,92000,270000
4105,2013-12-10,2015-07-08,200000,240000
4107,2004-07-30,2012-04-04,185000,225000
4108,2009-03-12,2009-12-21,145000,208000
4108,2009-12-21,2012-08-10,208000,210000
4108,2012-08-10,2025-09-04,210000,320000
4109,1997-04-01,2010-10-22,65000,210000
4111,1998-07-31,2009-12-22,84500,225000
4111,2009-12-22,2026-02-18,225000,450000
4114,2000-10-04,2004-04-23,84000,153000
4114,2004-04-23,2008-06-06,153000,194000
4116,1996-12-14,2005-08-11,69950,212000
4116,2005-08-11,2024-03-05,212000,380000
4118,2013-09-09,2019-03-28,187000,305000
4119,2002-02-28,2005-04-27,113000,235000
4121,2011-11-25,2022-11-25,165000,385000
4122,1997-09-05,2001-12-05,57000,134950
4122,2001-12-05,2014-10-15,134950,235000
4123,1999-07-19,2015-10-30,88000,251000
4123,2015-10-30,2022-11-25,251000,350000
4125,2018-11-02,2024-07-12,230500,340000
4127,2012-01-13,2014-05-09,150000,190000
4127,2014-05-09,2017-08-25,190000,227000
4129,2009-06-16,2017-02-17,150000,263000
4130,1997-07-08,2005-08-02,69500,150000
4130,2005-08-02,2016-08-04,150000,242000
4133,2000-04-28,2002-09-12,78000,126000
4133,2002-09-12,2004-04-08,126000,157500
4133,2004-04-08,2010-07-09,157500,178000
4134,2002-07-31,2011-12-21,79950,125000
4136,1999-05-07,2003-03-21,52500,83000
4137,2004-06-18,2023-02-14,105000,180500
4141,2002-10-11,2012-07-13,90199,117000
4141,2012-07-13,2018-01-26,117000,140000
4141,2018-01-26,2020-06-12,140000,150000
4143,2000-11-10,2001-06-01,60000,68000
4143,2001-06-01,2018-10-31,68000,153000
4144,2000-11-10,2001-06-01,60000,68000
4144,2001-06-01,2020-09-29,68000,169950
4145,1996-03-04,2019-03-08,35000,156000
4146,1999-02-04,2019-10-04,51750,157500
4147,2003-11-05,2011-03-11,89000,112000
4148,1997-02-14,2017-12-08,38000,115000
4149,2004-11-24,2014-02-24,97500,122000
4151,1995-02-17,1998-05-22,26000,42500
4151,1998-05-22,2005-12-20,42500,105000
4152,2000-03-20,2009-07-31,54000,92500
4152,2009-07-31,2025-01-29,92500,195000
4153,2013-05-03,2022-08-03,120000,206750
4154,1998-02-26,2006-01-27,46950,107000
4154,2006-01-27,2022-12-20,107000,181000
4156,2005-04-29,2014-02-14,111000,125000
4157,2000-05-26,2003-10-07,64000,38000
4157,2003-10-07,2006-11-23,38000,132500
4157,2006-11-23,2021-04-26,132500,160000
4159,2003-04-17,2005-10-31,85000,117000
4159,2005-10-31,2010-04-09,117000,122999
4159,2010-04-09,2012-10-24,122999,125000
4163,2003-12-01,2020-01-31,87999,160000
4164,2015-01-06,2024-09-20,125000,198995
4165,1999-12-03,2007-11-19,54500,133000
4166,1996-09-20,2015-01-27,38000,125000
4166,2015-01-27,2021-03-08,125000,170000
4166,2021-03-08,2024-05-31,170000,182000
4168,2000-06-07,2001-03-30,50000,60000
4168,2001-03-30,2009-08-07,60000,105000
4170,2007-07-03,2008-03-14,88000,120000
4170,2008-03-14,2015-07-03,120000,129000
4170,2015-07-03,2019-07-26,129000,152500
4170,2019-07-26,2021-03-11,152500,160500
4172,2003-02-14,2007-06-22,90450,133500
4172,2007-06-22,2021-03-12,133500,163000
4173,2002-04-30,2012-01-20,68950,124999
4173,2012-01-20,2021-11-26,124999,180000
4174,2002-04-30,2021-11-26,68500,180000
4175,2009-09-21,2011-11-18,115000,125000
4176,1997-02-25,2006-01-06,40000,116000
4176,2006-01-06,2009-12-16,116000,121000
4176,2009-12-16,2010-12-20,121000,120750
4182,1999-08-02,2007-06-22,95000,235000
4182,2007-06-22,2014-02-04,235000,233000
4185,1996-02-05,2008-01-15,63000,222500
4187,1997-11-07,2006-02-17,72000,175000
4187,2006-02-17,2008-02-08,175000,220000
4187,2008-02-08,2010-11-25,220000,222000
4187,2010-11-25,2015-07-10,222000,235000
4191,1995-03-31,2026-02-12,72500,370000
4195,2006-09-14,2007-06-29,165000,199950
4195,2007-06-29,2017-01-13,199950,245000
4197,2001-10-18,2015-03-06,122500,225000
4197,2015-03-06,2021-05-14,225000,285000
4199,2006-03-31,2007-01-12,165000,215000
4200,2020-06-12,2021-06-16,225000,388000
4201,1998-06-29,2020-02-10,66000,225000
4202,2019-03-27,2020-02-04,210000,265000
4203,2002-07-31,2024-05-07,136000,295000
4204,1999-03-26,2005-10-21,69500,166000
4204,2005-10-21,2012-07-12,166000,194000
4206,2014-10-15,2018-08-15,215000,289000
4206,2018-08-15,2022-10-06,289000,370000
4211,1997-05-22,2001-08-24,64000,109500
4212,2002-07-22,2002-11-29,106500,155000
4213,2007-01-05,2011-08-25,169950,144950
4213,2011-08-25,2015-12-14,144950,212000
4214,2016-03-31,2017-03-17,204000,249000
4215,2004-12-23,2013-02-22,170000,223000
4217,2010-02-26,2014-12-23,160000,250000
4218,1996-03-27,2025-01-31,30000,240000
4219,2009-06-23,2010-06-18,142000,185000
4221,2008-02-04,2015-12-09,176000,225000
4222,2005-11-03,2015-10-30,169950,265000
4223,2006-09-08,2016-05-13,190000,270250
4224,2000-10-20,2003-12-11,91000,150000
4224,2003-12-11,2011-07-27,150000,205000
4224,2011-07-27,2024-07-26,205000,430000
4226,1997-08-29,2005-02-28,78000,171500
4226,2005-02-28,2025-08-11,171500,315000
4227,1996-08-19,1996-12-18,45950,69500
4228,1997-04-18,2008-07-02,75000,215000
4230,1996-09-09,2016-02-15,56000,235000
4230,2016-02-15,2019-10-11,235000,370000
4231,2019-12-05,2021-03-19,250000,365000
4232,2005-07-20,2021-03-30,145000,320000
4233,2022-02-18,2023-07-28,300000,365000
4234,1995-01-09,2000-11-10,58000,120000
4234,2000-11-10,2009-03-30,120000,192000
4234,2009-03-30,2012-12-12,192000,220000
4235,1998-01-16,2001-03-09,56000,94500
4235,2001-03-09,2013-09-27,94500,179000
4239,2010-06-11,2011-08-08,149500,186000
4239,2011-08-08,2025-12-11,186000,315000
4240,1998-08-08,2007-01-26,87500,135000
4242,1997-02-21,1998-10-02,66500,77500
4242,1998-10-02,2001-12-12,77500,126000
4242,2001-12-12,2002-12-19,126000,158950
4245,1999-06-11,2000-10-09,69950,82050
4245,2000-10-09,2015-05-26,82050,211000
4245,2015-05-26,2024-07-26,211000,285000
4246,2002-02-26,2002-11-08,102000,134000
4246,2002-11-08,2008-05-02,134000,159999
4246,2008-05-02,2011-07-22,159999,180000
4247,1997-11-28,2011-10-28,61000,156000
4248,2010-11-11,2017-08-18,163000,221000
4248,2017-08-18,2021-10-18,221000,265000
4249,2008-04-17,2011-07-25,187000,222000
4249,2011-07-25,2014-07-04,222000,240000
4249,2014-07-04,2021-01-18,240000,305000
4250,1998-02-27,2010-07-15,76000,212500
4251,2003-11-27,2011-08-26,157500,210000
4252,2002-07-19,2011-11-25,126000,200000
4256,2018-05-25,2018-12-17,245000,270000
4257,2023-05-02,2023-11-24,235000,315000
4258,2012-07-13,2020-11-11,177000,276000
4259,2004-05-07,2007-11-05,164950,185000
4260,2006-12-05,2009-08-20,172500,200000
4260,2009-08-20,2021-03-22,200000,245000
4261,2013-08-02,2014-03-03,175000,225000
4263,1997-05-22,2023-05-26,66000,310000
4264,1999-05-07,2023-03-09,116000,425000
4267,2011-05-05,2022-12-01,380000,750000
4269,2008-09-19,2008-09-19,368500,368500
4270,2000-08-25,2015-09-29,179500,372500
4270,2015-09-29,2024-11-01,372500,540000
4271,1997-04-29,2007-10-31,131500,350000
4271,2007-10-31,2024-10-11,350000,750000
4274,1997-08-27,2025-04-25,123500,581500
4275,2003-07-25,2023-04-28,291500,630000
4277,2003-07-30,2020-01-10,188500,333000
4277,2020-01-10,2021-06-16,333000,345000
4279,2006-02-03,2021-06-16,177000,280000
4280,1995-02-24,1999-01-21,67000,80500
4280,1999-01-21,2003-08-22,80500,162000
4280,2003-08-22,2019-06-04,162000,121500
4281,1995-05-25,1998-05-15,67100,84000
4281,1998-05-15,2001-04-12,84000,116000
4281,2001-04-12,2015-06-26,116000,252500
4282,2012-04-12,2015-07-24,160000,190000
4284,2006-11-06,2014-11-04,165000,187000
4284,2014-11-04,2021-03-31,187000,196000
4285,1997-01-31,2024-08-30,66000,383000
4286,1999-01-29,2015-07-08,64500,193500
4292,2021-06-11,2025-02-24,155000,215000
4292,2025-02-24,2025-03-03,215000,212500
4293,2001-05-25,2002-02-25,149995,173000
4293,2002-02-25,2004-06-18,173000,239500
4294,2003-01-16,2013-01-17,233000,300000
4294,2013-01-17,2016-10-27,300000,368000
4295,1999-09-13,2012-03-02,109000,221000
4299,2005-09-02,2014-08-01,180000,239999
4300,1995-10-27,2001-07-13,84000,149950
4300,2001-07-13,2006-10-09,149950,240000
4300,2006-10-09,2010-07-08,240000,240500
4301,2004-01-09,2012-05-01,193300,195000
4301,2012-05-01,2021-06-30,195000,346000
4301,2021-06-30,2024-05-16,346000,380000
4302,1997-06-02,2002-09-12,95000,209000
4302,2002-09-12,2016-03-31,209000,370000
4306,1996-08-30,1999-10-07,70000,99950
4306,1999-10-07,2018-08-21,99950,295000
4310,1998-07-15,2018-08-16,58500,226950
4312,2007-03-02,2015-01-30,167000,225000
4313,2002-06-12,2017-03-24,134950,225000
4314,2001-12-14,2006-12-08,50000,192000
4316,1997-07-08,1997-11-26,60000,64000
4316,1997-11-26,2003-06-19,64000,141000
4317,2001-10-23,2006-02-24,98000,152000
4317,2006-02-24,2009-11-27,152000,159000
4317,2009-11-27,2022-03-15,159000,257500
4318,2007-10-01,2014-01-16,196000,212000
4318,2014-01-16,2017-02-10,212000,230000
4319,2018-08-13,2025-06-16,228000,280000
4320,1995-08-11,2001-07-12,62000,108000
4320,2001-07-12,2006-09-08,108000,182000
4320,2006-09-08,2026-01-28,182000,271500
4325,2004-01-16,2007-10-23,190000,250000
4327,1998-06-19,2003-08-19,79500,152500
4327,2003-08-19,2025-03-28,152500,325000
4328,2001-08-17,2019-11-29,109000,275000
4329,2006-07-20,2010-06-25,188000,213500
4329,2010-06-25,2015-09-08,213500,257500
4330,1997-06-17,2001-12-14,59995,59950
4332,1995-09-29,1997-03-27,47500,56500
4332,1997-03-27,2001-08-10,56500,98000
4332,2001-08-10,2005-04-11,98000,144000
4332,2005-04-11,2015-02-09,144000,163500
4332,2015-02-09,2019-04-02,163500,220000
4334,1998-01-08,2001-11-26,57500,92500
4334,2001-11-26,2017-04-28,92500,220000
4335,1995-04-28,2001-07-13,56000,94000
4335,2001-07-13,2003-06-20,94000,129950
4336,2001-05-18,2010-12-20,127500,200000
4336,2010-12-20,2012-06-29,200000,210000
4336,2012-06-29,2020-08-11,210000,282500
4337,1997-06-30,2002-10-11,69950,149950
4339,1995-04-07,1998-12-21,64000,83000
4339,1998-12-21,2003-05-12,83000,158500
4339,2003-05-12,2009-12-01,158500,184995
4340,1996-07-10,1998-07-31,63000,77000
4340,1998-07-31,2005-06-01,77000,177450
4340,2005-06-01,2018-05-11,177450,235000
4340,2018-05-11,2021-01-08,235000,295000
4340,2021-01-08,2025-10-24,295000,339000
4342,2004-06-04,2012-03-28,180000,209000
4342,2012-03-28,2018-01-22,209000,295000
4343,1999-05-27,2002-06-12,88000,139000
4343,2002-06-12,2006-03-06,139000,179950
4343,2006-03-06,2022-06-08,179950,350000
4344,1998-06-05,1999-06-21,78000,87500
4344,1999-06-21,2013-08-16,87500,215000
4346,1996-07-26,1999-08-23,64000,87950
4347,1995-04-18,1997-10-31,68500,85250
4347,1997-10-31,1999-05-21,85250,89950
4348,1999-03-05,2013-01-25,86500,225000
4348,2013-01-25,2021-02-01,225000,298000
4349,2003-09-12,2007-09-07,137500,187500
4349,2007-09-07,2012-08-03,187500,175000
4349,2012-08-03,2021-09-29,175000,222000
4349,2021-09-29,2025-04-04,222000,275000
4350,1995-01-27,2001-05-25,55750,97000
4350,2001-05-25,2003-07-07,97000,130000
4350,2003-07-07,2016-09-29,130000,205000
4352,1998-07-24,2008-03-07,102000,250000
4352,2008-03-07,2016-08-15,250000,317500
4354,1995-07-24,2014-11-10,117500,382500
4355,1995-11-17,1999-05-28,60000,75000
4355,1999-05-28,2004-09-27,75000,155000
4355,2004-09-27,2021-01-05,155000,245000
4357,1995-06-23,2000-09-08,68950,108000
4357,2000-09-08,2003-02-28,108000,158000
4357,2003-02-28,2006-06-14,158000,197000
4357,2006-06-14,2018-12-04,197000,275000
4358,1995-08-18,2005-02-11,67500,187500
4359,2000-10-27,2006-07-07,93000,165000
4359,2006-07-07,2014-08-15,165000,190000
4360,1995-11-17,2022-12-09,68000,345000
4361,1998-06-15,2005-11-11,68000,167500
4362,2008-07-04,2012-06-01,190000,190000
4363,1997-01-10,2001-06-29,107000,183000
4363,2001-06-29,2017-02-23,183000,410000
4364,1997-08-14,2003-06-27,107000,250000
4365,1995-10-13,1995-12-29,67000,60000
4365,1995-12-29,1999-07-23,60000,87000
4365,1999-07-23,2000-07-18,87000,109950
4365,2000-07-18,2006-12-13,109950,203250
4366,1996-10-31,1999-01-08,69900,80000
4366,1999-01-08,2007-03-26,80000,205000
4366,2007-03-26,2021-06-30,205000,300000
4368,2010-01-07,2025-09-26,192000,343000
4369,1998-06-19,1999-04-29,68000,72000
4369,1999-04-29,2001-04-18,72000,92500
4369,2001-04-18,2006-10-27,92500,172500
4369,2006-10-27,2009-06-04,172500,145000
4369,2009-06-04,2023-03-24,145000,245000
4370,1995-09-21,2000-03-31,65000,99000
4370,2000-03-31,2006-03-31,99000,192000
4370,2006-03-31,2013-12-06,192000,200000
4370,2013-12-06,2026-02-27,200000,320000
4371,1995-01-27,1999-04-13,53500,65000
4372,1995-08-30,1997-05-16,106400,75000
4372,1997-05-16,1999-11-04,75000,96950
4372,1999-11-04,2004-09-10,96950,195000
4372,2004-09-10,2008-07-25,195000,195000
4372,2008-07-25,2011-12-21,195000,199000
4372,2011-12-21,2023-11-30,199000,325000
4373,2001-07-30,2006-05-26,113000,182500
4373,2006-05-26,2024-07-18,182500,339000
4374,1995-05-12,1998-01-26,68250,73000
4374,1998-01-26,1999-08-10,73000,87000
4376,1997-11-18,2002-09-27,74000,100000
4376,2002-09-27,2004-02-06,100000,76000
4378,2017-10-16,2021-01-22,257000,308000
4385,2017-06-08,2018-11-23,232000,365000
4386,1997-03-03,2017-01-24,50000,255000
4387,1997-08-15,2006-07-07,84500,227950
4387,2006-07-07,2011-10-28,227950,232000
4388,2002-05-17,2020-03-10,142500,292500
4388,2020-03-10,2022-02-28,292500,362500
4392,1996-10-11,2002-05-31,53000,150000
4393,2003-09-25,2010-05-28,158000,225000
4393,2010-05-28,2021-03-31,225000,310000
4395,1997-12-05,2000-09-18,72500,94000
4395,2000-09-18,2006-07-07,94000,199950
4395,2006-07-07,2010-02-25,199950,215000
4396,2010-03-26,2020-12-16,235000,375000
4401,2000-09-01,2012-11-16,87000,203000
4401,2012-11-16,2015-08-07,203000,247500
4404,1996-11-26,1998-05-19,53200,68000
4404,1998-05-19,2006-12-11,68000,185000
4404,2006-12-11,2014-10-10,185000,212000
4404,2014-10-10,2020-09-07,212000,261000
4405,2004-08-20,2021-06-23,182500,325000
4409,2002-01-25,2017-07-14,132000,299000
4411,2000-06-22,2020-08-07,117500,295000
4412,1996-11-22,2015-07-10,59999,285000
4414,1997-10-31,1999-12-10,97000,128000
4414,1999-12-10,2016-05-19,128000,285000
4416,2011-10-28,2023-08-31,250000,475000
4419,1999-10-01,2005-08-19,85000,230000
4424,2007-02-20,2016-08-26,215500,275000
4424,2016-08-26,2023-09-01,275000,380000
4424,2023-09-01,2025-10-20,380000,385000
4427,2004-03-18,2012-03-15,167000,222000
4428,2005-01-20,2017-10-11,185000,315000
4430,1996-04-24,2004-02-16,60000,193000
4432,1999-10-29,2007-08-10,92000,249950
4432,2007-08-10,2022-07-22,249950,387500
4434,1998-02-19,2000-09-01,70500,95000
4434,2000-09-01,2018-05-11,95000,255000
4434,2018-05-11,2021-03-29,255000,285000
4435,2008-05-07,2009-08-28,162000,164950
4436,1995-10-30,1997-12-01,45000,50000
4437,1997-03-07,2017-09-29,77500,255000
4441,1996-06-28,2007-02-27,68000,160000
4443,2022-11-14,2025-03-26,390000,400000
4444,1996-08-14,1999-11-09,65000,96000
4444,1999-11-09,2002-08-20,96000,149000
4444,2002-08-20,2007-07-12,149000,250000
4448,2004-05-20,2010-08-13,195500,244500
4449,2006-07-31,2015-02-27,208000,247500
4451,1998-10-16,2006-04-21,59000,168000
4453,2003-09-09,2004-06-17,120050,169950
4453,2004-06-17,2005-07-01,169950,178000
4453,2005-07-01,2008-09-19,178000,180000
4456,2001-10-26,2007-10-30,115000,215000
4460,2006-05-26,2012-10-12,193500,250000
4461,2000-08-16,2017-07-28,114000,240000
4462,2001-10-31,2018-11-12,125000,240000
4462,2018-11-12,2023-01-04,240000,317500
4467,2003-09-26,2011-02-23,195000,220000
4468,1998-03-27,2001-07-02,82000,108500
4468,2001-07-02,2018-03-13,108500,266000
4469,2009-05-29,2012-08-30,151250,170000
4469,2012-08-30,2018-07-27,170000,269000
4471,2001-05-31,2006-08-25,105000,189950
4471,2006-08-25,2009-01-30,189950,170000
4471,2009-01-30,2015-04-21,170000,238000
4472,2007-11-14,2020-09-28,210000,285000
4473,2003-12-12,2018-05-10,161000,295000
4474,2020-01-17,2025-01-17,250000,360000
4475,1999-10-27,2012-03-30,83500,215000
4475,2012-03-30,2019-04-18,215000,295000
4477,1998-08-24,2000-05-19,71500,97000
4478,1999-08-10,2000-02-18,80000,85000
4478,2000-02-18,2005-04-29,85000,160000
4478,2005-04-29,2009-10-09,160000,175000
4478,2009-10-09,2020-02-10,175000,275000
4479,1996-01-12,1999-07-16,55000,68950
4479,1999-07-16,2004-03-08,68950,155500
4480,2003-04-25,2004-08-09,115750,155000
4480,2004-08-09,2009-12-21,155000,155000
4480,2009-12-21,2023-12-08,155000,315000
4481,2006-08-18,2011-04-26,155000,160000
4481,2011-04-26,2016-03-29,160000,240000
4481,2016-03-29,2021-03-12,240000,269000
4482,1998-07-17,2009-10-19,68000,170000
4482,2009-10-19,2021-03-24,170000,307500
4483,2003-10-10,2007-07-31,168000,235000
4483,2007-07-31,2022-06-10,235000,355000
4484,2019-10-08,2022-09-16,245000,355000
4485,1998-06-26,2009-09-07,79950,190000
4485,2009-09-07,2019-12-13,190000,265000
4486,2006-03-09,2018-05-03,174000,279950
4486,2018-05-03,2025-11-06,279950,470000
4487,2010-10-15,2016-05-06,180000,277500
4487,2016-05-06,2022-07-08,277500,360000
4488,2005-03-11,2014-06-27,186000,225000
4490,2001-10-30,2008-10-23,139000,220000
4491,1998-10-16,2012-10-04,97000,247000
4491,2012-10-04,2015-12-30,247000,275000
4491,2015-12-30,2018-07-06,275000,324000
4493,1998-04-03,2001-10-29,79000,130000
4493,2001-10-29,2005-02-25,130000,189000
4494,1997-04-18,2003-06-27,66950,165000
4494,2003-06-27,2011-10-14,165000,220000
4495,1997-09-26,2004-06-18,80500,200000
4495,2004-06-18,2013-12-06,200000,250000
4495,2013-12-06,2022-11-28,250000,440000
4496,2002-11-08,2005-09-28,184000,215000
4496,2005-09-28,2009-01-29,215000,215000
4496,2009-01-29,2009-11-27,215000,240000
4496,2009-11-27,2015-04-24,240000,180000
4500,1995-11-24,2006-07-28,65500,196500
4501,2003-01-31,2003-10-03,137000,169950
4502,1996-05-02,2006-10-25,60000,192500
4502,2006-10-25,2022-04-21,192500,341000
4507,2000-10-20,2014-02-07,90000,203000
4508,2000-06-29,2000-09-19,148950,90000
4509,2006-08-23,2017-03-07,167501,283000
4511,2016-07-14,2020-07-10,260000,273000
4511,2020-07-10,2024-12-05,273000,390000
4512,2012-11-09,2014-04-17,150000,229000
4512,2014-04-17,2019-11-22,229000,257500
4514,2003-06-20,2005-08-19,145000,182500
4514,2005-08-19,2011-03-04,182500,166000
4514,2011-03-04,2013-07-26,166000,188000
4517,2014-12-19,2019-11-28,205000,432500
4517,2019-11-28,2025-01-08,432500,600000
4518,2011-03-31,2013-03-22,162000,217500
4521,2019-05-24,2021-05-07,284950,325000
4527,2014-01-10,2017-07-21,160000,230000
4528,1998-08-14,2001-12-07,66000,110000
4531,1995-03-10,2001-09-07,60500,133000
4534,2007-02-06,2017-07-21,225000,350000
4535,2001-07-18,2005-11-11,115000,173000
4537,1996-06-14,1997-04-25,46000,57000
4538,1997-02-21,2006-11-17,59000,230000
4538,2006-11-17,2014-11-28,230000,250000
4539,1999-01-15,2007-10-12,36000,185000
4540,2007-07-06,2021-07-06,183000,300000
4546,2002-08-22,2008-04-03,150000,230000
4546,2008-04-03,2024-12-16,230000,365000
4547,2000-03-14,2007-01-17,87000,185000
4548,2008-02-15,2014-02-07,226000,319000
4552,1996-05-28,1999-08-10,67100,97000
4552,1999-08-10,2020-01-27,97000,291000
4553,2004-07-02,2007-01-17,172000,237000
4556,1997-07-24,2007-06-29,91000,317500
4561,2013-07-19,2025-10-02,286500,512500
4563,1998-12-21,2012-08-03,105000,272500
4564,1996-03-27,2001-08-10,72500,139950
4565,2011-10-21,2020-02-21,190000,315000
4566,2007-12-07,2013-01-09,215000,240000
4566,2013-01-09,2020-10-23,240000,335000
4569,2012-03-30,2017-12-15,204000,330000
4570,2007-05-24,2024-09-03,265000,400000
4571,2008-01-31,2010-09-10,227000,245000
4571,2010-09-10,2015-08-21,245000,263000
4571,2015-08-21,2020-08-19,263000,320000
4572,2002-01-25,2007-06-29,130000,239950
4572,2007-06-29,2025-10-06,239950,460000
4575,2001-12-14,2010-09-09,115000,240000
4575,2010-09-09,2011-06-30,240000,248000
4576,2007-06-15,2012-02-01,265000,257050
4576,2012-02-01,2024-12-06,257050,472500
4577,2007-08-13,2018-06-08,277000,315000
4581,2001-10-31,2024-12-13,99000,260000
4583,2005-12-20,2013-06-27,161000,159950
4583,2013-06-27,2013-11-08,159950,194995
4583,2013-11-08,2025-09-05,194995,320000
4585,2018-05-15,2022-07-22,245000,310000
4587,2021-06-16,2022-10-27,238000,328000
4589,1998-06-25,2011-01-11,74000,164900
4591,2004-05-21,2014-10-02,166000,212000
4592,2016-01-06,2016-10-17,205000,282500
4595,2002-05-22,2006-05-16,106000,165000
4596,2016-05-04,2017-06-21,179950,265000
4597,2003-02-24,2007-06-28,110000,109375
4601,2023-11-10,2025-02-06,310000,435000
4604,2015-01-23,2020-11-17,210000,200000
4607,2006-04-07,2017-02-24,195000,344000
4609,2011-11-11,2021-04-16,160000,242500
4610,1999-10-20,2022-11-11,83000,338500
4611,2009-11-27,2019-08-16,160000,249999
4612,2004-05-27,2009-06-26,160000,165000
4612,2009-06-26,2017-07-21,165000,255000
4613,1996-01-06,2003-09-25,60000,158000
4613,2003-09-25,2004-01-05,158000,142000
4613,2004-01-05,2004-07-30,142000,187000
4614,2000-01-24,2003-12-12,60000,147000
4614,2003-12-12,2016-05-03,147000,250000
4614,2016-05-03,2017-11-30,250000,270000
4615,2004-05-06,2007-11-21,168000,198000
4615,2007-11-21,2013-06-20,198000,197000
4616,1996-07-05,2014-04-04,60000,198000
4616,2014-04-04,2015-12-08,198000,250000
4617,2006-11-13,2015-01-23,200000,223000
4618,2004-08-27,2006-07-13,225000,250000
4618,2006-07-13,2019-01-31,250000,330000
4618,2019-01-31,2022-04-11,330000,415000
4620,1996-02-26,2004-07-22,60000,80000
4620,2004-07-22,2007-10-19,80000,102250
4621,2006-05-26,2014-07-25,115000,138000
4621,2014-07-25,2017-11-07,138000,149950
4622,1998-06-26,2000-10-27,69000,85500
4622,2000-10-27,2003-07-03,85500,127000
4623,2003-07-01,2012-11-22,94500,135000
4625,2002-10-14,2007-09-11,79950,124000
4625,2007-09-11,2016-08-31,124000,139995
4628,2008-12-05,2024-12-10,130000,162500
4629,2003-08-13,2008-06-16,120000,165000
4629,2008-06-16,2025-02-28,165000,265000
4631,1996-05-14,1999-05-21,32500,40000
4631,1999-05-21,2020-01-27,40000,170000
4632,2014-07-15,2024-10-25,175000,261000
4633,2016-07-12,2021-08-20,135000,155888
4634,2000-04-20,2001-05-25,67000,64750
4634,2001-05-25,2015-09-11,64750,137500
4634,2015-09-11,2020-09-25,137500,143000
4637,1997-06-20,2003-09-19,54000,135000
4640,2018-08-31,2020-10-30,232000,240000
4641,2019-10-25,2025-02-28,245000,340000
4642,2002-02-18,2005-10-19,97500,141000
4642,2005-10-19,2007-10-31,141000,178000
4644,2001-02-16,2005-10-28,84000,157000
4645,2011-07-21,2023-12-08,170000,325000
4646,1995-06-09,1998-10-23,49950,62500
4646,1998-10-23,2009-07-31,62500,155000
4646,2009-07-31,2021-05-28,155000,237000
4647,2001-08-10,2009-05-29,83500,145000
4647,2009-05-29,2014-10-31,145000,185000
4647,2014-10-31,2020-01-10,185000,232000
4650,1999-05-21,2006-10-20,75000,177000
4650,2006-10-20,2010-08-06,177000,175000
4650,2010-08-06,2014-06-27,175000,188000
4650,2014-06-27,2016-07-14,188000,218000
4650,2016-07-14,2025-10-24,218000,289950
4652,1999-07-23,2021-12-06,64000,260000
4653,2014-06-30,2024-05-31,150000,285000
4655,2003-12-10,2013-12-16,135000,165050
4655,2013-12-16,2020-01-07,165050,225000
4657,1998-04-07,2001-01-26,62500,86000
4657,2001-01-26,2025-08-08,86000,287000
4659,2000-11-17,2007-04-17,83000,170000
4659,2007-04-17,2013-12-20,170000,165000
4660,1998-10-02,2001-11-23,59000,82500
4661,1996-08-07,2003-02-21,46500,115000
4661,2003-02-21,2022-06-08,115000,270000
4662,2004-10-08,2015-08-14,166000,189995
4664,1996-04-26,2008-08-01,49950,163000
4664,2008-08-01,2011-09-01,163000,170000
4665,2001-02-16,2017-01-13,84000,217567
4666,2001-03-27,2004-02-09,78500,133500
4667,2011-07-27,2021-02-26,166500,275000
4668,1998-09-18,2012-08-14,64500,185000
4672,2017-12-06,2022-06-01,212000,268500
4673,2004-06-16,2013-11-29,170000,195000
4674,1997-06-27,2012-08-30,56500,153000
4676,2005-06-24,2022-05-27,175000,330000
4677,2010-10-13,2013-06-25,140000,162000
4678,2005-11-11,2014-03-31,192000,202000
4678,2014-03-31,2020-07-16,202000,285000
4680,1995-05-15,2002-10-16,68500,147500
4683,2009-05-15,2012-11-05,152000,175000
4690,2002-04-29,2010-01-26,156000,220000
4690,2010-01-26,2016-07-29,220000,310000
4691,1999-01-29,2004-06-24,70000,140000
4693,1997-12-19,2010-04-01,61000,166000
4694,1999-05-27,2004-04-23,69500,144995
4695,1995-12-15,1999-04-27,44500,61000
4695,1999-04-27,2001-10-19,61000,87000
4695,2001-10-19,2005-07-01,87000,149000
4697,1998-09-11,2007-06-27,67750,180500
4697,2007-06-27,2009-09-18,180500,144000
4697,2009-09-18,2016-08-05,144000,200000
4697,2016-08-05,2021-09-27,200000,240000
4698,1998-05-01,2008-03-28,59995,162000
4698,2008-03-28,2015-02-10,162000,170000
4699,1996-06-13,2016-07-18,54000,190000
4700,2000-07-05,2023-03-14,89000,265000
4702,2004-08-26,2007-01-26,146000,160000
4703,2003-04-28,2016-09-01,120000,195000
4704,1997-02-21,1998-08-28,49500,62000
4704,1998-08-28,2017-01-26,62000,219950
4704,2017-01-26,2021-12-16,219950,250000
4705,2002-01-04,2003-10-23,80000,114000
4706,1996-12-19,2006-06-30,51500,152000
4706,2006-06-30,2012-04-03,152000,146000
4706,2012-04-03,2013-11-08,146000,163000
4708,2001-04-27,2014-12-11,86500,189995
4708,2014-12-11,2022-10-21,189995,286500
4709,2002-12-06,2018-05-30,139950,215000
4710,1997-08-29,2001-04-06,57000,86500
4710,2001-04-06,2006-01-26,86500,149000
4710,2006-01-26,2011-08-29,149000,172000
4710,2011-08-29,2021-02-19,172000,225000
4712,1996-08-16,2002-03-08,55500,96000
4712,2002-03-08,2012-12-07,96000,153500
4712,2012-12-07,2021-03-22,153500,232000
4713,1998-05-01,2007-10-12,64950,185000
4716,1999-09-13,2007-11-02,72000,177500
4716,2007-11-02,2010-10-29,177500,165000
4717,1996-09-06,2005-03-24,53500,138900
4717,2005-03-24,2011-07-25,138900,168710
4717,2011-07-25,2017-08-11,168710,216000
4719,2001-02-09,2018-11-09,87500,230000
4720,1997-07-31,2006-10-23,60000,187000
4720,2006-10-23,2022-03-18,187000,280000
4721,1997-07-30,2001-09-21,73000,115000
4721,2001-09-21,2003-08-22,115000,146950
4721,2003-08-22,2016-02-12,146950,240000
4722,2001-08-03,2011-05-27,87500,165000
4722,2011-05-27,2020-09-11,165000,258050
4723,1997-06-20,2002-08-30,72000,155000
4723,2002-08-30,2002-09-27,155000,166950
4723,2002-09-27,2009-11-12,166950,192500
4724,1995-12-15,2000-12-15,56000,83500
4724,2000-12-15,2017-01-25,83500,200000
4725,1995-02-21,2010-08-12,59250,201000
4725,2010-08-12,2025-05-02,201000,310000
4726,1997-09-30,2009-08-26,58500,150000
4727,1997-06-12,2000-02-07,63500,79500
4727,2000-02-07,2001-07-06,79500,94950
4727,2001-07-06,2013-03-12,94950,162700
4727,2013-03-12,2018-05-04,162700,227000
4728,1995-11-03,2002-03-01,56500,99950
4728,2002-03-01,2025-03-03,99950,290000
4732,2009-03-11,2009-07-13,127500,155000
4732,2009-07-13,2021-08-19,155000,285000
4733,2010-05-26,2013-08-16,165000,170000
4733,2013-08-16,2024-06-28,170000,261500
4734,1997-10-01,2002-01-14,52500,85000
4734,2002-01-14,2002-12-02,85000,135000
4734,2002-12-02,2017-10-04,135000,223000
4735,1999-07-23,2009-12-22,68950,159950
4736,1999-09-24,2001-07-27,71500,92995
4736,2001-07-27,2015-10-21,92995,201500
4738,2001-06-29,2003-08-26,94000,137500
4738,2003-08-26,2006-07-18,137500,169500
4738,2006-07-18,2009-07-22,169500,160000
4739,1996-08-23,1997-10-20,55500,59950
4739,1997-10-20,2000-11-23,59950,86000
4739,2000-11-23,2003-06-25,86000,130000
4739,2003-06-25,2012-05-04,130000,150000
4742,1996-06-21,2005-03-11,52000,142000
4742,2005-03-11,2022-01-28,142000,240000
4744,2012-12-07,2019-07-25,70000,217000
4745,1998-07-20,2009-10-28,62500,130000
4745,2009-10-28,2011-12-12,130000,145000
4746,1997-11-05,2002-02-15,57500,84000
4747,1996-04-24,2005-03-31,52000,141000
4747,2005-03-31,2010-07-16,141000,157000
4747,2010-07-16,2015-06-19,157000,185000
4747,2015-06-19,2021-07-30,185000,232000
4748,1996-05-31,2004-03-03,53000,139950
4748,2004-03-03,2006-01-12,139950,155000
4749,1995-04-11,2002-05-09,52500,93000
4749,2002-05-09,2007-05-31,93000,174500
4749,2007-05-31,2025-03-14,174500,248000
4750,1999-06-11,2000-12-01,69000,81000
4750,2000-12-01,2001-03-05,81000,79500
4750,2001-03-05,2002-10-18,79500,119995
4750,2002-10-18,2007-06-15,119995,180000
4750,2007-06-15,2018-04-20,180000,200000
4751,1999-03-19,2013-11-22,63000,172000
4752,2004-04-02,2013-09-13,119000,170000
4753,1996-12-18,2009-05-01,51500,150000
4753,2009-05-01,2019-05-10,150000,235000
4755,1996-10-30,1999-03-12,51000,66500
4755,1999-03-12,2003-07-21,66500,129950
4755,2003-07-21,2004-12-17,129950,145000
4755,2004-12-17,2006-07-14,145000,164000
4755,2006-07-14,2008-04-28,164000,175000
4755,2008-04-28,2010-02-15,175000,166500
4756,1995-09-21,2003-01-28,56800,135000
4756,2003-01-28,2007-03-14,135000,170000
4756,2007-03-14,2020-12-18,170000,225000
4757,1999-03-31,2011-01-07,67500,150000
4758,1995-11-24,2016-02-26,17000,177500
4760,2001-07-25,2004-03-19,84500,134000
4760,2004-03-19,2006-07-07,134000,164950
4761,1999-02-12,2009-08-14,64500,145000
4761,2009-08-14,2014-07-18,145000,185000
4762,1997-07-04,2000-05-26,56950,87000
4762,2000-05-26,2003-12-05,87000,131000
4763,1996-11-28,2002-08-22,49000,114000
4763,2002-08-22,2005-10-12,114000,168000
4764,1996-10-25,2007-12-14,54000,183550
4764,2007-12-14,2013-02-22,183550,169250
4764,2013-02-22,2020-10-16,169250,238000
4765,1999-07-30,2000-10-27,66500,84000
4765,2000-10-27,2010-07-16,84000,148110
4765,2010-07-16,2018-12-12,148110,236000
4766,1997-12-19,2001-03-14,56000,76000
4766,2001-03-14,2012-03-16,76000,148000
4766,2012-03-16,2019-02-14,148000,223500
4768,2017-12-01,2020-09-24,216000,230000
4770,1995-12-15,1999-08-26,81500,133000
4775,1996-02-13,1997-06-10,71000,84500
4775,1997-06-10,2006-06-01,84500,230000
4779,1998-05-29,2005-05-18,129000,340100
4779,2005-05-18,2017-05-19,340100,450000
4780,2014-09-26,2021-11-23,340000,515000
4781,2013-07-12,2017-05-04,300000,407500
4783,2013-11-18,2023-12-18,300000,485000
4785,2003-02-07,2010-01-26,120000,164000
4785,2010-01-26,2013-11-29,164000,177000
4785,2013-11-29,2022-01-10,177000,260000
4786,1996-10-04,2005-11-28,51000,157500
4786,2005-11-28,2009-10-30,157500,160000
4788,1997-04-25,1997-12-19,52000,57000
4788,1997-12-19,2011-02-18,57000,155000
4789,1996-11-18,2004-06-17,46500,147500
4790,1997-05-06,2000-09-08,52000,83000
4790,2000-09-08,2006-08-04,83000,159950
4790,2006-08-04,2016-03-17,159950,190000
4791,2019-03-08,2025-07-11,105000,285000
4793,2006-02-17,2010-07-07,154950,172000
4797,1999-09-10,2003-11-21,112000,177000
4797,2003-11-21,2017-06-26,177000,327500
4798,2012-10-19,2015-12-14,292500,385000
4800,1995-12-15,1997-01-29,71500,77000
4800,1997-01-29,1998-11-06,77000,90000
4801,2005-08-26,2006-10-20,228500,242500
4801,2006-10-20,2024-08-28,242500,428000
4802,2001-05-24,2005-07-01,144950,230000
4802,2005-07-01,2019-08-14,230000,375000
4802,2019-08-14,2021-01-29,375000,430000
4802,2021-01-29,2024-11-05,430000,470000
4805,2001-09-12,2007-11-15,128500,245000
4805,2007-11-15,2010-09-08,245000,220000
4807,2013-11-26,2014-07-18,292000,305000
4810,1999-12-03,2008-03-07,155000,305000
4810,2008-03-07,2019-11-01,305000,408000
4812,1995-08-04,2005-08-25,72250,247500
4815,1998-02-27,2002-09-24,96000,185000
4817,1997-11-21,1998-08-25,40000,103500
4817,1998-08-25,2009-10-28,103500,260000
4818,2001-11-02,2006-04-13,141000,229950
4818,2006-04-13,2013-01-25,229950,230000
4819,2001-05-23,2002-09-12,176000,225000
4819,2002-09-12,2006-10-26,225000,269950
4821,2001-01-23,2006-12-13,170000,277500
4823,2003-01-29,2007-11-14,219000,300000
4825,2006-04-27,2017-05-18,228000,270000
4826,2001-06-12,2023-02-03,119950,375000
4827,2004-05-21,2006-03-10,171000,175000
4827,2006-03-10,2006-05-26,175000,175000
4827,2006-05-26,2015-03-03,175000,247000
4827,2015-03-03,2024-07-10,247000,410000
4830,1998-03-25,2018-01-12,75000,276000
4830,2018-01-12,2025-03-31,276000,340000
4831,1995-12-15,1996-04-24,46000,67500
4831,1996-04-24,2017-12-15,67500,258000
4833,1995-02-24,2013-06-03,50000,182000
4833,2013-06-03,2025-08-29,182000,310000
4835,2002-05-31,2011-10-28,129950,190000
4836,1998-09-23,2000-05-11,158000,208000
4836,2000-05-11,2012-08-21,208000,420000
4837,1998-12-21,2012-08-23,147000,337000
4837,2012-08-23,2017-11-24,337000,450000
4843,1998-09-23,2018-01-09,97000,530000
4846,1996-08-30,2001-01-23,53000,70000
4850,2008-04-24,2023-12-01,225000,370000
4851,2008-04-16,2013-01-21,196250,192100
4851,2013-01-21,2018-04-18,192100,250000
4853,2008-03-20,2021-03-08,164950,245000
4854,2010-12-23,2019-07-12,158000,315000
4856,1997-06-11,2017-12-05,64000,150000
4856,2017-12-05,2019-08-16,150000,250000
4857,1999-11-26,2004-08-13,92500,187000
4858,2011-05-06,2015-12-15,204000,316720
4860,2010-07-19,2016-05-24,204000,370000
4861,1999-02-01,2005-03-31,88000,210000
4864,1996-11-29,2017-01-23,55000,254000
4864,2017-01-23,2022-04-19,254000,350000
4865,2003-10-17,2015-09-11,139995,188000
4865,2015-09-11,2017-05-12,188000,225000
4868,1999-05-11,2012-08-03,64500,190000
4871,2003-10-31,2011-05-27,136000,149950
4871,2011-05-27,2024-08-06,149950,430000
4872,2010-08-13,2020-09-04,180000,290000
4873,2003-01-31,2006-02-27,189500,227500
4873,2006-02-27,2006-03-28,227500,227500
4875,2004-03-12,2007-06-29,145000,195000
4877,2000-08-16,2005-08-16,84995,174000
4877,2005-08-16,2012-08-21,174000,198000
4877,2012-08-21,2014-11-05,198000,225000
4877,2014-11-05,2020-12-16,225000,260000
4881,2005-10-19,2014-01-31,165000,185000
4881,2014-01-31,2023-04-06,185000,325000
4883,2016-09-27,2018-05-25,238000,280000
4884,2018-01-22,2021-03-04,250000,260000
4884,2021-03-04,2022-10-26,260000,357000
4888,2011-05-13,2021-12-17,192500,408000
4893,2011-07-15,2024-09-25,150000,310000
4894,1995-07-26,1999-04-08,55000,72500
4894,1999-04-08,2009-05-08,72500,147000
4894,2009-05-08,2013-07-12,147000,183500
4894,2013-07-12,2014-08-01,183500,212000
4896,2012-12-20,2019-06-28,170000,320000
4898,2009-08-07,2016-07-29,145000,250000
4898,2016-07-29,2018-02-15,250000,260000
4898,2018-02-15,2019-10-30,260000,280000
4902,1999-07-09,2005-10-28,73000,152000
4902,2005-10-28,2007-10-04,152000,163000
4903,2010-02-12,2017-08-04,148000,230000
4903,2017-08-04,2023-05-22,230000,360000
4905,2002-08-09,2011-02-18,183000,405159
4907,2007-05-25,2023-05-19,169950,315000
4908,2001-10-31,2013-10-28,82500,202000
4908,2013-10-28,2015-07-31,202000,195000
4916,2003-05-15,2006-06-30,147500,182500
4919,2002-05-24,2009-04-03,120000,137500
4922,1995-12-15,1997-10-17,73000,78000
4922,1997-10-17,2001-06-15,78000,133500
4922,2001-06-15,2014-11-11,133500,300000
4925,2009-05-01,2012-07-12,152500,180000
4926,2004-04-07,2004-10-14,137000,179000
4930,2019-04-11,2021-02-11,262500,265000
4930,2021-02-11,2025-03-06,265000,315000
4932,2019-10-21,2025-11-21,260000,370000
4938,2005-11-25,2011-04-15,160000,180000
4940,1998-02-02,1998-07-17,50000,85000
4940,1998-07-17,2009-12-16,85000,163000
4944,2016-03-29,2022-01-14,220000,291000
4945,1995-03-10,2026-02-06,40000,310000
4947,2011-08-17,2018-11-23,197000,319950
4951,1998-02-05,2001-02-02,62500,87000
4951,2001-02-02,2025-05-23,87000,325000
4952,1995-11-30,2001-12-14,52000,112000
4952,2001-12-14,2004-08-23,112000,155000
4952,2004-08-23,2009-08-11,155000,155000
4952,2009-08-11,2022-07-22,155000,310000
4953,2002-07-09,2023-07-04,126000,400000
4954,2002-12-09,2011-09-30,55000,170000
4955,2001-08-23,2014-07-11,107500,209500
4956,1998-08-21,2021-10-27,74500,254000
4956,2021-10-27,2025-07-02,254000,287000
4957,1998-06-01,2001-05-25,70000,102000
4957,2001-05-25,2005-08-26,102000,158000
4957,2005-08-26,2013-05-30,158000,170000
4957,2013-05-30,2020-09-28,170000,240000
4957,2020-09-28,2024-05-03,240000,291500
4958,1997-07-22,2020-11-20,68000,225000
4958,2020-11-20,2023-09-29,225000,280000
4959,1995-05-30,1997-12-12,52000,60000
4959,1997-12-12,2006-09-01,60000,154000
4959,2006-09-01,2018-03-02,154000,190000
4959,2018-03-02,2018-05-02,190000,206125
4960,1998-06-26,2000-07-14,65000,83500
4960,2000-07-14,2002-08-02,83500,115000
4960,2002-08-02,2010-02-12,115000,150000
4960,2010-02-12,2014-02-17,150000,164000
4962,2001-09-10,2009-09-17,95000,155000
4964,1995-09-05,2006-12-19,53000,166950
4965,1999-10-28,2001-02-23,74950,85000
4966,2001-08-23,2014-10-24,104500,199000
4966,2014-10-24,2023-11-14,199000,265000
4967,1998-01-09,1999-06-04,51500,55000
4967,1999-06-04,2009-02-27,55000,123500
4967,2009-02-27,2025-07-07,123500,217500
4968,2000-03-17,2001-06-29,62000,77950
4968,2001-06-29,2011-10-10,77950,149000
4969,2005-06-24,2009-12-23,120000,144000
4972,2000-04-28,2004-04-08,69950,124000
4972,2004-04-08,2012-05-16,124000,125000
4972,2012-05-16,2021-05-21,125000,155000
4975,2004-12-03,2015-07-13,144000,166950
4975,2015-07-13,2018-11-15,166950,215000
4975,2018-11-15,2021-01-08,215000,223000
4976,2000-02-25,2010-12-10,64000,112000
4976,2010-12-10,2012-11-16,112000,125000
4976,2012-11-16,2023-06-01,125000,183000
4976,2023-06-01,2025-07-31,183000,200000
4978,1996-12-31,1999-12-15,60000,92500
4978,1999-12-15,2003-12-19,92500,155000
4979,2006-10-20,2015-02-13,134500,138000
4979,2015-02-13,2025-02-21,138000,167500
4981,1998-09-04,2008-04-18,53750,142500
4982,1997-08-14,2004-01-30,59999,129950
4982,2004-01-30,2005-07-11,129950,154950
4982,2005-07-11,2010-04-23,154950,151000
4982,2010-04-23,2016-07-18,151000,175000
4983,2005-07-04,2010-12-21,125000,136000
4984,1996-03-21,2012-07-13,39000,122000
4986,2012-05-28,2020-10-21,120000,145000
4986,2020-10-21,2022-07-01,145000,157500
4987,2021-11-05,2022-12-02,190000,240000
4989,1996-12-13,2002-12-06,53000,129995
4990,1997-10-31,2009-12-17,55000,150000
4990,2009-12-17,2011-05-31,150000,152500
4990,2011-05-31,2023-01-18,152500,250000
4992,1999-04-16,2025-09-04,64500,270000
4993,2007-03-28,2015-04-17,142000,139950
4994,2003-10-31,2011-10-28,145000,168500
4994,2011-10-28,2019-03-25,168500,266000
4996,1999-12-03,2006-04-13,71000,145000
4996,2006-04-13,2008-08-11,145000,160500
4996,2008-08-11,2012-07-05,160500,161000
4996,2012-07-05,2018-09-19,161000,235000
4997,1996-09-13,1999-07-16,49000,60000
4997,1999-07-16,2004-05-05,60000,138000
4997,2004-05-05,2006-10-27,138000,163000
4997,2006-10-27,2009-10-30,163000,149500
4998,2000-08-17,2001-12-07,87000,97000
4998,2001-12-07,2009-12-11,97000,159950
5000,2009-07-23,2025-07-14,140000,315000
5001,2003-09-30,2022-03-18,142500,276100
5002,2015-04-16,2022-04-22,190000,355000
5005,1998-09-25,2001-07-12,73000,105000
5005,2001-07-12,2005-03-11,105000,158500
5005,2005-03-11,2014-08-22,158500,197500
5006,2005-07-04,2006-09-12,143000,175000
5006,2006-09-12,2008-02-12,175000,185000
5006,2008-02-12,2016-01-08,185000,200000
5007,1999-04-08,2007-03-30,73500,145000
5007,2007-03-30,2019-09-20,145000,215000
5008,1996-02-05,2000-06-01,51500,81500
5008,2000-06-01,2008-02-29,81500,167000
5008,2008-02-29,2014-11-28,167000,168000
5008,2014-11-28,2024-08-29,168000,255000
5009,1999-11-26,2011-05-17,70500,155000
5010,1999-03-29,2005-12-19,65900,147000
5010,2005-12-19,2013-03-18,147000,153500
5011,1996-07-19,2003-02-14,53000,118500
5011,2003-02-14,2014-06-06,118500,166000
5011,2014-06-06,2016-10-03,166000,183500
5011,2016-10-03,2024-07-29,183500,255000
5012,1996-04-29,1997-03-06,53000,62500
5013,1997-08-01,1998-09-01,59950,62000
5014,1998-05-08,2000-07-31,65000,87950
5015,1997-05-28,2000-12-01,55500,87000
5015,2000-12-01,2012-07-11,87000,136500
5016,2021-07-21,2024-04-12,173000,227000
5017,2001-06-22,2006-12-08,68500,136500
5017,2006-12-08,2011-05-12,136500,125000
5018,1995-08-25,1999-05-27,43000,55000
5018,1999-05-27,2006-10-26,55000,132950
5018,2006-10-26,2011-06-03,132950,125000
5019,1995-04-07,1995-07-27,50000,46500
5019,1995-07-27,1996-05-31,46500,52400
5019,1996-05-31,2000-11-03,52400,80000
5019,2000-11-03,2013-06-24,80000,155000
5020,1996-04-26,1997-10-31,52000,60000
5020,1997-10-31,2008-02-29,60000,160000
5020,2008-02-29,2019-04-18,160000,202500
5021,1997-08-08,2003-06-06,48500,115000
5021,2003-06-06,2007-05-16,115000,140000
5021,2007-05-16,2017-05-05,140000,163000
5022,1999-07-23,2002-08-02,67995,120500
5022,2002-08-02,2003-08-20,120500,128000
5024,1998-11-06,2002-12-04,63000,126000
5025,1997-07-04,1998-12-21,47000,52000
5025,1998-12-21,2000-06-02,52000,67500
5025,2000-06-02,2001-10-08,67500,75500
5025,2001-10-08,2026-02-06,75500,208000
5026,2000-07-07,2013-11-14,86500,157000
5027,2000-06-09,2007-08-31,82500,167000
5028,2015-07-24,2022-11-10,166000,250000
5030,1997-04-02,2001-09-24,54000,93500
5030,2001-09-24,2009-09-18,93500,159500
5030,2009-09-18,2015-09-18,159500,173000
5031,1998-04-09,2003-08-14,60000,126000
5031,2003-08-14,2007-11-02,126000,168500
5031,2007-11-02,2015-12-03,168500,170000
5032,2004-03-25,2014-10-24,150000,195000
5034,1996-02-02,1999-11-02,49000,72000
5036,1995-04-13,1995-07-28,50000,47500
5036,1995-07-28,2010-02-19,47500,155000
5036,2010-02-19,2012-11-30,155000,155000
5038,1998-06-05,2005-06-28,63000,150000
5038,2005-06-28,2008-02-22,150000,165000
5038,2008-02-22,2011-03-11,165000,158000
5038,2011-03-11,2016-08-26,158000,198000
5038,2016-08-26,2021-01-29,198000,210000
5040,2001-04-12,2021-04-12,135000,345000
5041,2001-01-29,2001-08-24,100000,147500
5042,1998-04-03,2004-12-20,63500,152500
5042,2004-12-20,2020-08-13,152500,210000
5042,2020-08-13,2024-04-26,210000,257500
5043,1998-07-31,1999-01-20,60000,63500
5043,1999-01-20,2006-10-19,63500,153000
5043,2006-10-19,2011-03-07,153000,153000
5043,2011-03-07,2013-08-09,153000,157000
5043,2013-08-09,2018-04-30,157000,197000
5043,2018-04-30,2020-06-15,197000,215000
5043,2020-06-15,2025-08-29,215000,256000
5044,2000-09-15,2005-09-30,78500,136000
5045,2001-05-18,2005-11-17,97000,163000
5045,2005-11-17,2020-12-07,163000,217000
5046,1998-10-16,2004-06-25,60000,159950
5048,1997-01-03,2014-06-06,57500,175250
5048,2014-06-06,2024-11-05,175250,260000
5049,1997-06-02,2004-04-22,68950,151000
5049,2004-04-22,2004-10-11,151000,175000
5049,2004-10-11,2015-07-22,175000,199000
5051,2004-07-09,2006-11-06,114950,135000
5051,2006-11-06,2009-10-23,135000,128000
5052,1998-12-04,2001-12-07,61000,85000
5052,2001-12-07,2007-10-04,85000,162000
5053,2001-05-04,2003-07-25,77950,126500
5053,2003-07-25,2012-04-27,126500,150000
5053,2012-04-27,2023-11-17,150000,265000
5055,1997-09-26,2001-10-19,50000,79000
5055,2001-10-19,2005-04-22,79000,146000
5055,2005-04-22,2011-10-31,146000,155000
5055,2011-10-31,2015-02-11,155000,175000
5056,2005-10-28,2013-02-27,95000,116000
5056,2013-02-27,2018-02-28,116000,78660
5056,2018-02-28,2018-02-28,78660,85560
5056,2018-02-28,2018-02-28,85560,138000
5057,2006-02-09,2013-02-28,137000,163000
5057,2013-02-28,2017-10-13,163000,220000
5059,1997-08-01,2006-07-31,46000,155000
5060,2003-10-29,2009-05-05,125000,135000
5060,2009-05-05,2020-06-12,135000,200000
5061,1997-03-27,2000-05-26,65500,99950
5061,2000-05-26,2003-10-31,99950,159950
5061,2003-10-31,2007-03-07,159950,196000
5061,2007-03-07,2023-04-24,196000,278000
5062,2000-04-28,2004-10-29,87500,87500
5062,2004-10-29,2015-01-30,87500,172000
5063,2003-03-28,2005-11-14,128000,163000
5063,2005-11-14,2007-03-01,163000,187000
5063,2007-03-01,2010-10-08,187000,175000
5063,2010-10-08,2021-03-31,175000,237000
5064,2010-11-02,2015-05-08,143000,166000
5064,2015-05-08,2022-07-01,166000,262000
5065,1997-06-13,2014-06-27,60000,164000
5065,2014-06-27,2015-11-09,164000,179000
5066,1996-06-14,2001-03-08,51500,85000
5066,2001-03-08,2002-06-27,85000,112000
5067,1996-08-16,1998-08-21,54500,64500
5067,1998-08-21,2002-05-24,64500,103500
5067,2002-05-24,2005-01-21,103500,145000
5067,2005-01-21,2007-07-13,145000,172000
5067,2007-07-13,2009-10-30,172000,116000
5067,2009-10-30,2013-12-04,116000,168000
5067,2013-12-04,2022-07-29,168000,248500
5068,1995-03-03,1996-09-27,54000,51500
5068,1996-09-27,2000-04-26,51500,79995
5068,2000-04-26,2002-05-24,79995,108000
5069,2000-07-21,2003-05-12,79250,128000
5069,2003-05-12,2007-11-19,128000,177500
5070,1997-08-27,1999-05-06,58500,45000
5070,1999-05-06,2002-02-28,45000,92000
5070,2002-02-28,2006-06-28,92000,144995
5070,2006-06-28,2024-10-25,144995,250000
5073,1995-12-08,2004-03-26,57950,147500
5073,2004-03-26,2008-11-07,147500,170000
5073,2008-11-07,2017-03-10,170000,230000
5073,2017-03-10,2021-06-25,230000,230000
5076,1998-08-14,2006-09-01,60000,149000
5076,2006-09-01,2013-09-13,149000,156000
5076,2013-09-13,2016-10-28,156000,193000
5076,2016-10-28,2020-10-30,193000,212000
5078,1996-09-18,2002-04-19,65000,129950
5078,2002-04-19,2004-08-16,129950,182500
5078,2004-08-16,2015-10-19,182500,210000
5078,2015-10-19,2022-07-22,210000,285000
5079,1997-08-15,2004-06-16,71000,162000
5079,2004-06-16,2009-11-13,162000,175000
5079,2009-11-13,2025-06-20,175000,230000
5083,1996-11-29,1999-07-30,47370,61250
5083,1999-07-30,2008-04-24,61250,148000
5083,2008-04-24,2010-04-19,148000,138000
5083,2010-04-19,2014-04-25,138000,139950
5084,2001-09-05,2004-11-26,208500,296000
5084,2004-11-26,2004-12-03,296000,296000
5085,1997-04-25,2001-09-28,147000,232000
5085,2001-09-28,2020-07-06,232000,476200
5086,2002-04-05,2009-03-27,195000,250000
5086,2009-03-27,2021-09-29,250000,465000
5090,2007-06-01,2018-07-19,165000,190000
5091,2007-02-01,2013-12-06,152500,165000
5092,1997-11-21,2007-09-07,58000,165000
5092,2007-09-07,2019-10-18,165000,207000
5094,1997-10-30,2001-09-14,53550,95000
5095,1998-01-30,2002-02-08,59995,85000
5095,2002-02-08,2004-09-24,85000,156000
5095,2004-09-24,2006-05-23,156000,165000
5095,2006-05-23,2011-12-15,165000,174000
5095,2011-12-15,2016-02-01,174000,197000
5095,2016-02-01,2023-06-26,197000,242000
5096,2008-06-06,2011-06-10,162000,170000
5096,2011-06-10,2022-11-25,170000,310000
5098,2005-04-29,2012-05-16,144000,162000
5099,2000-08-25,2003-08-15,85000,62500
5099,2003-08-15,2007-11-02,62500,170000
5099,2007-11-02,2017-01-27,170000,215000
5100,1995-06-09,1999-04-23,50000,59000
5100,1999-04-23,2020-01-03,59000,265000
5102,2003-02-14,2007-06-15,122500,165000
5104,2001-06-14,2005-09-02,81000,146950
5105,1995-02-02,1997-06-20,52500,54500
5110,1997-10-03,1998-10-20,50000,60000
5110,1998-10-20,2007-10-30,60000,161500
5110,2007-10-30,2021-02-25,161500,134346
5111,2008-11-28,2020-09-11,150000,243000
5111,2020-09-11,2025-09-12,243000,305000
5112,1996-11-25,2000-11-13,103000,169950
5112,2000-11-13,2016-03-11,169950,380000
5112,2016-03-11,2025-02-21,380000,595000
5114,1995-02-16,1999-09-20,80000,128000
5114,1999-09-20,2001-07-06,128000,157000
5114,2001-07-06,2006-11-10,157000,247000
5115,2001-02-23,2003-03-14,155000,225000
5115,2003-03-14,2024-06-28,225000,525000
5117,1997-07-25,1999-10-04,104950,154000
5119,1999-03-25,2020-05-29,105000,320000
5121,2006-05-26,2022-10-21,192500,400000
5124,1995-07-28,2003-06-27,97000,235000
5124,2003-06-27,2005-01-17,235000,283000
5124,2005-01-17,2015-07-02,283000,360000
5126,2000-05-19,2005-01-14,145000,237500
5126,2005-01-14,2013-08-23,237500,356000
5129,2003-05-12,2011-11-04,212000,305000
5129,2011-11-04,2020-10-01,305000,435000
5131,2006-12-15,2018-06-12,285000,420000
5132,1997-10-03,2009-05-28,93000,222500
5132,2009-05-28,2013-07-29,222500,299000
5135,1996-08-30,2006-10-12,95000,275000
5136,1996-08-16,2000-07-21,80000,129950
5136,2000-07-21,2009-04-08,129950,238000
5138,2002-10-04,2003-04-30,213000,225000
5138,2003-04-30,2005-11-11,225000,265000
5140,1997-04-11,2004-03-31,108500,250000
5141,1995-11-30,2005-05-03,51000,154250
5142,1996-04-26,1998-10-30,64950,72500
5142,1998-10-30,2022-02-09,72500,270000
5144,2001-05-18,2010-03-19,87000,148000
5146,2000-09-01,2001-02-28,55000,67000
5146,2001-02-28,2003-03-07,67000,89950
5147,1997-02-06,2024-09-19,94000,490000
5148,2001-08-24,2008-06-27,157000,295000
5152,1995-04-28,2004-02-16,95000,240000
5153,1998-03-10,2001-01-11,103000,136500
5153,2001-01-11,2015-09-28,136500,375000
5155,2004-08-17,2008-12-22,257500,250000
5155,2008-12-22,2014-06-06,250000,345000
5155,2014-06-06,2016-07-18,345000,390000
5156,2005-12-09,2016-03-24,280000,365000
5160,1997-06-20,2000-09-08,57500,87000
5162,2010-09-24,2017-04-13,131750,141500
5164,1999-04-16,2002-06-07,58500,106500
5164,2002-06-07,2004-01-23,106500,129950
5164,2004-01-23,2020-12-15,129950,240000
5165,1999-12-13,2020-12-09,78000,225000
5167,1996-12-16,2019-09-30,168000,575000
5168,1998-02-19,2002-04-30,182000,312000
5168,2002-04-30,2009-12-18,312000,435000
5169,2005-01-14,2019-09-06,363000,500000
5170,1996-10-11,2002-09-27,52000,120000
5171,2006-04-28,2010-01-26,34520,159000
5174,1996-11-21,2022-03-03,53000,261000
5176,2007-11-23,2012-11-26,168000,165500
5176,2012-11-26,2014-10-15,165500,182500
5179,1998-02-06,2006-10-12,46000,155000
5179,2006-10-12,2025-01-24,155000,280000
5180,2003-11-21,2006-02-03,120000,147000
5180,2006-02-03,2008-10-24,147000,155000
5181,2008-09-19,2014-07-18,160000,179950
5183,2002-11-29,2013-12-13,124000,158000
5184,2005-09-02,2010-07-23,144950,150000
5184,2010-07-23,2010-09-17,150000,147000
5186,2005-07-29,2013-10-02,146500,155000
5187,1997-06-06,2002-05-03,52000,98900
5187,2002-05-03,2006-07-07,98900,151250
5189,2004-03-25,2004-06-11,97000,118000
5189,2004-06-11,2012-01-09,118000,159500
5190,1997-04-18,2016-10-28,54000,145000
5191,1997-12-19,2005-09-30,48000,120000
5191,2005-09-30,2007-12-14,120000,150000
5192,2006-07-27,2010-06-11,145000,157500
5192,2010-06-11,2016-10-17,157500,204000
5192,2016-10-17,2020-03-23,204000,238500
5193,2008-03-14,2012-03-01,175000,187000
5193,2012-03-01,2014-08-05,187000,215000
5194,2005-09-26,2006-05-26,155000,182000
5195,2008-09-17,2012-01-04,135000,182500
5195,2012-01-04,2023-11-30,182500,245000
5196,2018-09-07,2020-10-28,235000,275000
5202,2009-12-16,2013-06-10,165000,168000
5202,2013-06-10,2018-04-27,168000,230000
5203,1997-11-26,2002-12-12,58250,117000
5203,2002-12-12,2003-05-30,117000,154000
5203,2003-05-30,2010-09-17,154000,173000
5203,2010-09-17,2012-10-19,173000,165000
5209,1997-07-24,2018-08-03,82000,200000
5209,2018-08-03,2021-06-23,200000,312000
5211,2016-09-30,2019-08-14,204500,242000
5216,1999-10-27,2008-08-27,65000,162000
5225,2009-08-20,2012-01-31,170000,198000
5225,2012-01-31,2018-01-29,198000,248500
5226,2004-07-14,2005-03-24,146000,155000
5226,2005-03-24,2025-08-01,155000,260000
5228,2004-06-11,2006-04-27,141500,156000
5228,2006-04-27,2010-09-30,156000,155000
5228,2010-09-30,2015-05-29,155000,193000
5232,2001-06-29,2022-11-11,249950,800000
5233,1999-08-26,2009-06-25,230000,430000
5235,2008-08-29,2013-05-17,178810,185000
5235,2013-05-17,2017-08-29,185000,225000
5235,2017-08-29,2021-03-30,225000,237500
5237,2008-09-23,2023-08-21,250000,416000
5239,2008-03-28,2014-05-07,205000,195000
5242,2002-05-08,2019-06-28,299950,580000
5243,1997-01-16,2002-09-20,53000,126000
5243,2002-09-20,2005-09-16,126000,155000
5245,2006-02-17,2016-09-01,145000,195000
5246,2020-10-15,2025-03-07,225000,275000
5248,1995-09-22,2003-08-20,50500,134000
5248,2003-08-20,2004-08-09,134000,143000
5250,1997-02-21,2011-10-04,49750,160000
5252,2006-01-24,2011-07-26,175000,153000
5257,2005-07-25,2011-12-02,181410,200000
5257,2011-12-02,2018-08-22,200000,320000
5258,2001-07-09,2005-04-15,59995,75000
5261,2016-02-16,2025-02-28,120000,190000
5262,2015-05-22,2018-02-12,122000,139000
5264,2011-10-28,2013-04-26,140000,137000
5264,2013-04-26,2015-01-23,137000,140000
5264,2015-01-23,2017-05-15,140000,160000
5264,2017-05-15,2023-12-20,160000,250000
5267,2003-01-17,2007-02-07,102000,142500
5267,2007-02-07,2018-03-02,142500,185000
5267,2018-03-02,2024-09-05,185000,255000
5268,1999-07-30,2012-03-15,52000,128000
5269,2016-10-14,2017-11-09,170000,175000
5269,2017-11-09,2020-01-03,175000,192000
5270,2002-06-28,2004-09-03,73000,99995
5270,2004-09-03,2006-09-21,99995,118000
5271,1996-04-26,1998-06-26,46000,60000
5271,1998-06-26,2003-09-12,60000,133000
5272,1997-10-20,2016-02-05,49000,190000
5272,2016-02-05,2022-02-23,190000,250000
5274,1999-03-05,2001-08-17,66000,81000
5276,2018-01-16,2022-04-08,182000,249000
5277,1995-05-31,2001-07-25,53000,83500
5277,2001-07-25,2006-12-07,83500,165000
5277,2006-12-07,2018-08-13,165000,210000
5277,2018-08-13,2023-09-25,210000,262000
5279,1996-12-20,2010-08-09,41500,155000
5279,2010-08-09,2014-05-21,155000,165000
5280,1997-07-10,1998-12-04,59950,65000
5280,1998-12-04,2000-05-05,65000,80000
5280,2000-05-05,2009-04-16,80000,142000
5281,2001-07-06,2006-09-15,67000,127000
5285,1995-06-23,2018-11-27,73000,317000
5286,1999-09-03,2011-04-26,125000,100000
5287,1995-11-24,1999-09-03,62995,95995
5287,1999-09-03,2005-07-22,95995,180000
5287,2005-07-22,2024-12-16,180000,350000
5288,1996-03-29,1998-11-02,67500,84000
5288,1998-11-02,2023-02-24,84000,325000
5289,1995-06-30,2004-07-27,54000,137000
5289,2004-07-27,2008-02-26,137000,96622
5290,2013-08-30,2024-09-13,151000,278000
5292,1995-05-22,1998-10-16,44000,58950
5294,1995-08-25,2000-06-02,51725,80000
5294,2000-06-02,2005-04-20,80000,149000
5294,2005-04-20,2015-07-30,149000,185000
5294,2015-07-30,2020-03-30,185000,217500
5294,2020-03-30,2022-06-17,217500,250000
5295,1996-11-15,2025-05-29,57500,275000
5297,2000-01-07,2002-05-31,74950,106250
5297,2002-05-31,2004-08-27,106250,139000
5297,2004-08-27,2006-10-23,139000,157500
5298,1998-09-30,2002-05-17,58500,102000
5298,2002-05-17,2004-05-14,102000,137500
5298,2004-05-14,2013-05-14,137500,158000
5298,2013-05-14,2018-04-03,158000,189000
5299,1999-12-03,2010-08-06,68000,155000
5299,2010-08-06,2013-10-25,155000,160500
5303,1996-10-04,2005-05-20,46000,138000
5303,2005-05-20,2009-12-30,138000,143000
5303,2009-12-30,2015-12-04,143000,173000
5303,2015-12-04,2024-03-26,173000,265000
5304,1996-12-16,2000-11-17,43000,68000
5304,2000-11-17,2002-03-22,68000,87995
5305,1997-07-28,1999-06-02,58000,64000
5305,1999-06-02,2001-08-28,64000,78000
5306,1995-11-10,1997-11-26,41000,45000
5306,1997-11-26,2001-07-12,45000,73000
5306,2001-07-12,2015-08-05,73000,140000
5308,2000-07-05,2008-08-01,67500,133000
5308,2008-08-01,2025-08-14,133000,211000
5309,1999-02-26,2002-02-22,59500,91000
5309,2002-02-22,2004-04-30,91000,135000
5309,2004-04-30,2011-03-04,135000,149000
5309,2011-03-04,2016-04-15,149000,198000
5310,1999-08-20,2002-10-25,67500,116500
5311,1997-10-03,2004-03-31,64250,147500
5311,2004-03-31,2007-11-23,147500,183000
5311,2007-11-23,2014-12-12,183000,191000
5312,1996-10-31,1999-04-23,50000,57000
5313,1999-03-19,2018-09-28,61000,184000
5313,2018-09-28,2018-09-28,184000,193000
5313,2018-09-28,2025-08-11,193000,265000
5314,1996-04-30,2004-07-09,39000,126000
5315,2003-06-26,2006-08-25,118000,152500
5315,2006-08-25,2011-04-21,152500,152500
5316,1995-03-31,1999-05-14,40500,53950
5316,1999-05-14,2002-06-28,53950,89995
5316,2002-06-28,2004-07-15,89995,116000
5316,2004-07-15,2025-08-01,116000,204000
5317,1998-07-06,2001-11-09,65995,98000
5317,2001-11-09,2004-03-18,98000,143000
5317,2004-03-18,2005-08-18,143000,160000
5317,2005-08-18,2008-05-19,160000,172500
5319,2002-12-20,2004-12-22,83500,110000
5319,2004-12-22,2020-12-10,110000,145000
5322,1995-12-18,2002-09-12,39000,100000
5322,2002-09-12,2009-11-23,100000,105000
5323,1995-01-06,2000-02-18,39000,58000
5323,2000-02-18,2002-11-22,58000,85000
5323,2002-11-22,2004-07-08,85000,120000
5323,2004-07-08,2005-10-21,120000,129500
5323,2005-10-21,2009-03-06,129500,113000
5323,2009-03-06,2022-06-08,113000,176500
5325,2002-05-16,2013-10-15,85000,115000
5326,2004-07-30,2013-10-25,135000,143000
5326,2013-10-25,2018-03-02,143000,190000
5327,2009-07-02,2021-02-09,95000,209000
5332,1998-03-27,2005-10-21,45950,126000
5332,2005-10-21,2007-09-21,126000,124500
5332,2007-09-21,2014-03-21,124500,137000
5333,2014-07-11,2021-09-30,240000,400000
5333,2021-09-30,2025-04-22,400000,390000
5335,2001-10-11,2005-07-01,69950,130000
5335,2005-07-01,2014-03-12,130000,137000
5337,1999-03-05,2019-10-25,75000,287500
5338,2000-05-22,2003-01-20,103500,146500
5338,2003-01-20,2015-08-05,146500,230000
5338,2015-08-05,2021-09-30,230000,280000
5342,1999-08-02,2004-04-30,36400,146250
5342,2004-04-30,2024-08-19,146250,290000
5343,2006-11-27,2013-01-31,164000,173000
5343,2013-01-31,2019-01-31,173000,255000
5343,2019-01-31,2021-10-12,255000,285000
5344,1998-04-03,2009-06-26,124000,325000
5345,1996-10-22,1998-11-20,91500,104800
5345,1998-11-20,2007-02-20,104800,270000
5346,1995-09-25,1998-07-22,74000,95000
5346,1998-07-22,2001-04-12,95000,123000
5351,2001-08-03,2003-08-08,99500,140000
5351,2003-08-08,2007-02-05,140000,194950
5352,2001-08-17,2012-11-16,99000,219950
5352,2012-11-16,2017-10-27,219950,265000
5353,1997-01-31,1998-10-30,56250,79000
5353,1998-10-30,2018-02-27,79000,250000
5354,1999-05-27,2009-01-09,89000,175000
5354,2009-01-09,2021-07-30,175000,297500
5355,1997-04-16,2003-06-27,59000,150000
5355,2003-06-27,2011-01-07,150000,190000
5356,1999-11-02,2022-01-12,76950,235000
5360,2012-10-04,2017-04-28,187500,230000
5360,2017-04-28,2019-07-12,230000,264000
5360,2019-07-12,2020-09-03,264000,277500
5361,2007-06-06,2010-09-26,185000,170000
5362,2015-12-17,2021-02-03,245000,280000
5362,2021-02-03,2022-06-17,280000,343000
5363,1998-08-20,2011-06-10,70000,172500
5364,2009-04-09,2015-05-06,120000,133000
5364,2015-05-06,2016-11-25,133000,185000
5364,2016-11-25,2024-05-29,185000,230000
5367,2003-07-18,2007-02-23,110000,147250
5367,2007-02-23,2011-11-11,147250,148000
5368,2005-04-15,2011-07-20,109000,123500
5368,2011-07-20,2014-10-17,123500,129000
5368,2014-10-17,2018-01-31,129000,151000
5369,2000-04-20,2001-09-07,71500,84500
5369,2001-09-07,2011-10-14,84500,124000
5372,2000-07-07,2024-02-12,74950,222500
5373,2001-11-12,2010-10-08,27500,107500
5373,2010-10-08,2019-01-28,107500,168000
5374,1995-08-16,2003-08-22,48600,122500
5374,2003-08-22,2006-11-14,122500,152000
5374,2006-11-14,2018-02-23,152000,215000
5374,2018-02-23,2019-12-05,215000,212000
5374,2019-12-05,2024-10-24,212000,232500
5375,1998-02-20,2011-05-27,56000,145000
5375,2011-05-27,2021-08-20,145000,217500
5377,2005-11-11,2015-03-31,135000,150000
5378,2005-09-01,2012-03-13,135000,145000
5378,2012-03-13,2016-11-29,145000,185000
5380,2016-10-14,2019-03-28,345000,375000
5381,1997-06-13,2014-07-15,114500,338000
5383,1997-03-14,2005-04-01,92500,207000
5383,2005-04-01,2011-02-24,207000,239000
5383,2011-02-24,2013-11-29,239000,250000
5384,1995-11-24,2007-08-17,95500,323500
5387,2016-05-31,2022-05-26,330000,408000
5388,1997-09-18,2017-10-27,108500,495000
5388,2017-10-27,2025-07-18,495000,655000
5389,2003-01-16,2012-03-23,219950,283000
5389,2012-03-23,2022-02-09,283000,450000
5390,2001-09-14,2004-04-08,172000,247500
5390,2004-04-08,2019-10-02,247500,400000
5394,1998-04-06,2006-10-06,134000,305000
5394,2006-10-06,2014-10-24,305000,425000
5398,2000-08-11,2009-11-27,156000,290000
5398,2009-11-27,2022-07-29,290000,550000
5399,1996-06-14,1998-11-25,103100,133000
5399,1998-11-25,2016-03-29,133000,400000
5400,1999-07-22,2014-09-05,135000,315000
5400,2014-09-05,2017-12-15,315000,412000
5404,2001-07-06,2003-09-30,189950,240000
5407,1998-11-30,2013-12-16,120000,300000
5409,2001-07-25,2017-04-21,150000,305000
5409,2017-04-21,2023-08-11,305000,425000
5410,1997-07-15,2001-07-20,119950,166000
5411,1998-08-14,2001-08-16,146000,215000
5415,2002-03-08,2002-08-22,105000,149000
5417,2012-01-12,2021-04-30,205000,345000
5419,1999-11-26,2003-10-10,97600,185000
5419,2003-10-10,2006-09-15,185000,228000
5419,2006-09-15,2010-10-06,228000,216000
5419,2010-10-06,2012-03-05,216000,225000
5420,2003-09-01,2012-05-31,188000,215000
5425,2004-10-15,2010-12-21,218000,242500
5426,1998-08-25,2005-04-01,85000,212000
5428,2005-05-20,2024-09-24,202500,355000
5429,1998-10-12,2008-10-24,75500,185000
5429,2008-10-24,2013-03-01,185000,230000
5429,2013-03-01,2020-05-05,230000,365000
5431,2001-02-27,2001-06-20,95000,126000
5436,2001-08-21,2003-06-16,139995,182950
5438,2017-11-23,2024-02-19,275000,370000
5440,1997-08-08,2023-11-17,75000,357500
5441,2000-05-16,2009-11-16,99500,169995
5442,1998-03-24,2021-02-25,93000,265001
5442,2021-02-25,2022-04-29,265001,420000
5443,1995-03-31,1995-09-21,60000,65000
5443,1995-09-21,1997-02-06,65000,78000
5443,1997-02-06,2007-09-27,78000,217500
5453,2007-11-16,2010-06-11,250000,250000
5453,2010-06-11,2021-07-30,250000,370000
5454,2004-08-10,2010-04-12,210000,238000
5457,2005-11-17,2010-03-05,203000,232500
5457,2010-03-05,2013-12-09,232500,239500
5459,2007-10-16,2018-07-19,208000,407500
5459,2018-07-19,2024-07-10,407500,485000
5465,1996-10-31,1997-06-06,67500,71000
5465,1997-06-06,2023-07-28,71000,390000
5469,2000-05-26,2017-04-21,137000,278000
5470,1995-09-28,1997-09-12,67500,75950
5470,1997-09-12,2017-02-03,75950,300000
5470,2017-02-03,2020-03-20,300000,328000
5471,1996-06-14,2006-11-17,73500,235500
5471,2006-11-17,2021-03-04,235500,325000
5473,2015-05-15,2019-06-07,294000,330000
5474,2006-03-31,2016-07-20,180000,320000
5477,2015-03-16,2018-11-14,225000,275000
5477,2018-11-14,2023-01-23,275000,365000
5483,1996-01-26,1998-05-21,56000,84750
5483,1998-05-21,2012-07-06,84750,205000
5483,2012-07-06,2022-03-02,205000,350000
5485,2013-03-20,2014-06-30,192500,233000
5486,2020-07-31,2022-10-21,281000,469000
5487,1996-12-19,2010-06-04,84500,224950
5489,1995-10-31,1996-10-31,7000,77500
5490,2000-09-29,2004-08-17,117000,205000
5493,2001-06-22,2017-02-14,93000,275000
5493,2017-02-14,2025-07-16,275000,405000
5494,2003-08-28,2014-09-15,197000,285000
5496,1998-04-03,2002-12-13,74000,249950
5504,2000-03-06,2002-10-04,127500,169500
5504,2002-10-04,2014-09-19,169500,285000
5506,2009-09-04,2012-12-06,168000,249950
5507,2003-10-31,2004-08-26,151000,214950
5507,2004-08-26,2011-11-25,214950,249000
5507,2011-11-25,2017-01-13,249000,295000
5514,2010-06-11,2014-01-17,193000,225000
5515,2002-01-31,2007-02-02,130000,225000
5516,2002-01-03,2010-06-24,172500,222500
5516,2010-06-24,2013-06-03,222500,220000
5516,2013-06-03,2016-09-30,220000,217500
5517,1995-07-26,2003-02-28,73000,181000
5517,2003-02-28,2008-05-30,181000,242000
5517,2008-05-30,2026-02-18,242000,350000
5520,2008-12-19,2009-04-07,85000,160000
5523,2017-11-23,2019-11-22,265000,290000
5528,2003-09-10,2023-09-20,165000,400000
5529,2002-09-25,2014-12-23,155000,242500
5529,2014-12-23,2022-07-04,242500,318000
5529,2022-07-04,2023-11-10,318000,435000
5531,2000-10-02,2018-07-12,107250,248000
5532,1997-10-28,1998-11-23,92000,99950
5533,2002-09-18,2004-07-21,139995,164995
5533,2004-07-21,2023-10-13,164995,365000
5534,1998-01-16,2000-09-15,82000,119500
5534,2000-09-15,2004-12-14,119500,165000
5534,2004-12-14,2005-07-01,165000,218000
5534,2005-07-01,2020-11-05,218000,255000
5536,2005-08-30,2010-10-29,233250,235000
5536,2010-10-29,2021-03-25,235000,369950
5539,1995-09-29,2004-10-15,45000,210000
5539,2004-10-15,2009-09-22,210000,205000
5540,1999-03-12,2001-10-22,66000,112000
5540,2001-10-22,2012-03-23,112000,230000
5540,2012-03-23,2024-08-02,230000,375000
5549,2017-10-20,2021-02-19,277500,302500
5550,2014-01-14,2020-07-17,245000,320000
5551,2014-06-20,2016-03-11,200000,280000
5555,2014-04-11,2016-09-19,275000,340000
5555,2016-09-19,2024-06-14,340000,480000
5562,1996-08-08,2010-11-03,34320,185000
5566,2015-09-21,2021-03-25,270000,304000
5569,1998-06-18,2009-10-30,83000,205000
5570,1996-07-15,2007-08-31,136000,410000
5571,1998-07-31,2005-01-14,126000,272000
5572,1997-05-30,2004-05-17,115000,249950
5574,1999-10-07,2004-11-05,98000,173000
5577,2004-09-22,2011-01-28,194500,188000
5577,2011-01-28,2014-07-17,188000,249500
5577,2014-07-17,2017-09-01,249500,305000
5577,2017-09-01,2023-08-29,305000,375000
5578,1998-11-19,1998-11-23,55030,185000
5578,1998-11-23,2018-04-26,185000,580000
5579,2005-02-18,2022-10-14,397500,700000
5580,2000-09-20,2015-08-19,200000,405000
5581,1995-12-15,1997-08-26,66000,79950
5581,1997-08-26,2012-08-01,79950,230000
5581,2012-08-01,2021-04-07,230000,330000
5586,2002-12-13,2010-03-31,173500,245000
5586,2010-03-31,2011-10-07,245000,250000
5587,2000-11-17,2002-12-06,121000,180000
5587,2002-12-06,2021-03-26,180000,355000
5592,2014-07-07,2015-08-05,248000,260000
5594,2001-09-26,2017-11-03,150000,330000
5594,2017-11-03,2025-12-05,330000,492500
5600,1996-06-28,2015-08-11,57950,230000
5602,2009-04-09,2009-04-09,139000,139000
5602,2009-04-09,2017-10-27,139000,230000
5602,2017-10-27,2020-11-24,230000,270000
5602,2020-11-24,2025-07-11,270000,306000
5605,2001-08-31,2004-02-13,130000,172500
5606,2004-01-22,2009-07-30,169500,295000
5606,2009-07-30,2015-05-01,295000,335000
5608,2020-12-21,2023-04-28,335000,390000
5618,2015-03-02,2017-07-14,222500,330000
5624,2001-04-03,2017-10-06,96500,226000
5626,2002-04-26,2019-02-22,120000,226000
5627,2007-05-25,2016-08-26,180100,200000
5627,2016-08-26,2023-08-24,200000,425000
5628,2007-06-22,2018-12-07,183000,288000
5629,2016-12-20,2022-06-10,211000,307500
5631,2002-05-17,2009-06-26,126000,158000
5631,2009-06-26,2011-06-17,158000,171000
5632,2009-09-25,2021-05-28,155000,299950
5634,2006-11-24,2014-09-29,123500,210000
5635,1998-11-06,2004-10-08,39000,87500
5636,2000-09-21,2020-12-21,117500,372500
5637,2008-03-20,2017-09-05,200000,252000
5638,1999-06-11,2001-11-30,77000,124950
5638,2001-11-30,2014-07-16,124950,180000
5638,2014-07-16,2015-01-26,180000,228258
5638,2015-01-26,2021-09-29,228258,293000
5639,1996-05-17,2001-07-06,65000,119950
5639,2001-07-06,2006-09-01,119950,189000
5639,2006-09-01,2012-11-26,189000,198000
5639,2012-11-26,2017-05-15,198000,265000
5639,2017-05-15,2024-09-30,265000,310000
5640,2005-10-21,2011-12-09,237000,250000
5640,2011-12-09,2020-10-09,250000,350000
5642,2006-07-06,2024-10-24,272500,460000
5645,1995-02-24,1998-01-14,71000,93000
5645,1998-01-14,2007-03-23,93000,224000
5645,2007-03-23,2020-12-18,224000,315000
5645,2020-12-18,2025-03-19,315000,370000
5646,2004-02-04,2015-10-20,219000,315000
5648,1996-07-09,2004-05-07,84000,225000
5650,1997-03-27,2000-11-24,43000,64500
5650,2000-11-24,2003-09-30,64500,100000
5651,1995-01-13,2001-03-30,41500,68000
5651,2001-03-30,2004-12-03,68000,128000
5651,2004-12-03,2011-09-30,128000,125000
5651,2011-09-30,2021-09-24,125000,170000
5653,1996-12-13,2001-03-23,51250,84000
5653,2001-03-23,2019-06-28,84000,208000
5654,1998-08-28,2000-07-28,60000,79500
5655,1996-08-30,2015-01-05,53500,185000
5656,1999-06-16,2007-02-23,69950,164000
5657,2015-12-21,2018-12-07,170000,208000
5658,1996-09-18,2003-03-14,51000,115000
5660,1995-11-24,1998-09-18,52000,67500
5662,1995-07-31,1999-04-30,41800,49995
5662,1999-04-30,2001-12-18,49995,74995
5663,1995-03-24,2000-05-15,42500,60000
5663,2000-05-15,2018-07-23,60000,165000
5668,1997-05-23,2001-06-22,69500,105000
5669,2016-10-14,2021-03-18,285000,295000
5672,1995-05-26,2003-07-03,60000,183000
5672,2003-07-03,2009-06-05,183000,197000
5673,2008-12-04,2015-06-22,250000,350000
5675,1999-05-28,2006-03-31,122500,243500
5675,2006-03-31,2010-08-23,243500,275000
5676,1996-11-14,2017-02-27,76000,260000
5676,2017-02-27,2023-03-13,260000,361000
5677,1997-02-06,2009-04-02,79000,192500
5681,1996-11-15,2000-11-23,75000,115000
5681,2000-11-23,2001-10-12,115000,129950
5681,2001-10-12,2017-02-17,129950,266000
5683,1999-09-27,2021-09-30,94950,280000
5684,2006-08-25,2014-05-16,189500,216700
5685,2017-01-25,2025-07-04,375000,545000
5686,1995-09-07,1997-09-11,70000,85500
5686,1997-09-11,1999-09-03,85500,95000
5686,1999-09-03,2025-07-11,95000,435000
5687,1996-04-12,2003-05-22,76000,188000
5687,2003-05-22,2004-09-22,188000,240000
5687,2004-09-22,2010-12-17,240000,240000
5687,2010-12-17,2020-06-19,240000,362500
5688,1995-11-24,2010-11-12,64000,205000
5690,1997-09-30,2003-09-30,77000,184000
5691,2014-10-10,2024-08-28,176000,270000
5692,1995-07-07,1997-06-12,60000,74000
5692,1997-06-12,2001-01-19,74000,112000
5692,2001-01-19,2001-07-12,112000,116500
5692,2001-07-12,2006-02-28,116500,195000
5693,1998-04-17,2015-07-24,63500,195000
5693,2015-07-24,2019-05-16,195000,225000
5693,2019-05-16,2023-06-07,225000,280000
5694,1997-03-21,2001-07-06,68250,118000
5698,1998-03-27,2003-02-28,61750,131000
5698,2003-02-28,2004-08-17,131000,145000
5698,2004-08-17,2006-12-20,145000,168500
5698,2006-12-20,2010-10-29,168500,175000
5698,2010-10-29,2014-07-11,175000,185000
5698,2014-07-11,2021-06-18,185000,225000
5699,1995-12-11,1998-10-26,45500,62500
5699,1998-10-26,2000-07-18,62500,82950
5699,2000-07-18,2003-06-23,82950,128000
5699,2003-06-23,2014-03-31,128000,180000
5699,2014-03-31,2021-08-12,180000,230000
5700,2011-02-21,2018-04-27,175000,214000
5700,2018-04-27,2020-08-14,214000,225500
5702,2012-07-16,2020-02-14,185000,267000
5702,2020-02-14,2024-12-06,267000,355000
5703,1996-03-29,2006-08-14,64000,198000
5704,1996-12-19,2024-07-12,69950,345000
5706,1999-09-07,2004-06-17,98000,189000
5707,1995-02-24,1999-04-13,50000,67000
5709,2007-11-01,2015-09-30,119000,144000
5709,2015-09-30,2015-10-12,144000,130000
5710,2000-01-07,2009-04-15,77500,130000
5710,2009-04-15,2017-09-01,130000,195000
5710,2017-09-01,2021-03-16,195000,197000
5711,1999-08-25,2001-07-23,68500,88500
5711,2001-07-23,2006-10-12,88500,158000
5711,2006-10-12,2020-06-18,158000,190000
5711,2020-06-18,2025-04-30,190000,249000
5712,1995-06-30,1999-08-25,59500,86000
5712,1999-08-25,2021-06-16,86000,295000
5713,1996-09-11,2001-09-12,62500,115000
5713,2001-09-12,2006-06-02,115000,175000
5713,2006-06-02,2009-05-18,175000,160000
5714,1996-08-22,2000-08-16,34000,62950
5714,2000-08-16,2009-12-10,62950,108500
5714,2009-12-10,2013-08-16,108500,110500
5714,2013-08-16,2016-11-18,110500,136500
5714,2016-11-18,2018-11-06,136500,159000
5714,2018-11-06,2021-08-13,159000,175000
5720,2001-03-06,2006-09-14,54000,129500
5721,1998-11-23,2003-07-16,112000,200000
5721,2003-07-16,2017-02-27,200000,340000
5724,2001-12-20,2007-11-09,115500,210000
5724,2007-11-09,2017-12-08,210000,299950
5725,2008-09-19,2009-10-06,252000,247000
5725,2009-10-06,2015-12-11,247000,322500
5725,2015-12-11,2021-02-11,322500,390000
5726,2005-05-12,2006-11-23,205000,215000
5726,2006-11-23,2019-12-11,215000,320000
5731,2011-08-08,2019-01-11,215000,296000
5731,2019-01-11,2025-03-21,296000,396500
5734,2014-10-29,2015-07-17,216000,228500
5735,1999-12-10,2003-07-11,103750,174500
5738,2008-09-30,2016-04-15,150000,292000
5738,2016-04-15,2024-04-26,292000,427000
5739,1999-05-14,2007-04-27,80000,205000
5742,2003-05-23,2014-05-09,169950,250000
5742,2014-05-09,2020-09-30,250000,325000
5742,2020-09-30,2023-05-26,325000,402393
5742,2023-05-26,2025-03-27,402393,400000
5747,2000-03-31,2000-07-07,85250,112000
5747,2000-07-07,2025-04-08,112000,345000
5750,2013-11-29,2019-12-09,100000,289000
5757,2014-06-06,2021-04-27,295000,515000
5758,1997-12-04,2005-08-22,59000,243000
5761,1999-03-19,2007-06-04,99500,250000
5762,1998-04-03,2007-08-03,99000,271000
5762,2007-08-03,2016-12-09,271000,295000
5764,2002-06-27,2007-09-07,180000,273000
5768,2000-01-14,2001-10-12,185000,235000
5770,1998-11-27,2002-07-05,107000,182500
5770,2002-07-05,2021-09-10,182500,400000
5771,1997-11-14,2003-06-25,92300,217000
5772,1996-10-04,1997-02-26,75000,74000
5772,1997-02-26,2000-08-18,74000,134950
5772,2000-08-18,2002-07-18,134950,182000
5773,2002-01-14,2002-11-25,120000,148000
5773,2002-11-25,2006-09-01,148000,198000
5773,2006-09-01,2015-09-11,198000,232000
5774,1995-01-25,1997-07-22,60000,73000
5774,1997-07-22,2004-01-16,73000,165000
5774,2004-01-16,2004-06-25,165000,167000
5779,1996-10-28,2005-04-14,51950,144995
5779,2005-04-14,2016-05-27,144995,192000
5779,2016-05-27,2021-01-29,192000,218000
5781,1996-10-16,2009-11-06,51750,154000
5781,2009-11-06,2014-11-28,154000,179950
5781,2014-11-28,2018-02-09,179950,207000
5781,2018-02-09,2021-08-13,207000,224000
5783,2000-03-31,2005-04-29,74000,132000
5784,1996-12-06,1998-09-01,52000,60000
5784,1998-09-01,1999-12-03,60000,71500
5784,1999-12-03,2001-07-13,71500,89000
5784,2001-07-13,2006-09-19,89000,161500
5785,1999-11-12,2001-01-26,99500,125000
5786,1995-01-06,1999-04-16,60000,99950
5786,1999-04-16,2003-03-28,99950,189950
5786,2003-03-28,2018-09-21,189950,330000
5786,2018-09-21,2020-12-17,330000,369950
5788,1998-04-24,2024-04-17,73000,305000
5789,2003-09-30,2004-02-27,135000,169950
5789,2004-02-27,2009-04-08,169950,175000
5793,2007-12-10,2009-06-15,195000,155000
5793,2009-06-15,2025-07-04,155000,280000
5794,1995-05-20,1999-09-10,67000,95000
5795,1996-04-26,2003-07-10,63000,169000
5795,2003-07-10,2019-01-25,169000,275000
5795,2019-01-25,2023-06-09,275000,330000
5796,2000-02-11,2024-07-24,92500,305000
5797,2015-11-30,2016-12-15,232000,250000
5797,2016-12-15,2021-03-18,250000,310000
5798,1996-06-24,1998-01-02,60000,73950
5798,1998-01-02,2001-04-12,73950,115000
5801,1999-05-05,2015-10-01,93000,340000
5803,2008-07-22,2015-08-21,165000,333000
5806,2014-10-08,2015-12-10,198000,255000
5807,2013-03-21,2014-06-30,161500,228950
5807,2014-06-30,2022-09-30,228950,362500
5811,2004-01-22,2008-04-04,163500,219950
5813,2005-11-16,2020-06-01,240000,379000
5814,2000-08-10,2005-11-28,118000,187000
5815,1998-05-08,2000-12-01,98000,139000
5815,2000-12-01,2012-04-24,139000,250000
5820,2004-09-06,2014-08-15,187500,269950
5821,2000-07-05,2020-11-11,109000,335000
5826,1998-01-19,1998-10-23,58000,76750
5826,1998-10-23,2016-05-06,76750,249950
5827,1997-03-14,2002-07-05,66000,125000
5829,2012-06-12,2013-02-22,179950,215000
5830,1999-04-26,2002-10-04,79950,138500
5831,2008-03-19,2008-12-09,174000,175000
5831,2008-12-09,2014-12-19,175000,238000
5836,2003-08-20,2019-04-15,200000,384000
5838,2007-11-05,2014-08-22,148000,174500
5838,2014-08-22,2024-07-12,174500,240000
5839,1997-07-28,2003-08-29,48000,125000
5839,2003-08-29,2010-01-15,125000,148595
5839,2010-01-15,2017-07-28,148595,195000
5840,2004-07-19,2014-01-29,129000,158000
5840,2014-01-29,2018-05-17,158000,203000
5841,1996-05-28,1999-06-07,46000,63000
5841,1999-06-07,2001-05-31,63000,83000
5841,2001-05-31,2011-11-23,83000,140000
5842,1996-08-22,2022-01-28,47500,225000
5843,2006-11-10,2012-08-17,155000,163500
5844,1997-11-21,2020-02-27,52500,198000
5844,2020-02-27,2025-06-04,198000,239950
5846,1998-10-06,2005-04-12,56000,139500
5846,2005-04-12,2009-09-22,139500,152500
5846,2009-09-22,2021-06-30,152500,225000
5848,1996-11-25,2000-09-01,47000,81000
5849,1996-10-11,2004-03-19,49500,130000
5849,2004-03-19,2014-06-30,130000,183000
5851,2002-05-17,2003-10-10,98500,127000
5851,2003-10-10,2012-12-14,127000,155000
5853,1998-10-09,2002-01-04,59000,84000
5853,2002-01-04,2004-06-09,84000,137250
5853,2004-06-09,2015-11-09,137250,164000
5853,2015-11-09,2024-06-25,164000,220000
5854,2006-04-24,2011-01-28,144000,140000
5855,2008-05-21,2017-06-08,155000,345000
5855,2017-06-08,2025-03-31,345000,430000
5857,2013-01-02,2014-01-31,148000,223000
5862,2002-07-29,2006-05-30,105000,160000
5862,2006-05-30,2013-07-23,160000,170000
5863,2009-08-14,2010-05-14,143000,211000
5864,1998-06-19,2002-11-28,72500,140000
5864,2002-11-28,2014-01-10,140000,185000
5865,2004-12-17,2006-01-04,179950,215000
5866,1996-09-13,2001-06-15,51000,101000
5866,2001-06-15,2002-08-30,101000,132500
5867,2000-03-24,2023-06-16,105000,352000
5868,2013-05-10,2020-07-01,182000,250000
5868,2020-07-01,2023-01-27,250000,315000
5869,1996-05-31,2007-01-05,110000,360000
5871,1995-04-28,2001-03-29,92000,165000
5872,2008-04-01,2014-11-28,196000,287000
5875,2003-01-10,2018-01-10,239950,395000
5876,1995-07-26,2000-03-31,103500,160000
5876,2000-03-31,2002-09-12,160000,240000
5877,1998-06-19,2003-12-05,110000,197000
5878,1995-07-31,2005-07-21,118750,305000
5878,2005-07-21,2017-04-26,305000,410000
5881,1996-08-29,2002-02-28,110000,229950
5882,2000-09-08,2007-06-25,178000,310000
5882,2007-06-25,2018-09-12,310000,380000
5890,2018-09-21,2022-06-22,295000,328000
5891,2018-09-21,2023-01-27,335000,361000
5894,1995-05-26,2003-12-05,112750,285500
5895,1995-12-08,1999-06-25,103500,134500
5895,1999-06-25,2010-10-01,134500,308000
5897,1999-10-25,2008-11-05,187500,395000
5899,2002-03-27,2010-10-08,184000,283000
5899,2010-10-08,2018-04-26,283000,390000
5901,1998-05-26,2009-08-20,114000,270000
5902,2003-08-19,2018-09-14,220000,375000
5902,2018-09-14,2021-11-30,375000,438750
5903,1995-07-28,1997-03-27,89250,115000
5903,1997-03-27,2018-10-19,115000,450000
5906,1996-10-31,2004-01-21,109000,245000
5909,1999-07-30,2002-11-12,149950,235000
5909,2002-11-12,2013-10-25,235000,307000
5909,2013-10-25,2015-04-24,307000,360000
5911,2001-04-02,2007-09-27,249950,405000
5911,2007-09-27,2018-05-17,405000,585000
5911,2018-05-17,2020-12-11,585000,652500
5914,1999-01-08,2001-09-11,176000,260000
5914,2001-09-11,2005-06-24,260000,350000
5914,2005-06-24,2019-01-11,350000,615000
5915,1997-11-04,2001-08-23,170000,286000
5915,2001-08-23,2019-01-29,286000,1000
5917,2001-08-15,2005-09-30,246500,350000
5917,2005-09-30,2018-09-14,350000,595000
5918,1995-01-23,2025-02-12,115000,617000
5922,2014-01-24,2022-08-03,485000,720000
5923,1995-10-27,1999-12-03,112000,159950
5923,1999-12-03,2011-02-07,159950,337500
5924,2004-04-22,2024-07-19,307000,685000
5925,2012-07-25,2013-07-19,185000,249000
5925,2013-07-19,2018-09-27,249000,355000
5926,1997-10-31,2000-12-15,60000,85000
5926,2000-12-15,2005-10-03,85000,150000
5926,2005-10-03,2016-07-29,150000,167000
5927,1998-06-17,2001-05-25,72000,103000
5927,2001-05-25,2004-11-26,103000,162500
5927,2004-11-26,2011-05-27,162500,181250
5927,2011-05-27,2013-12-20,181250,185000
5929,1999-10-29,2001-03-02,93000,103000
5929,2001-03-02,2003-03-03,103000,152000
5929,2003-03-03,2017-12-08,152000,232500
5931,2001-05-31,2007-04-27,112000,197500
5932,2006-05-26,2010-03-26,181000,185000
5932,2010-03-26,2018-11-09,185000,240000
5934,1995-11-29,1998-12-04,37500,39000
5934,1998-12-04,2003-02-28,39000,84500
5934,2003-02-28,2016-11-25,84500,104000
5935,1995-07-28,1999-07-07,33000,43750
5935,1999-07-07,2000-10-26,43750,53500
5935,2000-10-26,2003-12-18,53500,84500
5935,2003-12-18,2007-01-29,84500,116000
5935,2007-01-29,2017-07-25,116000,109000
5936,1998-09-30,2012-10-16,38250,90000
5936,2012-10-16,2014-07-18,90000,110000
5937,1998-06-26,2002-10-01,38000,80000
5937,2002-10-01,2004-04-30,80000,87000
5937,2004-04-30,2013-03-15,87000,103250
5937,2013-03-15,2017-06-05,103250,111000
5937,2017-06-05,2023-09-29,111000,130000
5938,1995-03-31,1999-10-14,38950,42000
5938,1999-10-14,2016-03-24,42000,104500
5939,2003-06-30,2012-11-23,88000,110000
5939,2012-11-23,2020-11-24,110000,131000
5940,1997-03-21,2006-10-23,37000,116500
5940,2006-10-23,2015-09-10,116500,110000
5940,2015-09-10,2021-12-22,110000,137500
5941,2001-10-05,2015-12-21,64000,110000
5941,2015-12-21,2020-11-06,110000,123000
5943,1996-08-23,1998-05-01,67500,85500
5943,1998-05-01,1999-12-17,85500,107000
5944,2000-12-15,2005-01-14,146000,230000
5945,2002-08-23,2014-04-25,246500,347500
5946,1995-02-20,1996-07-15,86000,93500
5946,1996-07-15,2006-06-06,93500,235000
5946,2006-06-06,2011-05-05,235000,265000
5947,1999-11-01,2000-07-28,118000,144500
5947,2000-07-28,2010-01-19,144500,285000
5947,2010-01-19,2015-07-15,285000,345000
5947,2015-07-15,2020-02-17,345000,379950
5949,1998-06-17,2001-02-28,81000,107500
5949,2001-02-28,2006-05-31,107500,180000
5950,1995-12-13,2003-03-28,55000,130000
5950,2003-03-28,2020-03-20,130000,206000
5950,2020-03-20,2025-02-21,206000,248000
5951,1999-01-28,2003-05-22,64750,133500
5951,2003-05-22,2019-09-27,133500,208000
5952,1995-01-26,1999-01-08,53950,63750
5952,1999-01-08,2015-07-28,63750,172500
5953,1996-03-27,2002-02-28,51000,97500
5954,1997-01-31,1999-10-22,53725,75000
5954,1999-10-22,2003-01-29,75000,126000
5954,2003-01-29,2008-12-12,126000,157000
5955,2009-04-03,2019-07-12,126000,211000
5956,1996-10-04,1997-06-12,52500,58500
5957,1999-03-19,2001-05-25,62995,85000
5957,2001-05-25,2002-11-22,85000,120000
5957,2002-11-22,2004-05-21,120000,134950
5958,1995-12-18,1996-03-15,51000,49500
5958,1996-03-15,2004-06-25,49500,135000
5958,2004-06-25,2015-09-21,135000,172500
5959,2000-09-20,2006-11-13,87000,171250
5959,2006-11-13,2013-11-29,171250,169500
5959,2013-11-29,2017-12-15,169500,199000
5959,2017-12-15,2021-02-15,199000,225000
5960,1997-07-29,1997-08-01,55100,59950
5960,1997-08-01,2005-10-21,59950,140000
5960,2005-10-21,2014-07-11,140000,162000
5960,2014-07-11,2017-08-24,162000,210000
5960,2017-08-24,2019-10-04,210000,210000
5961,1996-06-07,1999-06-11,50500,66000
5961,1999-06-11,2001-02-02,66000,82000
5961,2001-02-02,2005-12-21,82000,135000
5961,2005-12-21,2023-04-06,135000,235000
5962,1996-11-29,2026-01-30,53500,250000
5963,1996-06-07,2009-03-30,54200,136750
5964,2006-09-11,2024-03-28,130000,240000
5965,1999-12-17,2010-09-22,65000,140000
5965,2010-09-22,2012-09-06,140000,148000
5966,1999-03-31,2001-06-08,49000,67000
5966,2001-06-08,2006-01-06,67000,115000
5967,1997-12-19,2012-09-28,42000,107500
5968,1998-05-12,1999-04-23,59999,64000
5968,1999-04-23,2010-08-20,64000,145000
5969,2009-12-23,2019-10-25,145000,215000
5970,1996-06-14,1997-10-23,51000,58000
5970,1997-10-23,2000-03-24,58000,78500
5972,1997-08-29,2001-03-30,45000,63500
5973,2002-02-23,2013-03-28,102500,164000
5974,1996-11-29,2000-01-07,51000,70000
5974,2000-01-07,2006-03-10,70000,141000
5974,2006-03-10,2009-08-14,141000,148000
5974,2009-08-14,2014-04-04,148000,164750
5974,2014-04-04,2018-11-09,164750,212000
5974,2018-11-09,2025-08-15,212000,240000
5975,1995-01-05,1998-10-09,50000,59995
5975,1998-10-09,2005-09-02,59995,143000
5975,2005-09-02,2011-05-27,143000,164500
5975,2011-05-27,2018-02-14,164500,200000
5976,1997-01-23,2001-07-16,50000,87000
5977,1995-05-12,1999-10-15,50300,74950
5977,1999-10-15,2004-11-26,74950,140000
5979,1999-03-19,2005-08-26,102000,210000
5979,2005-08-26,2012-12-14,210000,210000
5979,2012-12-14,2021-05-20,210000,293000
5979,2021-05-20,2025-08-15,293000,388000
5980,1996-10-31,2004-09-03,67500,194950
5980,2004-09-03,2006-05-24,194950,205000
5981,1997-03-14,2009-03-27,75750,194000
5981,2009-03-27,2010-09-09,194000,222500
5981,2010-09-09,2014-08-04,222500,250000
5982,1996-08-30,2015-04-02,69950,290000
5982,2015-04-02,2019-02-08,290000,358000
5984,1996-06-07,1999-04-30,89000,113000
5984,1999-04-30,2004-09-03,113000,244000
5985,1997-10-08,2001-11-23,105700,175000
5985,2001-11-23,2007-06-11,175000,300000
5985,2007-06-11,2019-11-08,300000,368000
5986,1995-10-06,2013-11-11,66653,205000
5986,2013-11-11,2016-01-22,205000,240000
5986,2016-01-22,2024-04-08,240000,325000
5988,1995-10-02,2000-08-17,55000,92000
5988,2000-08-17,2015-11-05,92000,195000
5990,1995-12-22,2013-11-11,50000,205000
5990,2013-11-11,2020-11-03,205000,176000
5991,1995-08-31,1998-08-28,47000,60000
5991,1998-08-28,2000-09-01,60000,79950
5992,1995-03-24,1996-02-23,85986,91000
5995,2001-11-14,2022-04-07,93750,227500
5996,1999-04-30,2004-03-18,57000,120000
5996,2004-03-18,2014-05-08,120000,152000
5996,2014-05-08,2021-01-13,152000,188000
5997,1998-07-24,2000-05-19,82950,100000
5997,2000-05-19,2003-08-22,100000,157950
5997,2003-08-22,2019-07-24,157950,309000
5997,2019-07-24,2019-09-12,309000,310000
5998,1995-05-26,2001-06-05,55950,89500
5998,2001-06-05,2007-10-30,89500,169000
5998,2007-10-30,2012-09-10,169000,157500
5999,1998-04-27,2005-05-10,76000,156000
5999,2005-05-10,2007-10-26,156000,200000
5999,2007-10-26,2023-02-17,200000,319950
6000,1995-01-31,1998-08-21,62500,71000
6001,1995-03-29,1999-08-18,66950,89950
6001,1999-08-18,2009-06-12,89950,183000
6003,1999-07-23,2014-12-11,162000,418000
6004,1996-01-26,2000-04-20,120000,194950
6005,1999-07-16,2016-09-23,155550,467500
6005,2016-09-23,2020-03-31,467500,523000
6007,1996-05-31,2004-11-11,117500,288500
6010,2015-04-28,2020-09-25,395000,504000
6010,2020-09-25,2024-12-12,504000,620000
6011,1995-05-05,1998-02-19,124950,139000
6011,1998-02-19,2019-03-28,139000,485000
6012,1995-06-30,2011-07-20,99950,250000
6015,1995-04-13,1999-07-23,124950,160000
6015,1999-07-23,2000-07-28,160000,200000
6016,1995-06-29,2017-08-11,110950,425000
6017,1995-05-12,1998-05-22,98950,125000
6017,1998-05-22,2000-08-18,125000,170000
6017,2000-08-18,2013-03-27,170000,295000
6018,1995-05-31,2019-11-29,122000,457500
6019,1995-11-29,2008-12-12,109950,290000
6020,2000-08-31,2009-12-15,212500,395000
6020,2009-12-15,2011-03-25,395000,435000
6023,2001-03-29,2002-09-05,225000,278000
6024,1998-10-23,2001-02-23,125000,175000
6025,2007-07-06,2016-08-22,329950,409875
6028,1995-11-23,2000-06-29,108000,200000
6028,2000-06-29,2005-11-18,200000,293000
6028,2005-11-18,2008-11-10,293000,325000
6029,1995-09-14,2004-06-24,126950,305000
6029,2004-06-24,2020-01-31,305000,475000
6030,1995-04-27,1996-05-20,111950,110000
6030,1996-05-20,2005-07-22,110000,309950
6030,2005-07-22,2011-01-07,309950,325000
6031,1995-06-30,1997-01-06,111950,114000
6031,1997-01-06,2009-11-12,114000,320500
6031,2009-11-12,2017-10-04,320500,407500
6033,1995-08-29,1997-12-01,141950,154000
6033,1997-12-01,2001-01-12,154000,222500
6034,1995-04-21,1999-11-04,99950,154950
6036,1995-05-26,2007-02-20,122950,331000
6037,1995-06-30,1999-08-12,112950,152000
6037,1999-08-12,2007-09-14,152000,350000
6038,1995-06-30,2005-05-20,141950,339950
6038,2005-05-20,2006-04-28,339950,350000
6040,1995-01-06,2012-03-01,86500,275000
6041,2002-06-28,2007-05-22,195000,282500
6043,1998-01-09,1999-12-17,98500,139950
6043,1999-12-17,2002-05-31,139950,161000
6043,2002-05-31,2013-11-29,161000,270000
6046,1995-01-27,2011-10-14,101950,290000
6047,2020-10-29,2025-09-01,480000,530000
6048,1995-03-30,2005-08-24,90600,233000
6048,2005-08-24,2006-12-14,233000,275000
6048,2006-12-14,2015-03-30,275000,315000
6048,2015-03-30,2023-04-28,315000,515000
6050,1995-04-13,1998-09-04,95950,125000
6050,1998-09-04,2014-08-18,125000,370000
6051,2013-09-09,2018-12-19,290000,360000
6052,2009-10-30,2014-10-31,320000,365000
6055,2004-01-30,2007-08-24,196000,305000
6057,1996-04-18,2001-03-01,85000,150000
6057,2001-03-01,2005-02-11,150000,248000
6060,1997-10-14,2016-05-13,100000,382000
6061,2002-07-12,2005-05-25,197000,245000
6061,2005-05-25,2006-05-31,245000,261000
6061,2006-05-31,2014-09-29,261000,350000
6065,2005-11-11,2007-02-06,234000,250000
6067,1997-09-11,2001-06-15,100000,168000
6067,2001-06-15,2021-04-26,168000,462000
6068,2003-11-21,2017-01-20,232500,310000
6069,1995-07-13,2012-12-12,65000,199950
6069,2012-12-12,2021-09-17,199950,270000
6070,1995-01-27,1999-07-02,59890,86000
6070,1999-07-02,2025-01-22,86000,320000
6071,1995-11-24,2001-12-14,65000,115000
6071,2001-12-14,2003-03-21,115000,160000
6071,2003-03-21,2019-04-30,160000,275000
6071,2019-04-30,2020-03-23,275000,260000
6071,2020-03-23,2026-01-30,260000,325000
6072,1995-01-24,1997-08-22,57000,60000
6072,1997-08-22,2001-04-20,60000,88500
6072,2001-04-20,2006-06-16,88500,159995
6073,1995-11-24,1999-12-17,53000,75950
6073,1999-12-17,2025-11-19,75950,220000
6074,1995-03-24,1998-10-16,59000,76000
6074,1998-10-16,2009-08-07,76000,165000
6074,2009-08-07,2014-10-03,165000,200000
6074,2014-10-03,2021-05-26,200000,242500
6078,1995-02-10,1997-12-15,55450,59950
6078,1997-12-15,2005-01-07,59950,151000
6078,2005-01-07,2010-08-25,151000,160000
6078,2010-08-25,2014-01-31,160000,177500
6079,1995-05-31,2014-06-12,56000,180000
6080,1995-02-14,1997-09-19,56500,60000
6080,1997-09-19,2001-11-12,60000,95000
6080,2001-11-12,2006-05-26,95000,158000
6080,2006-05-26,2010-03-12,158000,161000
6080,2010-03-12,2016-11-28,161000,205000
6080,2016-11-28,2019-11-08,205000,212000
6081,1995-02-23,2000-11-10,56950,89500
6081,2000-11-10,2007-07-06,89500,174000
6081,2007-07-06,2014-10-31,174000,184000
6082,1995-08-15,1999-12-17,55550,75000
6083,1995-02-24,1998-12-04,46000,59995
6085,1995-06-02,1995-06-02,64572,19371
6085,1995-06-02,2001-06-15,19371,77000
6085,2001-06-15,2001-12-17,77000,130000
6086,1995-07-20,2006-03-24,55250,155000
6086,2006-03-24,2010-06-11,155000,160000
6087,1995-03-31,1998-05-27,66250,69750
6087,1998-05-27,2004-06-04,69750,173500
6087,2004-06-04,2011-09-12,173500,190000
6088,1995-05-31,2000-01-12,60000,89950
6089,1995-07-14,1997-06-30,58550,60000
6089,1997-06-30,2020-03-23,60000,227500
6089,2020-03-23,2024-06-14,227500,280000
6090,1995-07-21,2011-02-21,59950,181000
6090,2011-02-21,2015-04-02,181000,217000
6090,2015-04-02,2022-08-31,217000,300000
6091,1995-03-17,2012-12-10,59899,169995
6092,1995-07-07,1997-06-09,63250,78000
6092,1997-06-09,2000-08-11,78000,114950
6092,2000-08-11,2006-03-07,114950,180000
6093,1995-03-24,1995-08-31,56750,56500
6093,1995-08-31,2002-08-29,56500,119000
6093,2002-08-29,2007-08-10,119000,173000
6093,2007-08-10,2015-03-31,173000,180000
6093,2015-03-31,2022-04-28,180000,251250
6094,1995-05-24,1998-12-11,66250,76500
6094,1998-12-11,2005-07-22,76500,165000
6095,1995-03-24,2007-07-17,56700,172500
6097,2001-03-29,2006-03-31,95000,159500
6097,2006-03-31,2018-10-12,159500,223000
6098,1996-02-23,2000-12-22,55000,84000
6098,2000-12-22,2006-03-03,84000,152500
6098,2006-03-03,2011-09-30,152500,156500
6098,2011-09-30,2018-08-15,156500,219950
6098,2018-08-15,2021-05-28,219950,225500
6099,1998-06-19,2005-10-21,68500,151000
6099,2005-10-21,2009-12-22,151000,157000
6099,2009-12-22,2015-02-13,157000,189500
6099,2015-02-13,2019-07-01,189500,225000
6099,2019-07-01,2024-07-03,225000,275000
6100,1996-05-02,2009-07-17,55000,147000
6100,2009-07-17,2025-03-21,147000,250000
6101,2003-02-28,2006-05-13,130000,159995
6102,1998-03-27,2006-01-24,63500,155950
6104,1998-03-26,2007-02-09,63000,163000
6106,1998-02-27,1998-03-13,60000,60000
6106,1998-03-13,1999-08-20,60000,69000
6106,1999-08-20,2006-03-03,69000,152000
6106,2006-03-03,2012-04-23,152000,154950
6107,2001-03-16,2004-04-22,88500,140000
6107,2004-04-22,2009-04-03,140000,140000
6107,2009-04-03,2017-07-03,140000,215000
6108,2001-08-24,2003-09-26,105000,158000
6108,2003-09-26,2024-02-16,158000,319000
6109,2004-10-15,2014-06-20,178500,225000
6109,2014-06-20,2019-03-28,225000,270000
6111,2004-10-15,2006-02-10,178500,130000
6111,2006-02-10,2017-10-20,130000,153500
6111,2017-10-20,2022-03-30,153500,188000
6112,1998-01-06,2000-08-25,65000,95000
6113,1997-11-14,2008-04-04,62000,162450
6113,2008-04-04,2019-09-27,162450,212000
6114,2000-03-30,2005-08-12,110000,185000
6114,2005-08-12,2012-09-28,185000,200000
6114,2012-09-28,2017-01-06,200000,262500
6114,2017-01-06,2025-11-14,262500,357500
6116,1996-05-28,2001-10-12,56950,92000
6116,2001-10-12,2024-09-27,92000,260000
6117,2001-01-12,2003-09-15,83500,132500
6117,2003-09-15,2006-07-14,132500,156000
6117,2006-07-14,2013-01-25,156000,162000
6117,2013-01-25,2021-02-01,162000,214950
6118,1998-11-23,2002-01-31,68950,98250
6118,2002-01-31,2003-08-19,98250,137500
6118,2003-08-19,2008-05-23,137500,172500
6118,2008-05-23,2024-03-08,172500,266000
6120,2006-07-28,2018-12-05,190000,266000
6122,1995-11-10,2001-09-14,110000,213500
6123,1996-09-20,2016-02-08,103000,395000
6124,1995-07-28,2004-06-30,105000,275000
6124,2004-06-30,2008-01-17,275000,343500
6126,2006-10-18,2011-08-25,276000,285000
6128,2005-08-26,2009-06-26,265000,275000
6129,1995-06-05,1998-06-22,129995,136000
6129,1998-06-22,2001-07-05,136000,207500
6129,2001-07-05,2002-12-20,207500,225000
6130,2004-12-16,2009-03-13,285000,280000
6130,2009-03-13,2013-10-14,280000,379000
6131,1995-02-24,1998-06-19,109995,126000
6132,1995-01-27,2001-09-28,147500,234950
6132,2001-09-28,2004-04-08,234950,320000
6132,2004-04-08,2008-08-18,320000,360000
6134,1995-03-31,2006-09-08,112500,267500
6135,1995-06-30,1998-11-20,119950,127500
6136,1995-03-31,2002-08-02,109995,215000
6136,2002-08-02,2012-02-27,215000,309000
6137,1995-10-27,2002-04-19,105000,222000
6139,1995-08-31,1999-12-10,109995,154950
6139,1999-12-10,2003-10-16,154950,240000
6139,2003-10-16,2008-02-13,240000,324000
6141,1995-08-18,2011-05-27,105000,284600
6141,2011-05-27,2021-03-02,284600,480000
6142,1995-05-26,1998-09-30,58995,65000
6142,1998-09-30,2003-01-10,65000,134950
6142,2003-01-10,2005-12-22,134950,155000
6142,2005-12-22,2013-08-23,155000,170000
6142,2013-08-23,2022-07-26,170000,267000
6143,2000-03-31,2002-07-31,85000,128950
6143,2002-07-31,2011-08-25,128950,160000
6143,2011-08-25,2021-06-30,160000,218000
6144,2001-10-29,2012-10-01,105000,176000
6145,1999-08-27,2023-08-18,69500,240000
6146,2014-06-12,2019-11-29,182000,157500
6147,1998-01-22,2006-09-08,63000,164000
6147,2006-09-08,2010-02-05,164000,155000
6148,1995-03-31,2000-11-07,55995,99000
6150,1995-03-31,1997-12-05,56995,63000
6150,1997-12-05,2023-10-23,63000,245500
6151,1995-05-26,2002-08-29,56400,131500
6151,2002-08-29,2005-05-19,131500,149995
6153,1995-05-26,2001-05-25,55995,93500
6153,2001-05-25,2003-04-03,93500,132000
6153,2003-04-03,2006-10-26,132000,165000
6153,2006-10-26,2016-03-30,165000,205000
6154,1995-05-26,2000-03-27,55995,83000
6154,2000-03-27,2005-09-23,83000,152000
6154,2005-09-23,2011-08-08,152000,168000
6155,1995-04-28,2000-09-29,55995,69950
6155,2000-09-29,2009-06-19,69950,105000
6156,1995-05-26,1998-05-29,56995,66950
6156,1998-05-29,2002-10-09,66950,130000
6156,2002-10-09,2007-01-24,130000,159950
6156,2007-01-24,2025-08-29,159950,265000
6158,1995-06-30,2001-06-18,56995,96000
6158,2001-06-18,2005-12-16,96000,149999
6158,2005-12-16,2012-06-29,149999,193500
6159,2000-12-20,2006-04-07,71000,114365
6160,1995-06-30,2000-04-20,55995,74500
6160,2000-04-20,2019-08-05,74500,195000
6161,1995-03-31,1999-10-01,41996,52500
6161,1999-10-01,2004-12-17,52500,112500
6161,2004-12-17,2011-11-09,112500,123750
6161,2011-11-09,2019-12-20,123750,168750
6162,1995-06-30,2005-07-29,55995,149950
6162,2005-07-29,2012-12-07,149950,163000
6162,2012-12-07,2017-09-15,163000,205000
6163,1998-02-06,2000-10-27,47500,72000
6163,2000-10-27,2005-05-16,72000,112500
6163,2005-05-16,2009-08-13,112500,108500
6163,2009-08-13,2013-11-29,108500,129375
6163,2013-11-29,2020-03-27,129375,170000
6164,1995-06-30,1999-04-19,56995,66000
6164,1999-04-19,2001-10-19,66000,107500
6164,2001-10-19,2007-09-17,107500,193000
6165,2006-08-25,2016-06-10,120000,146250
6166,1995-04-28,2000-10-10,55995,72000
6166,2000-10-10,2009-09-04,72000,108000
6167,2012-02-09,2016-10-21,127500,165000
6167,2016-10-21,2024-09-02,165000,183750
6172,1995-08-24,1998-08-21,82500,114000
6177,1996-11-29,2000-11-24,112500,168500
6180,1996-11-22,2001-07-20,102000,173000
6180,2001-07-20,2006-08-22,173000,278000
6181,2007-11-16,2024-10-11,335000,625000
6182,1999-11-24,2005-12-21,135000,268000
6182,2005-12-21,2019-06-26,268000,350000
6183,1999-08-26,2000-08-31,152000,203000
6186,2003-11-28,2016-04-05,300000,485000
6187,2017-10-30,2019-08-13,385000,440000
6187,2019-08-13,2024-10-11,440000,575000
6188,1999-07-02,2001-08-30,150000,215000
6188,2001-08-30,2003-08-19,215000,250000
6188,2003-08-19,2005-12-07,250000,310000
6188,2005-12-07,2015-08-17,310000,430000
6188,2015-08-17,2021-02-11,430000,529950
6190,2000-11-24,2005-11-10,155000,274000
6192,1995-01-04,2012-07-06,76500,645000
6195,1996-06-26,2003-05-02,122500,280000
6195,2003-05-02,2018-10-05,280000,445000
6199,2011-05-27,2025-02-21,368000,585000
6203,1996-07-19,1997-09-24,50000,65000
6203,1997-09-24,2008-06-30,65000,166000
6203,2008-06-30,2014-09-15,166000,202000
6203,2014-09-15,2024-09-10,202000,280000
6204,1995-07-28,1998-01-09,46000,58000
6204,1998-01-09,1999-07-06,58000,66000
6206,1997-09-08,2004-06-03,60000,135000
6206,2004-06-03,2022-12-08,135000,240000
6207,2003-06-25,2014-10-15,145000,193000
6208,2000-02-18,2009-02-05,77500,138000
6211,1998-10-30,2001-04-23,58000,86000
6211,2001-04-23,2013-03-14,86000,142000
6212,1996-05-10,2007-01-12,48000,158500
6212,2007-01-12,2011-12-22,158500,142000
6212,2011-12-22,2019-05-16,142000,210000
6212,2019-05-16,2024-05-29,210000,250000
6212,2024-05-29,2025-08-29,250000,252000
6213,1995-07-10,2002-03-18,47000,40000
6214,1997-05-01,2006-11-07,54500,157000
6214,2006-11-07,2012-10-12,157000,140000
6215,1997-05-09,2009-08-27,55000,140500
6215,2009-08-27,2016-03-24,140500,205000
6216,1998-06-01,2003-05-14,59995,120000
6216,2003-05-14,2010-01-14,120000,75000
6217,1995-09-01,2007-11-22,48500,167500
6217,2007-11-22,2011-07-01,167500,162500
6217,2011-07-01,2016-06-13,162500,207500
6219,1995-04-28,2000-05-26,50500,79995
6221,1997-05-30,2003-10-22,55000,131000
6221,2003-10-22,2019-09-10,131000,197000
6222,2003-11-07,2006-03-27,126000,154950
6222,2006-03-27,2014-12-19,154950,180000
6222,2014-12-19,2021-06-09,180000,213000
6223,1997-08-01,2000-05-04,68500,97000
6223,2000-05-04,2008-09-22,97000,153000
6224,1997-06-24,2004-10-29,56500,137500
6224,2004-10-29,2025-11-07,137500,232000
6225,1997-06-30,2002-07-31,48500,107500
6225,2002-07-31,2024-10-04,107500,225000
6226,2005-08-05,2013-07-29,169950,185000
6226,2013-07-29,2021-04-21,185000,190000
6226,2021-04-21,2023-03-03,190000,325000
6227,2003-12-19,2021-04-20,120000,200000
6228,1998-05-14,2002-06-14,54950,105000
6230,2002-07-24,2004-02-06,69950,84000
6230,2004-02-06,2006-09-26,84000,94500
6230,2006-09-26,2015-12-23,94500,105000
6231,1998-05-29,2004-08-19,37500,89000
6231,2004-08-19,2013-08-16,89000,82000
6231,2013-08-16,2015-06-01,82000,114000
6231,2015-06-01,2018-05-11,114000,123000
6232,2006-12-21,2014-05-30,97500,93500
6235,2000-09-01,2003-06-27,59000,76000
6235,2003-06-27,2009-09-10,76000,93000
6235,2009-09-10,2014-09-02,93000,100000
6236,1997-10-17,2014-10-31,32000,87000
6237,2001-10-23,2021-05-07,62500,128000
6238,1996-11-15,2001-08-24,63000,117500
6239,1995-06-30,1995-06-30,55500,57000
6239,1995-06-30,2001-07-19,57000,115000
6239,2001-07-19,2004-07-19,115000,168000
6240,1996-10-31,2001-08-24,49000,86000
6240,2001-08-24,2022-11-25,86000,270000
6241,1997-11-03,2008-12-19,68500,146500
6241,2008-12-19,2021-08-13,146500,281000
6242,2006-02-10,2010-10-13,250000,290000
6244,2005-06-27,2017-12-08,290000,438000
6246,1998-08-25,2023-07-05,83000,332340
6250,1995-01-27,1999-08-20,65000,88000
6250,1999-08-20,2006-08-07,88000,185000
6250,2006-08-07,2013-10-11,185000,205000
6250,2013-10-11,2020-12-17,205000,276400
6251,2001-04-06,2002-06-27,105000,140000
6251,2002-06-27,2011-12-16,140000,200000
6252,1995-04-28,1999-07-21,86500,119500
6252,1999-07-21,2014-08-22,119500,282000
6255,1998-05-19,2004-02-02,92000,178000
6255,2004-02-02,2016-04-05,178000,280000
6256,2006-08-04,2012-10-02,190000,221500
6257,2000-01-14,2011-01-07,89950,215000
6259,1995-05-02,1998-12-04,64000,83000
6259,1998-12-04,2000-10-13,83000,115000
6261,1997-05-23,1999-11-05,52000,68000
6262,2000-03-31,2003-01-31,72000,117000
6262,2003-01-31,2005-09-02,117000,146000
6262,2005-09-02,2013-03-01,146000,155000
6262,2013-03-01,2016-10-31,155000,200000
6263,1996-02-29,2020-12-11,50000,217000
6265,2004-01-30,2007-06-01,128000,167500
6266,1998-08-25,2002-08-30,60000,112500
6266,2002-08-30,2020-01-27,112500,193000
6268,1996-05-23,1999-05-28,68000,94000
6268,1999-05-28,2001-06-08,94000,129000
6268,2001-06-08,2004-08-17,129000,219500
6269,1995-10-27,2004-08-27,54000,140000
6271,1995-07-28,1995-11-10,81000,60000
6271,1995-11-10,2022-08-08,60000,375000
6271,2022-08-08,2026-03-20,375000,365000
6272,2000-01-07,2009-03-27,156000,266500
6272,2009-03-27,2017-10-13,266500,390000
6273,2009-04-08,2023-09-13,135000,275000
6274,2000-03-24,2012-08-01,159950,308000
6274,2012-08-01,2024-08-02,308000,560000
6275,1999-11-26,2018-11-26,75000,215000
6275,2018-11-26,2021-07-27,215000,245000
6276,1999-11-26,2012-06-21,174000,349500
6278,1997-11-07,2004-08-17,58500,147500
6278,2004-08-17,2007-08-24,147500,170000
6278,2007-08-24,2010-09-21,170000,167000
6279,1999-02-08,2001-07-06,109950,165000
6282,2007-10-31,2016-10-14,173000,205000
6283,1999-03-30,2017-10-13,64500,187500
6283,2017-10-13,2024-05-17,187500,257000
6284,2010-09-24,2014-07-11,170000,192000
6285,1998-04-30,2001-08-10,60000,90500
6286,1998-01-30,2000-02-25,59500,76950
6286,2000-02-25,2003-01-17,76950,121000
6286,2003-01-17,2020-11-06,121000,187500
6287,1998-05-29,2002-02-04,59750,95500
6287,2002-02-04,2009-06-12,95500,143000
6288,1997-10-31,2001-07-27,65500,90000
6288,2001-07-27,2005-07-22,90000,146000
6288,2005-07-22,2008-12-19,146000,117500
6288,2008-12-19,2009-07-29,117500,148500
6288,2009-07-29,2023-07-17,148500,260000
6290,1995-03-07,1998-11-05,63500,83500
6290,1998-11-05,2000-10-18,83500,110000
6290,2000-10-18,2011-07-22,110000,220000
6290,2011-07-22,2016-05-20,220000,270000
6290,2016-05-20,2025-11-27,270000,367500
6292,1996-11-11,2000-03-15,90000,131000
6292,2000-03-15,2002-02-04,131000,162500
6292,2002-02-04,2010-05-21,162500,272000
6295,1996-11-29,2003-12-23,108000,297000
6295,2003-12-23,2025-01-30,297000,580000
6297,1996-02-23,1997-09-25,73500,85000
6297,1997-09-25,2005-11-09,85000,200000
6298,1998-06-26,2012-06-15,114000,267000
6300,2000-08-11,2022-11-14,184000,560000
6301,1999-03-25,2018-09-28,144000,450000
6301,2018-09-28,2023-06-01,450000,620000
6302,2003-09-03,2005-04-27,238500,249999
6302,2005-04-27,2007-11-30,249999,323000
6304,1996-07-12,2000-02-11,117000,175000
6304,2000-02-11,2001-06-15,175000,208000
6305,2003-08-08,2011-07-29,244000,305000
6305,2011-07-29,2012-10-26,305000,320000
6305,2012-10-26,2017-12-15,320000,399950
6309,1997-10-23,2016-10-27,156500,490000
6310,2003-05-23,2025-09-01,233500,576000
6311,2005-09-23,2008-04-15,289950,337500
6313,1995-01-05,1996-08-22,112000,115000
6313,1996-08-22,2004-11-12,115000,300000
6314,1998-08-20,2006-07-07,146000,290000
6314,2006-07-07,2011-09-30,290000,366000
6314,2011-09-30,2019-10-04,366000,482500
6315,1997-05-02,2001-05-04,94000,157950
6316,1999-11-24,2025-03-31,184950,710000
6317,1996-08-29,2015-03-27,128000,385000
6318,2015-02-06,2015-07-10,250000,865000
6334,1995-08-31,1996-08-13,91000,96000
6334,1996-08-13,2002-10-02,96000,230000
6334,2002-10-02,2007-01-12,230000,329950
6334,2007-01-12,2010-04-08,329950,330000
6337,1997-12-12,2001-07-20,175000,285000
6337,2001-07-20,2004-05-21,285000,375000
6338,1999-04-30,2002-10-25,175000,270000
6338,2002-10-25,2005-06-17,270000,318000
6338,2005-06-17,2007-05-22,318000,355000
6338,2007-05-22,2017-05-08,355000,385000
6341,1996-08-09,2015-12-08,172500,470000
6342,1998-06-26,2007-11-29,160000,380000
6342,2007-11-29,2022-02-02,380000,565000
6347,2000-09-01,2002-03-28,88000,138000
6347,2002-03-28,2015-10-02,138000,265000
6348,1995-05-05,1998-05-14,48200,59950
6348,1998-05-14,2015-08-07,59950,298000
6348,2015-08-07,2018-12-20,298000,348000
6351,2021-11-05,2025-04-24,115000,143000
6352,2010-04-01,2014-11-07,146000,175000
6352,2014-11-07,2024-06-14,175000,270000
6353,1995-05-11,1995-07-28,44500,40000
6353,1995-07-28,1998-04-09,40000,53500
6353,1998-04-09,2016-09-28,53500,155000
6353,2016-09-28,2021-06-18,155000,245000
6354,2006-07-14,2025-07-07,138000,265000
6356,2001-05-21,2004-09-27,70000,145750
6356,2004-09-27,2006-06-23,145750,157000
6356,2006-06-23,2016-08-05,157000,235000
6356,2016-08-05,2024-12-12,235000,360000
6358,1997-04-04,2004-09-17,52000,169000
6358,2004-09-17,2016-05-27,169000,235000
6358,2016-05-27,2025-08-29,235000,365000
6359,2014-01-16,2017-09-14,177000,242000
6362,1995-04-13,1997-06-27,89000,114995
6362,1997-06-27,2017-04-13,114995,322500
6363,2000-02-25,2002-07-05,67000,110000
6363,2002-07-05,2008-01-15,110000,165000
6363,2008-01-15,2014-09-30,165000,200000
6363,2014-09-30,2019-05-31,200000,215000
6364,2007-05-25,2017-09-21,160000,180000
6366,2004-12-16,2007-04-20,93450,107500
6366,2007-04-20,2020-09-03,107500,120000
6367,2001-06-07,2001-07-30,70000,89000
6367,2001-07-30,2007-01-10,89000,164000
6367,2007-01-10,2014-10-14,164000,165000
6367,2014-10-14,2025-05-16,165000,330000
6368,2000-10-13,2007-03-30,72000,166000
6368,2007-03-30,2011-08-18,166000,153000
6368,2011-08-18,2021-02-19,153000,230000
6369,2001-12-21,2003-04-25,87500,135000
6369,2003-04-25,2021-02-22,135000,245000
6370,1997-10-22,1999-10-25,57750,81000
6370,1999-10-25,2012-07-13,81000,163350
6372,2003-09-26,2009-08-07,225000,247500
6372,2009-08-07,2013-09-19,247500,340000
6372,2013-09-19,2017-12-14,340000,469950
6376,2006-01-31,2008-06-27,91000,112000
6380,1996-04-30,2023-08-31,85950,390000
6382,2000-09-15,2021-03-15,89995,300000
6383,2002-07-23,2006-10-10,195000,245000
6384,2001-11-09,2009-04-30,163000,235000
6388,2004-06-23,2009-07-02,215000,245000
6388,2009-07-02,2018-03-23,245000,492000
6394,1995-11-17,2017-02-10,44000,215000
6394,2017-02-10,2023-12-19,215000,325000
6394,2023-12-19,2025-06-20,325000,350000
6395,2004-06-04,2004-10-25,105000,158000
6395,2004-10-25,2007-12-20,158000,170000
6395,2007-12-20,2013-11-08,170000,156000
6396,2003-06-06,2012-03-02,120000,152500
6396,2012-03-02,2017-07-14,152500,230000
6396,2017-07-14,2022-08-31,230000,295000
6397,1996-03-22,2003-09-29,42000,109000
6397,2003-09-29,2013-06-17,109000,159000
6399,2013-07-19,2019-09-04,237500,340000
6401,1996-04-30,2021-10-11,91000,415000
6403,2007-01-05,2007-05-10,220000,285000
6403,2007-05-10,2015-12-03,285000,300000
6405,2005-02-11,2020-10-21,220000,375000
6410,2003-11-25,2004-08-20,147000,194500
6410,2004-08-20,2025-04-16,194500,325000
6412,2008-07-25,2010-09-24,203000,270000
6413,1999-12-22,2015-06-18,100000,275000
6415,2015-03-01,2016-03-31,185000,230000
6416,2000-09-15,2006-11-02,125000,235000
6416,2006-11-02,2015-05-22,235000,243000
6418,2010-10-08,2014-12-03,185000,305000
6419,1996-08-14,1996-10-04,62000,58000
6419,1996-10-04,1998-12-08,58000,91500
6419,1998-12-08,2024-07-05,91500,335000
6424,2017-04-07,2017-12-08,340000,375000
6428,2017-07-21,2023-02-02,340000,495000
6430,2014-06-27,2018-09-07,315000,625000
6431,2018-12-17,2020-12-07,280000,325000
6433,2010-04-23,2024-06-28,210000,315000
6435,2002-02-28,2002-12-09,108500,167000
6437,1996-09-27,2003-06-23,55000,182500
6438,1999-03-08,2017-07-04,88000,250000
6439,2020-01-24,2021-03-18,235000,390000
6441,2021-02-08,2022-01-14,265000,450000
6443,2015-07-17,2016-12-15,182500,307575
6446,2013-05-31,2019-01-23,300000,385000
6448,2001-02-20,2010-08-27,101000,237000
6450,2006-07-07,2010-04-01,103000,118000
6451,2015-08-05,2021-05-07,103500,132500
6453,1998-01-30,2015-10-05,34500,115000
6453,2015-10-05,2021-03-15,115000,135000
6454,1995-04-28,1998-12-08,69000,99495
6454,1998-12-08,2025-07-31,99495,335000
6455,2005-04-08,2006-01-16,182500,239950
6455,2006-01-16,2007-10-26,239950,260000
6455,2007-10-26,2023-06-20,260000,360000
6455,2023-06-20,2023-11-07,360000,365000
6456,2003-12-18,2004-07-09,213000,248000
6456,2004-07-09,2010-10-22,248000,245000
6459,2000-03-06,2010-05-25,119000,250000
6459,2010-05-25,2011-10-12,250000,249000
6459,2011-10-12,2018-12-13,249000,372000
6459,2018-12-13,2025-05-14,372000,415000
6461,2011-05-12,2012-08-09,195000,244950
6462,2006-10-27,2016-03-24,249950,267500
6463,2010-10-22,2021-02-02,154950,223625
6464,1998-03-27,2001-10-08,64500,108500
6465,1998-07-06,2011-04-18,62000,225000
6465,2011-04-18,2013-06-11,225000,225000
6465,2013-06-11,2017-12-08,225000,200000
6465,2017-12-08,2019-09-10,200000,310000
6466,1998-04-08,2007-11-06,69950,212000
6470,2018-05-10,2021-06-23,310000,572000
6470,2021-06-23,2026-01-16,572000,595000
6472,2008-03-14,2018-01-26,245000,290000
6472,2018-01-26,2018-04-03,290000,305000
6474,1998-03-10,2016-06-13,105000,320000
6476,2005-10-28,2020-09-01,237500,380500
6478,1995-12-05,2000-01-28,88000,139950
6479,1997-02-24,1999-05-14,108000,124500
6479,1999-05-14,2014-10-01,124500,329000
6480,2014-10-15,2023-07-20,275000,465000
6481,2007-02-16,2023-04-28,210000,410000
6485,1997-02-19,1998-11-27,49000,79000
6485,1998-11-27,2024-05-17,79000,245000
6486,2011-07-13,2016-05-27,210000,225000
6487,2007-03-30,2014-10-27,310000,285000
6488,2007-07-27,2012-05-15,187950,185000
6490,2002-12-18,2003-11-19,123000,155000
6491,1995-06-16,2001-01-04,47000,135500
6491,2001-01-04,2002-09-06,135500,172500
6491,2002-09-06,2023-08-17,172500,275000
6492,2018-02-09,2023-10-10,237500,460000
6493,2005-03-24,2005-10-28,153000,165000
6493,2005-10-28,2006-01-30,165000,168000
6495,2008-01-25,2021-11-15,100000,128000
6496,2006-09-06,2007-03-30,66145,94950
6496,2007-03-30,2008-02-22,94950,112000
6496,2008-02-22,2019-12-18,112000,112500
6497,2013-10-11,2014-09-19,78000,94000
6497,2014-09-19,2017-09-22,94000,102500
6503,2001-11-02,2021-06-09,77500,220000
6506,2003-03-21,2004-08-27,120000,144000
6506,2004-08-27,2009-10-07,144000,177500
6507,2003-11-19,2011-09-09,148000,229950
6508,2007-04-10,2009-11-06,245000,231500
6509,1998-06-16,2001-03-30,66500,95000
6509,2001-03-30,2003-10-03,95000,184950
6509,2003-10-03,2006-05-04,184950,220000
6509,2006-05-04,2019-03-29,220000,270000
6510,1999-04-16,2005-11-11,73500,180000
6510,2005-11-11,2023-12-20,180000,275000
6512,1998-04-09,2001-09-27,81500,108000
6512,2001-09-27,2009-12-07,108000,214950
6514,1996-05-24,2025-02-11,42000,235000
6515,1999-08-12,2005-10-13,62500,153000
6519,2007-07-27,2012-08-07,208000,212500
6523,2005-12-09,2007-04-23,160000,189950
6523,2007-04-23,2016-09-14,189950,225000
6524,2009-07-23,2016-07-13,181000,250000
6525,2001-08-06,2011-07-20,88000,164000
6527,2004-05-21,2010-08-16,169500,200000
6527,2010-08-16,2019-08-23,200000,240000
6528,2005-05-24,2013-05-10,157500,165300
6528,2013-05-10,2021-06-25,165300,227999
6529,2003-08-29,2021-09-15,134000,260000
6532,1995-07-21,2002-08-23,49950,132950
6532,2002-08-23,2006-11-13,132950,169000
6532,2006-11-13,2014-08-15,169000,184995
6534,2007-12-05,2010-01-12,180000,208500
6534,2010-01-12,2017-03-31,208500,250000
6534,2017-03-31,2017-07-21,250000,291500
6534,2017-07-21,2018-06-15,291500,260000
6534,2018-06-15,2021-01-06,260000,285000
6536,2006-01-06,2020-09-30,100000,280000
6545,2014-02-04,2015-03-27,155000,190000
6549,2003-03-27,2023-02-28,135000,410000
6555,2013-02-28,2024-05-09,240000,400000
6561,2013-10-11,2021-04-26,156000,268000
6562,2002-01-25,2007-02-09,93000,215000
6564,1995-05-12,2001-06-13,69500,99950
6564,2001-06-13,2012-11-30,99950,170000
6564,2012-11-30,2022-11-24,170000,347500
6565,2017-05-19,2021-03-05,175000,320000
6565,2021-03-05,2022-12-01,320000,388000
6566,2014-07-28,2015-02-20,165000,230000
6567,2000-07-17,2003-11-18,76000,165000
6571,2015-03-27,2025-09-29,280000,895000
6572,1997-12-19,2001-04-02,99950,146000
6572,2001-04-02,2011-06-17,146000,250000
6573,2005-06-03,2022-06-22,275000,545000
6577,2001-07-27,2014-11-25,102500,240000
6577,2014-11-25,2019-06-07,240000,292500
6577,2019-06-07,2021-10-25,292500,315000
6579,2017-07-05,2018-07-16,40000,285000
6581,1997-03-14,2022-04-29,72000,281000
6582,2000-11-03,2002-05-03,117500,125000
6582,2002-05-03,2002-08-16,125000,149950
6585,1997-10-03,2012-08-22,92700,180000
6587,2011-10-18,2012-10-01,205000,230000
6587,2012-10-01,2020-09-22,230000,347500
6587,2020-09-22,2025-08-18,347500,405000
6588,1998-06-30,2018-04-09,110000,270000
6589,2001-04-11,2015-07-13,127500,275000
6590,1995-10-20,2019-09-13,97000,270000
6590,2019-09-13,2021-03-04,270000,395000
6590,2021-03-04,2026-01-21,395000,495000
6591,2000-11-03,2001-01-15,107000,111000
6591,2001-01-15,2002-03-06,111000,154150
6592,1997-12-19,2011-05-27,123000,275000
6594,2009-07-10,2019-10-02,235000,370000
6597,2008-07-02,2019-12-23,200000,312600
6602,2020-03-23,2022-08-03,470000,883325
6602,2022-08-03,2024-10-31,883325,390000
6604,2016-03-18,2024-09-27,480000,855000
6604,2024-09-27,2026-03-02,855000,875000
6606,2009-03-18,2011-09-23,175000,175000
6606,2011-09-23,2015-03-23,175000,193000
6606,2015-03-23,2024-05-10,193000,275000
6607,2008-10-01,2015-03-31,328500,375000
6607,2015-03-31,2023-12-15,375000,472000
6609,2008-09-08,2021-06-18,328000,415000
6610,2008-10-01,2011-06-10,334950,341500
6611,2008-12-12,2015-11-09,260000,369950
6617,1995-08-25,2011-04-15,68000,247000
6618,1996-07-29,1998-12-18,90000,135000
6620,1998-10-30,2000-02-07,105000,140000
6620,2000-02-07,2012-08-20,140000,355000
6622,2002-03-12,2014-08-14,355000,525000
6624,2004-12-17,2025-05-14,940000,1325000
6626,2001-07-13,2001-10-26,205000,249995
6629,2008-08-01,2014-09-05,415250,835000
6629,2014-09-05,2019-07-15,835000,910000
6631,2004-04-22,2010-01-22,800000,220000
6632,1996-08-23,2005-07-01,125000,373000
6635,1996-07-25,2004-07-02,175000,710000
6635,2004-07-02,2023-01-31,710000,1450000
6636,1997-02-21,2006-10-16,170000,550000
6636,2006-10-16,2010-06-07,550000,530000
6643,2016-07-29,2024-12-12,1250000,1560000
6647,2000-05-26,2001-11-09,165000,222000
6649,2012-09-28,2017-05-25,340000,390000
6651,2000-02-18,2003-02-28,220000,430000
6656,2007-11-02,2022-04-07,395000,700000
6662,2003-08-21,2022-08-19,370000,886000
6663,2021-04-08,2024-11-20,377000,466500
6668,2012-08-30,2017-10-25,285000,615000
6673,2000-07-05,2020-01-17,255000,612050
6673,2020-01-17,2022-04-11,612050,885000
6674,2006-08-21,2017-09-01,735000,825000
6681,1997-06-27,2004-12-02,185000,520000
6681,2004-12-02,2011-01-27,520000,855000
6681,2011-01-27,2011-01-27,855000,855000
6681,2011-01-27,2018-10-22,855000,990000
6682,2010-02-02,2012-10-12,390000,415000
6682,2012-10-12,2021-03-22,415000,580000
6683,1996-06-11,1997-08-11,157000,192500
6685,2003-08-13,2011-04-28,274000,448000
6686,2014-10-01,2022-09-01,394000,895000
6692,1999-10-15,2022-04-12,850000,3500000
6697,2002-08-30,2004-05-28,245000,332500
6697,2004-05-28,2012-11-01,332500,357000
6697,2012-11-01,2013-11-22,357000,380000
6697,2013-11-22,2021-08-16,380000,553000
6698,2000-10-27,2022-11-04,270000,800000
6700,2004-10-05,2011-01-07,640000,700000
6700,2011-01-07,2022-09-09,700000,1350000
6712,1995-06-30,1996-09-12,112000,175000
6712,1996-09-12,2002-01-28,175000,340000
6712,2002-01-28,2014-06-26,340000,850000
6714,2007-01-26,2020-12-04,210000,320000
6718,1998-05-08,2007-02-28,148000,411800
6719,2009-12-14,2019-11-08,315000,532000
6720,2002-03-27,2006-04-28,265000,415000
6720,2006-04-28,2019-12-13,415000,550000
6720,2019-12-13,2021-04-30,550000,543000
6724,1996-11-20,2013-02-13,126000,650000
6725,2000-09-01,2006-03-09,180000,438000
6727,1998-02-27,2003-04-15,71500,145000
6727,2003-04-15,2004-09-02,145000,195000
6727,2004-09-02,2005-06-14,195000,187500
6727,2005-06-14,2015-05-01,187500,220000
6728,1996-08-09,2012-11-30,57000,147000
6728,2012-11-30,2014-04-04,147000,185000
6729,2007-04-13,2008-10-31,155000,195000
6729,2008-10-31,2018-04-12,195000,212500
6729,2018-04-12,2021-09-10,212500,262000
6731,2007-04-20,2012-04-30,175000,215000
6731,2012-04-30,2018-08-15,215000,254000
6731,2018-08-15,2019-12-18,254000,280000
6734,2001-07-10,2004-05-21,95000,156000
6735,2016-03-18,2016-09-06,168000,235000
6735,2016-09-06,2025-12-19,235000,270000
6737,2002-12-04,2005-10-03,146000,189000
6738,2019-11-20,2024-09-19,203500,318000
6739,2016-11-02,2025-10-31,287000,395000
6740,2008-07-11,2014-07-31,225000,269950
6740,2014-07-31,2020-04-09,269950,3250
6741,1998-11-13,2004-07-19,69950,159000
6741,2004-07-19,2015-06-18,159000,195000
6743,1999-02-10,2004-01-16,72000,154000
6746,2010-08-31,2011-04-21,162000,195000
6746,2011-04-21,2024-06-14,195000,240000
6747,2009-10-16,2026-01-30,140000,350000
6748,2009-09-24,2013-10-21,320000,312500
6749,2010-02-08,2013-04-29,307000,265000
6749,2013-04-29,2014-08-08,265000,350000
6749,2014-08-08,2016-08-15,350000,395000
6750,2011-06-17,2013-10-17,300000,300000
6753,1997-08-29,2009-04-03,240000,545000
6755,1998-06-03,2014-10-23,180000,445000
6758,2007-02-09,2019-07-19,260000,348000
6764,2008-09-08,2014-05-23,440000,460000
6766,1995-02-24,2000-03-09,97500,177500
6766,2000-03-09,2019-08-30,177500,382500
6766,2019-08-30,2022-11-04,382500,500000
6767,1995-09-11,1999-11-26,126950,192000
6769,1995-06-30,2009-09-11,154950,395000
6771,1995-08-07,1997-09-26,129950,138000
6771,1997-09-26,1999-09-29,138000,164000
6771,1999-09-29,2017-01-18,164000,410000
6773,2017-04-20,2019-12-10,770000,800000
6774,2021-06-30,2024-11-08,500000,675000
6776,2016-02-05,2021-06-30,700000,700000
6778,2011-06-30,2013-03-28,811500,2000000
6781,2015-06-16,2021-10-11,445000,880000
6782,2010-02-10,2018-12-14,380000,895000
6783,2002-07-26,2017-08-22,310000,515000
6783,2017-08-22,2023-01-06,515000,830000
6786,2003-09-25,2011-06-01,350000,550000
6788,1996-12-16,2003-04-24,232500,385000
6788,2003-04-24,2017-09-21,385000,655000
6789,2002-03-21,2007-05-21,193000,370000
6789,2007-05-21,2008-07-28,370000,365000
6791,1996-05-31,2004-09-10,58000,310000
6791,2004-09-10,2023-08-23,310000,655000
6798,2004-10-15,2013-02-26,365000,645000
6799,2005-12-07,2015-10-16,187000,246000
6804,1995-05-25,2012-06-13,133500,405000
6804,2012-06-13,2019-09-24,405000,528000
6807,2004-07-29,2006-08-18,207000,279950
6809,1999-06-29,2001-10-26,92000,190000
6809,2001-10-26,2021-02-01,190000,420000
6811,2006-09-21,2011-02-11,304000,382000
6811,2011-02-11,2023-11-30,382000,450000
6814,2009-11-12,2009-11-12,550000,550000
6814,2009-11-12,2016-09-08,550000,735000
6816,2007-08-08,2016-05-20,382500,390000
6819,2001-01-29,2009-12-01,250000,215000
6821,2001-07-27,2004-10-18,260000,575000
6821,2004-10-18,2010-08-09,575000,570000
6825,1998-12-09,1999-06-04,150000,220000
6825,1999-06-04,2002-08-29,220000,290000
6825,2002-08-29,2003-12-28,290000,301000
6825,2003-12-28,2014-03-18,301000,383000
6826,2006-11-23,2016-08-05,275000,465000
6828,1998-11-17,2006-11-14,215000,460000
6828,2006-11-14,2014-09-01,460000,460000
6828,2014-09-01,2025-07-10,460000,570000
6831,1998-02-12,2002-05-24,74500,118500
6831,2002-05-24,2006-11-30,118500,171000
6831,2006-11-30,2011-04-28,171000,225000
6833,2001-05-24,2009-08-27,202000,395000
6833,2009-08-27,2013-03-01,395000,420000
6833,2013-03-01,2017-01-27,420000,486500
6834,1998-07-03,2015-10-16,86000,309000
6835,2000-04-28,2006-10-06,174500,304000
6836,1996-09-06,1999-07-30,81000,95000
6836,1999-07-30,2006-04-28,95000,203000
6838,1997-11-12,2002-07-01,115000,190000
6841,1997-08-15,2001-10-20,130000,221500
6842,2016-05-20,2016-12-16,175750,262500
6842,2016-12-16,2018-06-28,262500,285000
6842,2018-06-28,2024-12-06,285000,308000
6844,2001-08-06,2022-12-19,375000,1190000
6845,2005-07-29,2007-03-08,365000,300000
6845,2007-03-08,2025-01-31,300000,545000
6848,2007-11-29,2014-06-30,200000,282000
6848,2014-06-30,2015-06-30,282000,330000
6849,2006-03-03,2012-06-15,310000,450000
6850,1996-04-26,1999-04-21,95000,175000
6850,1999-04-21,1999-12-17,175000,225000
6852,1995-03-31,1996-02-23,180000,102000
6852,1996-02-23,2019-10-18,102000,560000
6854,2016-04-22,2025-11-07,425000,588500
6857,2001-10-22,2004-10-26,265000,349000
6857,2004-10-26,2020-11-19,349000,600000
6858,1998-08-06,1998-09-25,53000,140000
6859,2004-01-09,2004-07-26,150000,190000
6859,2004-07-26,2007-10-31,190000,242000
6861,2020-02-03,2023-01-05,525000,750000
6863,2011-08-15,2026-01-20,515000,775000
6864,1996-10-09,2009-01-23,67000,227000
6864,2009-01-23,2017-06-30,227000,370000
6868,2015-08-20,2020-06-17,382000,440000
6869,1995-11-30,2012-12-18,130000,365000
6869,2012-12-18,2018-07-05,365000,975000
6870,2003-03-14,2003-05-01,34250,150000
6870,2003-05-01,2007-06-01,150000,215000
6872,2006-03-03,2014-03-28,173000,272500
6874,2008-11-03,2017-10-02,178000,225000
6874,2017-10-02,2018-07-12,225000,334000
6874,2018-07-12,2021-03-26,334000,375000
6875,2014-03-25,2014-12-19,226000,235000
6875,2014-12-19,2017-08-11,235000,275000
6876,2009-06-19,2016-03-11,190000,265000
6877,1998-10-08,2004-12-21,400000,720000
6882,1996-08-23,2020-06-17,130000,400000
6883,1999-12-03,2009-01-09,210000,360000
6886,1995-02-01,2003-06-20,135000,392000
6886,2003-06-20,2025-08-04,392000,980500
6889,2001-01-22,2016-08-08,295000,240000
6890,1999-06-08,2013-07-10,172000,648000
6893,2002-02-20,2005-12-02,104393,435000
6893,2005-12-02,2010-07-02,435000,875000
6893,2010-07-02,2021-10-15,875000,1100000
6894,1998-01-23,2003-09-01,191000,425500
6897,2007-02-20,2011-12-02,370000,550000
6900,1999-01-15,2004-04-02,67000,172000
6900,2004-04-02,2007-12-17,172000,223450
6900,2007-12-17,2011-05-06,223450,212500
6900,2011-05-06,2022-10-17,212500,340000
6903,2000-05-26,2005-08-11,193000,392500
6907,2006-06-06,2017-11-16,360000,505000
6909,2002-12-19,2016-04-04,250000,360000
6909,2016-04-04,2023-07-31,360000,450000
6910,1998-06-12,2001-04-27,85000,142500
6910,2001-04-27,2004-11-12,142500,225000
6912,2002-05-23,2005-09-20,40000,60000
6912,2005-09-20,2016-01-02,60000,30000
6914,1996-07-29,2000-09-01,85000,130000
6914,2000-09-01,2004-12-03,130000,205000
6914,2004-12-03,2007-08-20,205000,265000
6916,2004-04-06,2020-09-25,214000,355000
6916,2020-09-25,2021-11-26,355000,435000
6918,1998-08-14,2005-07-29,96500,229500
6919,2013-08-02,2018-11-15,230000,375000
6920,2016-01-04,2023-02-17,285000,427500
6921,2003-01-27,2003-10-31,160000,200000
6921,2003-10-31,2017-06-01,200000,315000
6921,2017-06-01,2024-08-13,315000,475000
6923,2003-07-28,2014-05-30,234000,300000
6924,2010-05-07,2017-12-01,318000,420000
6929,1995-07-05,2010-01-26,78000,240950
6931,2002-08-06,2008-12-22,168500,210000
6932,1995-03-31,2002-09-13,79000,175000
6934,2003-10-17,2015-03-18,162000,268000
6935,1999-07-27,2014-03-17,101500,325000
6936,2001-07-20,2006-06-02,115110,237000
6938,1995-09-11,1995-12-21,59950,84000
6938,1995-12-21,2016-12-19,84000,343000
6939,2003-02-14,2007-09-19,187500,199950
6939,2007-09-19,2013-11-22,199950,229950
6941,2003-01-17,2013-05-31,173500,195000
6941,2013-05-31,2021-05-21,195000,270000
6941,2021-05-21,2025-12-09,270000,315000
6949,2004-02-16,2019-09-06,285000,457500
6949,2019-09-06,2026-01-23,457500,622000
6950,1997-08-01,2004-04-30,103500,281500
6951,2004-08-20,2009-06-30,277000,250000
6951,2009-06-30,2015-11-14,250000,405000
6951,2015-11-14,2023-10-06,405000,645000
6952,2003-09-04,2004-06-30,140000,185000
6958,2004-12-03,2006-04-27,199950,228000
6958,2006-04-27,2007-06-08,228000,249995
6959,1996-11-29,1999-05-07,83000,99500
6961,2000-03-03,2010-09-17,128000,300000
6961,2010-09-17,2013-04-05,300000,290000
6967,1999-11-01,2010-11-18,107000,249950
6968,2001-03-09,2003-12-08,138000,192000
6969,1996-03-29,2008-11-28,93000,230000
6973,1999-03-16,2017-02-27,80000,245000
6973,2017-02-27,2017-11-20,245000,380000
6973,2017-11-20,2023-08-07,380000,445000
6974,1999-03-16,2003-07-21,80000,160000
6974,2003-07-21,2009-01-16,160000,200000
6975,2001-06-11,2020-06-11,114500,280000
6976,2006-10-27,2011-04-21,229950,200500
6981,1997-06-10,2002-04-20,60000,129500
6981,2002-04-20,2014-04-17,129500,242000
6981,2014-04-17,2021-06-25,242000,285000
6982,2006-06-15,2023-02-27,215000,330000
6983,1996-10-11,2001-01-29,78000,165000
6984,2005-04-13,2020-05-18,163000,257500
6985,2019-11-20,2021-02-04,235500,300000
6985,2021-02-04,2021-12-21,300000,315000
6990,1996-09-27,1999-08-13,41000,42750
6990,1999-08-13,2004-08-24,42750,100000
6990,2004-08-24,2005-08-15,100000,130000
6990,2005-08-15,2016-11-24,130000,205000
6991,2006-03-13,2007-03-06,118000,150000
6991,2007-03-06,2018-05-02,150000,110000
6995,2003-10-03,2015-07-02,148000,275000
6995,2015-07-02,2024-12-05,275000,453000
6996,2014-11-27,2025-08-06,270000,421000
6997,2008-08-21,2023-03-15,115000,290000
6999,2007-05-31,2014-07-31,250000,305000
7002,2012-11-02,2013-05-22,200000,245000
7002,2013-05-22,2025-07-14,245000,445000
7006,1998-07-03,2001-03-30,89000,122500
7006,2001-03-30,2009-11-06,122500,229995
7007,1996-08-09,2003-06-27,77000,186500
7009,2007-08-03,2016-05-27,310000,342215
7012,1998-09-11,2013-11-28,114500,290000
7012,2013-11-28,2023-09-08,290000,492000
7014,1997-10-15,2017-02-24,73500,235000
7016,1996-11-29,2014-04-23,86250,249950
7017,2005-07-29,2007-08-17,190000,235000
7017,2007-08-17,2021-06-30,235000,322500
7017,2021-06-30,2024-08-14,322500,370000
7020,2013-02-08,2013-11-22,185000,194000
7021,2017-09-18,2020-10-26,267500,290000
7021,2020-10-26,2022-10-31,290000,340000
7022,2006-10-10,2007-09-28,177000,233500
7022,2007-09-28,2016-04-08,233500,253000
7022,2016-04-08,2022-06-17,253000,370000
7025,2002-07-11,2007-07-20,127500,207500
7025,2007-07-20,2024-11-11,207500,291500
7026,2019-01-19,2024-05-17,190000,270000
7027,2008-07-25,2014-02-07,285000,330000
7030,2012-04-02,2014-03-31,207500,220000
7030,2014-03-31,2024-02-23,220000,336000
7031,2017-10-06,2021-09-09,275000,450100
7034,2009-12-23,2019-02-21,209950,221887
7036,1997-03-14,1998-01-16,60000,68000
7036,1998-01-16,2003-09-26,68000,158000
7039,2015-03-18,2016-07-08,208000,344700
7040,2000-03-22,2006-10-17,114500,200000
7040,2006-10-17,2007-11-15,200000,245000
7040,2007-11-15,2017-07-21,245000,300000
7043,2005-08-05,2007-05-31,190000,230000
7043,2007-05-31,2013-03-13,230000,200000
7043,2013-03-13,2014-01-13,200000,245000
7045,1997-01-22,1999-04-09,17000,87000
7045,1999-04-09,2020-06-01,87000,340000
7051,1997-06-13,2012-07-02,80500,220000
7054,1997-08-29,2006-08-17,76950,246000
7068,2018-07-02,2021-09-24,339995,398800
7069,2002-12-18,2011-05-23,170000,250000
7071,1996-08-30,1999-10-08,69000,94000
7072,2003-07-18,2004-08-12,145000,206000
7075,2008-08-13,2011-07-07,195000,218000
7075,2011-07-07,2014-07-11,218000,249950
7076,2005-01-21,2011-10-21,163000,265000
7077,2008-05-15,2023-09-18,223500,435000
7079,1996-10-21,2016-11-30,62950,150000
7080,1997-07-31,2005-07-13,86000,215000
7085,2019-09-27,2021-02-19,208000,300000
7089,2004-04-14,2014-02-18,250000,301000
7090,2014-06-30,2024-12-05,250000,450000
7091,2017-08-31,2021-08-18,300000,435000
7097,2002-11-05,2020-02-14,143000,265000
7098,2013-06-26,2014-11-27,194000,247500
7098,2014-11-27,2018-01-19,247500,285000
7099,2009-06-18,2023-11-03,250000,640000
7101,2009-02-19,2025-07-07,212000,440000
7102,2000-10-27,2005-08-31,97500,186000
7103,2004-04-02,2004-05-28,155000,163500
7103,2004-05-28,2009-03-05,163500,151000
7103,2009-03-05,2015-07-14,151000,245000
7103,2015-07-14,2021-06-24,245000,310000
7104,2018-12-20,2019-01-25,207000,240000
7104,2019-01-25,2025-02-11,240000,417500
7106,1997-11-28,2015-06-26,82250,288500
7111,2000-01-11,2004-07-09,94950,184000
7112,1999-03-19,2003-05-16,78000,166000
7112,2003-05-16,2007-09-11,166000,232000
7119,2001-08-29,2010-03-05,155000,230000
7133,2009-11-20,2022-09-30,220000,476000
7135,2015-07-03,2025-08-08,222500,455500
7136,1996-09-06,2001-08-23,58500,125000
7136,2001-08-23,2011-08-12,125000,235000
7136,2011-08-12,2019-08-16,235000,355000
7137,1996-06-04,2007-09-11,60000,235000
7137,2007-09-11,2018-01-19,235000,345000
7138,2001-09-11,2016-06-16,160000,345000
7146,2000-09-01,2005-04-08,119000,203000
7148,2004-02-16,2010-08-25,178000,280000
7149,2005-11-30,2019-01-09,222000,416500
7150,2009-07-31,2017-07-07,215000,415000
7153,2003-11-11,2017-03-20,182000,285000
7156,2001-10-19,2013-02-14,137500,250000
7163,2009-07-31,2014-03-17,231000,308500
7169,2015-11-06,2020-10-27,495000,465000
7170,2005-08-05,2013-09-26,485000,850000
7170,2013-09-26,2015-09-04,850000,750000
7170,2015-09-04,2020-12-10,750000,1015000
7171,2015-11-10,2018-11-26,415000,400000
7173,2017-09-21,2025-03-12,351000,530000
7174,2003-02-28,2005-05-13,170500,200000
7174,2005-05-13,2008-08-22,200000,210000
7174,2008-08-22,2014-03-31,210000,265000
7175,1997-08-27,2006-06-16,85000,231500
7176,2013-01-17,2025-11-17,215000,425000
7179,2004-02-06,2014-01-14,189000,289950
7182,2000-09-08,2001-10-31,134000,140000
7184,1998-08-28,2004-01-07,108000,230000
7184,2004-01-07,2004-08-20,230000,235000
7184,2004-08-20,2009-01-15,235000,232000
7193,2018-09-05,2021-01-28,332000,380000
7193,2021-01-28,2025-05-16,380000,425000
7195,2015-11-19,2019-11-15,243000,325000
7196,2012-08-28,2020-10-23,217000,360000
7199,2007-01-05,2011-02-18,200000,230000
7205,1999-09-17,2008-02-25,92000,205000
7206,1999-12-17,2024-12-18,99950,360000
7207,1996-04-29,1999-07-23,79950,114000
7208,2012-12-12,2018-09-20,230000,316000
7214,2005-07-08,2008-12-05,200000,220000
7215,2011-03-31,2015-05-13,187000,275000
7219,1998-10-09,2008-05-27,47000,125000
7219,2008-05-27,2015-10-30,125000,137500
7220,1997-08-29,1999-04-30,45000,49995
7222,1999-03-26,2001-09-17,46500,68000
7222,2001-09-17,2004-03-03,68000,109000
7226,1999-09-03,2003-09-29,50000,94000
7226,2003-09-29,2014-03-14,94000,120000
7228,2013-09-10,2016-06-30,127500,130000
7228,2016-06-30,2019-08-13,130000,152000
7229,2003-11-28,2004-03-12,95000,119950
7229,2004-03-12,2005-07-01,119950,125000
7230,2006-08-25,2006-11-30,99500,130680
7230,2006-11-30,2007-07-23,130680,144500
7231,2020-08-21,2022-12-22,128950,210000
7233,2001-10-17,2015-02-12,75000,99000
7233,2015-02-12,2018-02-16,99000,150000
7234,1998-11-30,2000-02-18,45000,57000
7234,2000-02-18,2006-06-30,57000,135000
7234,2006-06-30,2011-03-31,135000,134000
7234,2011-03-31,2023-08-22,134000,150000
7237,2017-03-22,2019-08-14,270000,325000
7239,2019-03-07,2023-05-05,245000,345000
7240,2006-04-12,2021-04-29,165000,360000
7243,2000-03-15,2018-01-03,93500,267000
7245,1995-07-28,1997-07-15,58000,76000
7245,1997-07-15,2013-05-24,76000,173000
7251,1997-04-04,2021-12-01,71500,285000
7252,2006-09-29,2012-06-29,182775,180000
7252,2012-06-29,2019-06-14,180000,346000
7258,2023-10-10,2024-12-11,320000,387500
7259,2003-10-24,2004-12-10,144000,189000
7265,1999-12-09,2024-03-08,95000,320000
7267,2005-12-02,2010-09-16,167500,177000
7267,2010-09-16,2022-07-29,177000,322500
7268,2013-09-27,2015-01-09,201000,230000
7268,2015-01-09,2021-09-30,230000,384000
7268,2021-09-30,2022-06-10,384000,435000
7270,2002-07-05,2003-05-23,112500,140000
7270,2003-05-23,2006-10-10,140000,228500
7271,2012-10-30,2015-01-30,202500,285000
7272,2013-10-03,2017-08-04,260000,312000
7273,1995-04-13,1997-04-30,55500,79500
7273,1997-04-30,1999-12-03,79500,97950
7273,1999-12-03,2006-10-06,97950,220000
7275,1999-10-13,2004-06-25,96950,209950
7275,2004-06-25,2005-06-27,209950,210000
7275,2005-06-27,2009-12-21,210000,229950
7283,1997-05-30,2004-03-23,65750,178000
7283,2004-03-23,2013-01-25,178000,208000
7284,2000-05-09,2006-06-30,107500,195000
7284,2006-06-30,2009-05-22,195000,200000
7286,2002-11-22,2021-03-05,50000,275000
7286,2021-03-05,2025-05-28,275000,375000
7287,2015-02-23,2016-02-19,280000,310000
7289,1998-03-06,1999-07-16,86250,89950
7291,1995-07-31,2025-02-05,82500,425000
7296,2000-03-30,2004-07-16,98000,196000
7296,2004-07-16,2012-09-17,196000,175000
7296,2012-09-17,2022-09-30,175000,362500
7299,2006-12-19,2010-09-10,210295,100000
7301,2011-08-12,2023-04-12,225000,350000
7302,2000-08-18,2002-03-22,118000,130000
7302,2002-03-22,2018-08-15,130000,300000
7303,1999-06-25,2016-06-30,92000,330000
7305,2006-06-30,2014-10-03,209995,250000
7305,2014-10-03,2020-03-12,250000,295000
7308,1997-05-30,2022-08-09,74950,350000
7309,1995-02-17,2013-02-08,67000,115000
7310,2006-04-12,2007-11-09,185000,265000
7310,2007-11-09,2014-02-28,265000,260000
7312,2018-05-23,2024-12-05,270000,377500
7314,2001-03-23,2013-05-07,118000,210000
7315,2003-05-08,2011-10-14,164000,249950
7317,1996-12-17,2001-05-18,76000,124500
7317,2001-05-18,2016-08-10,124500,325000
7319,2002-06-27,2009-07-13,148500,165000
7319,2009-07-13,2013-04-05,165000,219950
7320,2000-11-24,2005-06-27,103500,214000
7320,2005-06-27,2019-11-01,214000,315000
7320,2019-11-01,2022-07-27,315000,372500
7321,2008-12-01,2013-04-12,175000,197500
7321,2013-04-12,2019-09-20,197500,298000
7325,2004-08-23,2010-08-03,188500,199000
7325,2010-08-03,2021-04-14,199000,285000
7327,1997-04-15,2017-01-05,76000,290000
7328,2002-08-08,2023-02-24,148000,325000
7329,2015-12-18,2024-07-26,200000,300000
7330,2024-06-28,2026-01-06,385000,440000
7331,2015-01-16,2022-12-06,227500,368750
7333,2006-06-28,2020-03-19,184950,285000
7334,2006-07-28,2015-07-30,267000,325000
7334,2015-07-30,2016-03-29,325000,345000
7335,2022-02-11,2026-01-09,450000,475000
7339,1999-02-03,2010-05-17,35000,257500
7340,2004-05-24,2006-12-01,189950,227000
7343,2013-11-08,2018-07-06,228500,310000
7343,2018-07-06,2021-02-05,310000,322500
7346,2015-10-16,2019-07-19,238000,335000
7347,1996-11-01,2005-06-14,68000,191000
7347,2005-06-14,2014-01-14,191000,221500
7347,2014-01-14,2018-07-20,221500,300000
7348,2000-05-26,2004-06-03,120000,200000
7348,2004-06-03,2017-09-25,200000,212000
7348,2017-09-25,2018-05-25,212000,330000
7348,2018-05-25,2024-01-03,330000,425000
7349,2003-08-08,2015-05-22,152000,235000
7353,2013-03-28,2022-02-25,221510,383000
7354,2003-11-28,2022-03-29,174950,350000
7355,2004-02-13,2004-09-24,150000,204950
7355,2004-09-24,2017-04-26,204950,285000
7356,1995-01-13,2005-09-16,59450,198000
7356,2005-09-16,2014-05-23,198000,235000
7358,2019-07-31,2021-03-30,197251,765000
7359,2009-02-19,2022-12-20,158500,365500
7362,2001-10-04,2005-09-30,164950,238000
7364,1997-03-27,2002-12-23,86000,184000
7364,2002-12-23,2025-09-30,184000,545000
7366,2005-11-09,2007-04-02,334000,315000
7366,2007-04-02,2020-08-11,315000,505000
7367,1997-07-30,2024-03-12,79995,850000
7368,1997-07-31,2013-08-30,265000,725000
7368,2013-08-30,2018-09-14,725000,1050000
7369,1997-08-22,2007-03-16,249000,640000
7370,1997-05-02,1998-08-27,270000,295000
7375,1996-03-04,2020-03-31,47250,207000
7376,2007-03-02,2013-09-30,195000,205000
7376,2013-09-30,2022-03-01,205000,276000
7376,2022-03-01,2022-12-19,276000,290000
7376,2022-12-19,2023-07-31,290000,287000
7377,1997-09-05,2003-10-03,54000,158000
7377,2003-10-03,2007-01-31,158000,157000
7377,2007-01-31,2008-01-25,157000,193500
7377,2008-01-25,2012-09-14,193500,182500
7377,2012-09-14,2014-09-23,182500,200000
7377,2014-09-23,2016-03-24,200000,245000
7377,2016-03-24,2021-01-05,245000,260000
7378,2009-10-23,2016-09-12,175000,247500
7380,1996-08-02,2003-07-18,43050,179995
7380,2003-07-18,2005-08-12,179995,192000
7380,2005-08-12,2016-08-17,192000,248500
7380,2016-08-17,2024-06-28,248500,253000
7381,2000-03-01,2005-02-21,98000,165000
7381,2005-02-21,2020-03-06,165000,220000
7382,2018-12-12,2025-10-27,229950,349000
7385,2005-08-02,2010-11-19,392500,385000
7386,1995-06-15,2004-06-07,87000,355000
7388,2007-06-21,2009-04-16,262500,350000
7391,2016-12-21,2021-01-14,820000,980000
7391,2021-01-14,2023-08-16,980000,970000
7392,1995-12-14,1997-08-28,159000,210000
7392,1997-08-28,2001-07-02,210000,335000
7394,1995-06-30,1996-10-23,59995,60000
7394,1996-10-23,2006-09-05,60000,175000
7394,2006-09-05,2010-11-30,175000,215500
7394,2010-11-30,2013-09-16,215500,242000
7394,2013-09-16,2017-10-06,242000,280000
7395,2008-01-11,2014-11-27,160000,172000
7396,2001-09-06,2006-08-22,190000,250000
7397,1999-04-30,2004-08-20,63000,150000
7397,2004-08-20,2007-11-30,150000,222000
7398,1997-04-01,2000-03-03,65000,115000
7398,2000-03-03,2004-07-23,115000,214995
7398,2004-07-23,2020-08-13,214995,265000
7399,2004-05-28,2010-09-30,110000,194000
7399,2010-09-30,2021-12-03,194000,280000
7399,2021-12-03,2025-01-10,280000,322500
7400,2000-06-29,2001-07-06,127500,155000
7400,2001-07-06,2014-05-19,155000,245000
7400,2014-05-19,2016-11-18,245000,270000
7402,1996-05-01,1999-04-23,33000,53950
7403,2001-05-04,2004-07-07,100000,210000
7404,2002-06-06,2009-09-16,137500,200000
7404,2009-09-16,2013-07-31,200000,220000
7407,2007-03-14,2017-10-17,245000,320000
7409,1997-02-06,1999-02-12,59950,60000
7409,1999-02-12,2000-03-31,60000,91000
7409,2000-03-31,2006-04-28,91000,160000
7409,2006-04-28,2010-08-13,160000,163000
7410,1997-07-01,2006-12-15,69000,200000
7410,2006-12-15,2011-08-01,200000,192000
7410,2011-08-01,2016-03-31,192000,229995
7410,2016-03-31,2021-09-27,229995,265000
7411,1996-05-03,1998-05-26,64950,94000
7411,1998-05-26,1999-12-10,94000,125000
7411,1999-12-10,2002-11-08,125000,175000
7412,1995-04-07,1998-05-21,71750,90000
7412,1998-05-21,1999-06-11,90000,106000
7412,1999-06-11,2000-11-03,106000,115000
7412,2000-11-03,2003-02-12,115000,184950
7412,2003-02-12,2006-12-15,184950,205000
7412,2006-12-15,2015-03-24,205000,190000
7413,1996-06-13,2002-12-10,57000,170000
7413,2002-12-10,2003-07-17,170000,201000
7413,2003-07-17,2005-07-08,201000,217000
7414,1998-10-12,2009-08-19,260000,580000
7414,2009-08-19,2017-05-30,580000,805000
7417,1995-06-16,2001-06-22,87500,260500
7417,2001-06-22,2021-05-11,260500,660000
7417,2021-05-11,2023-09-14,660000,850000
7418,1996-05-29,2005-11-15,150000,475000
7419,2011-07-25,2016-06-28,350000,520000
7421,2020-02-28,2021-12-03,545000,1240000
7423,1999-10-29,2019-06-14,172000,630000
7424,2013-02-28,2015-01-30,355000,477000
7430,2001-10-26,2007-11-01,210000,448250
7431,2013-08-16,2021-03-22,425000,677000
7432,2000-04-13,2005-04-15,210000,485000
7432,2005-04-15,2021-02-26,485000,880000
7436,1997-05-23,2021-03-02,130000,760000
7438,1995-09-01,2010-08-27,278000,855050
7440,2002-07-10,2007-06-27,695000,950000
7442,2002-06-20,2003-08-21,652500,830000
7443,2001-10-31,2004-08-06,405000,850000
7445,2008-07-02,2010-07-14,830000,835000
7446,1996-12-16,2025-08-22,225000,1274000
7447,1999-10-01,2014-02-28,194000,410000
7447,2014-02-28,2023-06-12,410000,950000
7448,2011-06-22,2020-08-28,335000,1100000
7450,1996-05-17,2016-06-22,120000,412500
7450,2016-06-22,2020-07-17,412500,675000
7451,1995-12-08,2012-04-05,110000,290000
7451,2012-04-05,2014-06-20,290000,500000
7452,1997-09-19,2001-05-24,72000,103500
7455,1998-05-22,2024-05-08,85500,340000
7456,2006-07-13,2009-11-30,178500,195000
7457,1996-01-02,2010-11-17,75000,250000
7458,2007-07-13,2025-02-21,190500,320000
7464,1999-05-07,2004-10-01,84000,186500
7464,2004-10-01,2016-01-14,186500,215000
7465,1998-12-09,2000-07-28,42500,118000
7465,2000-07-28,2009-08-26,118000,267000
7466,2001-03-02,2019-07-25,132000,405000
7468,2013-07-26,2014-04-24,240000,250000
7468,2014-04-24,2014-10-03,250000,281000
7469,1999-07-08,2001-05-25,86000,147500
7469,2001-05-25,2016-05-24,147500,530000
7470,2003-04-30,2004-07-30,202000,247500
7473,2012-01-04,2018-04-27,205000,454000
7474,1997-05-16,2002-04-23,70000,150000
7474,2002-04-23,2006-11-17,150000,239995
7476,2018-08-13,2025-08-15,527500,612550
7479,2010-08-05,2018-04-04,209950,540000
7480,2001-10-26,2014-03-28,160000,325000
7480,2014-03-28,2024-03-22,325000,490000
7481,2000-05-26,2009-11-27,116000,215000
7482,1995-08-23,2013-10-23,85000,230000
7483,2015-03-13,2015-10-05,55000,67000
7484,1999-03-19,2007-07-23,32250,79000
7487,1997-11-14,2010-09-17,26500,59999
7487,2010-09-17,2016-09-09,59999,65000
7488,1998-02-17,2021-10-27,22000,78000
7489,1995-02-23,2013-11-29,26000,50000
7493,2013-08-27,2015-12-18,53000,63000
7493,2015-12-18,2019-04-23,63000,80000
7494,2013-08-30,2019-06-26,47000,68000
7495,1998-01-16,2002-10-16,26000,59995
7495,2002-10-16,2004-06-11,59995,73000
7495,2004-06-11,2014-08-15,73000,72000
7496,1996-05-29,2004-02-13,25250,74950
7496,2004-02-13,2010-12-22,74950,55000
7497,2001-12-21,2011-01-21,47000,73000
7497,2011-01-21,2024-08-21,73000,95000
7498,1996-12-06,2001-09-18,25000,52500
7498,2001-09-18,2006-09-29,52500,73500
7498,2006-09-29,2025-04-10,73500,85000
7499,1996-09-30,2004-06-18,25000,75000
7499,2004-06-18,2011-07-15,75000,59950
7499,2011-07-15,2018-10-08,59950,68000
7499,2018-10-08,2021-11-10,68000,62500
7501,1997-03-07,2001-03-23,24000,52000
7501,2001-03-23,2002-07-12,52000,55000
7501,2002-07-12,2003-09-22,55000,72500
7501,2003-09-22,2016-09-23,72500,70000
7501,2016-09-23,2018-05-30,70000,72500
7502,1995-03-01,2013-02-01,26500,52000
7502,2013-02-01,2016-02-16,52000,63000
7503,1999-09-24,2014-09-29,36950,56000
7504,1995-07-12,2002-10-04,28300,49950
7504,2002-10-04,2024-10-30,49950,118000
7506,2013-10-30,2017-03-08,45000,62000
7507,1995-04-07,2007-06-22,28500,77500
7511,1996-09-06,1997-12-12,68000,120000
7511,1997-12-12,2006-12-19,120000,290000
7512,1999-06-30,2014-10-02,104000,280000
7513,2004-10-08,2005-08-26,155000,245000
7513,2005-08-26,2010-08-20,245000,280000
7513,2010-08-20,2014-08-12,280000,280000
7513,2014-08-12,2017-11-03,280000,338000
7513,2017-11-03,2020-11-23,338000,370000
7513,2020-11-23,2024-01-24,370000,345000
7522,1996-08-16,2007-11-02,89950,312500
7524,2010-06-30,2016-07-01,299950,365000
7531,2006-01-12,2020-06-30,245000,395000
7534,1997-06-27,1998-07-31,62500,60000
7534,1998-07-31,2005-05-06,60000,218000
7534,2005-05-06,2006-03-22,218000,232500
7534,2006-03-22,2007-09-07,232500,247500
7537,1995-04-21,2002-12-12,54000,167450
7537,2002-12-12,2018-02-19,167450,365000
7538,1999-03-19,1999-12-17,80000,140000
7538,1999-12-17,2004-11-24,140000,236000
7538,2004-11-24,2007-10-11,236000,279950
7538,2007-10-11,2011-04-28,279950,260000
7543,2006-12-18,2024-10-25,247000,535000
7544,2015-10-09,2019-08-23,343444,425000
7545,2008-01-31,2020-06-15,220000,427500
7545,2020-06-15,2026-01-16,427500,542500
7546,2006-11-09,2015-05-01,233500,395000
7547,2011-10-28,2023-11-30,310000,625000
7548,2000-08-17,2004-11-23,132500,248000
7549,1997-12-12,2021-06-04,89000,446000
7549,2021-06-04,2025-02-28,446000,550000
7550,2003-07-11,2004-07-02,192500,245000
7551,2000-11-03,2012-10-12,133000,280000
7551,2012-10-12,2018-08-31,280000,505000
7551,2018-08-31,2022-11-03,505000,682500
7557,2000-10-06,2019-06-14,500000,700000
7557,2019-06-14,2019-06-14,700000,1707894
7558,2009-03-06,2010-06-01,135000,157000
7559,1998-01-30,1998-10-30,60000,77500
7559,1998-10-30,2013-06-14,77500,225000
7559,2013-06-14,2017-03-30,225000,220000
7560,2006-02-28,2015-12-14,155500,200000
7562,2003-05-30,2005-06-29,145000,178500
7562,2005-06-29,2007-05-14,178500,199950
7563,2003-05-30,2003-11-21,145000,155000
7563,2003-11-21,2006-06-09,155000,179950
7563,2006-06-09,2020-03-31,179950,230000
7564,2003-12-23,2016-03-24,180000,210000
7565,2004-03-17,2016-10-31,189950,210000
7565,2016-10-31,2023-11-01,210000,223000
7566,2003-07-03,2022-03-04,197950,218000
7567,2003-06-05,2006-11-03,169950,183000
7568,2003-03-10,2022-08-22,204950,227500
7570,2004-03-03,2017-11-17,249950,275000
7571,2003-09-26,2023-11-10,225000,265000
7572,2003-05-07,2007-03-29,185000,220000
7574,2003-06-06,2015-10-20,185000,217000
7574,2015-10-20,2017-08-04,217000,235000
7575,2003-05-30,2005-03-30,145000,171750
7575,2005-03-30,2007-05-14,171750,199950
7575,2007-05-14,2022-10-03,199950,245000
7576,2003-09-23,2011-09-02,170000,186000
7577,2003-06-06,2003-10-23,169950,170000
7577,2003-10-23,2004-09-22,170000,175000
7577,2004-09-22,2021-08-31,175000,195000
7578,2004-12-17,2014-05-06,190000,180000
7578,2014-05-06,2022-03-09,180000,210000
7580,2004-01-08,2006-03-31,194500,189995
7580,2006-03-31,2009-12-30,189995,175000
7581,2012-03-30,2017-06-30,176995,220000
7581,2017-06-30,2019-10-18,220000,236000
7584,2012-04-20,2017-09-15,202995,282500
7584,2017-09-15,2023-08-22,282500,345000
7585,2012-04-24,2019-02-08,199995,270000
7589,2012-07-20,2025-01-09,219995,360000
7591,2012-08-24,2016-09-23,354995,420000
7593,2012-06-11,2023-05-31,216995,360000
7594,2012-06-19,2016-12-15,210995,260000
7597,2012-05-25,2020-07-03,201995,275182
7598,2012-05-18,2018-01-12,167995,234000
7598,2018-01-12,2020-03-11,234000,237000
7600,2012-05-04,2014-09-26,169995,185000
7603,2013-03-28,2017-03-01,376645,447000
7606,2012-05-18,2020-10-07,349995,500000
7607,2012-12-07,2017-05-25,204995,273000
7608,2012-06-29,2018-05-24,159950,191000
7610,2012-07-27,2018-05-01,230000,295000
7612,2017-09-29,2024-08-27,113750,272000
7614,2016-11-18,2022-01-14,117500,125000
7615,2012-08-17,2014-09-05,215000,250000
7615,2014-09-05,2021-09-30,250000,335000
7616,2017-11-24,2022-06-10,120000,132500
7621,2013-08-30,2024-05-17,385000,620000
7623,2016-10-17,2018-03-13,410000,445000
7625,2013-05-03,2020-12-17,295000,377000
7627,2012-05-08,2022-11-09,405000,655000
7629,2013-04-26,2016-11-25,310000,375000
7630,2012-10-26,2022-11-25,296500,490000
7636,2013-08-13,2019-08-28,224950,287000
7639,2013-06-28,2020-07-31,224950,300000
7641,2013-04-19,2019-05-17,215000,278000
7644,2013-03-25,2017-10-19,200000,285000
7645,2013-03-15,2020-10-16,224950,292000
7648,2012-10-19,2019-08-23,280000,382500
7651,2013-04-30,2024-06-14,289950,375000
7652,2013-01-25,2014-02-07,250000,270000
7652,2014-02-07,2022-09-02,270000,430000
7653,2012-07-09,2017-09-18,224950,273500
7657,2013-08-07,2015-07-10,225500,245000
7659,2013-06-28,2019-04-24,398995,495000
7659,2019-04-24,2024-05-31,495000,595000
7661,2013-06-28,2020-12-17,384995,530000
7662,2012-12-14,2021-01-29,256000,312500
7662,2021-01-29,2024-05-28,312500,375000
7665,2013-06-28,2015-12-14,220000,250000
7665,2015-12-14,2024-09-30,250000,320500
7667,2013-03-22,2018-06-01,319950,440000
7669,2013-03-01,2014-03-21,201000,225000
7671,2013-02-08,2016-10-28,250000,370000
7674,2017-09-08,2022-04-14,137500,290000
7679,2018-02-28,2020-09-30,112500,227000
7681,2012-10-31,2025-08-29,219000,390000
7685,2012-12-20,2020-11-09,250000,340000
7686,2012-09-28,2017-05-11,217950,282000
7687,2012-04-27,2014-10-27,249950,269995
7688,2012-09-28,2014-11-28,217950,245000
7688,2014-11-28,2015-03-18,245000,249995
7691,2014-08-01,2016-08-03,440000,480000
7693,2014-06-30,2016-09-23,425000,445000
7693,2016-09-23,2021-09-24,445000,570000
7697,2016-03-31,2021-02-12,459000,279000
7699,2012-04-30,2020-12-03,219950,301000
7700,2012-04-30,2022-12-16,207053,360000
7701,2012-05-25,2019-12-13,199950,265000
7702,2012-06-29,2013-06-27,240000,240000
7704,2012-05-31,2016-04-12,249950,295000
7704,2016-04-12,2021-10-11,295000,370000
7705,2012-06-29,2015-07-01,231500,265000
7705,2015-07-01,2017-11-16,265000,347500
7705,2017-11-16,2021-06-23,347500,375000
7706,2012-08-24,2020-08-14,180000,238000
7707,2012-08-24,2019-03-15,179950,234000
7708,2012-08-31,2019-06-14,182000,246000
7710,2017-11-02,2023-11-06,326000,405000
7711,2012-12-20,2016-04-15,240000,300000
7712,2016-06-24,2021-09-24,194500,230000
7715,2013-01-31,2019-12-23,219000,285000
7715,2019-12-23,2022-10-11,285000,350000
7717,2013-03-22,2025-12-12,399950,640000
7718,2013-05-31,2020-01-03,250000,330000
7722,2013-04-29,2018-06-01,250000,328500
7723,2013-04-30,2021-03-11,320000,500000
7727,2014-04-25,2022-07-22,342000,535000
7729,2014-04-30,2018-08-13,267000,312500
7729,2018-08-13,2024-10-25,312500,361550
7730,2014-05-21,2016-03-31,280000,330000
7731,2014-04-30,2025-01-28,280000,425000
7732,2014-03-28,2017-08-09,265000,317000
7733,2014-05-23,2019-12-20,269000,337500
7733,2019-12-20,2020-01-03,337500,337500
7734,2014-03-18,2018-05-17,265000,320000
7736,2014-03-14,2015-11-16,245000,270000
7737,2014-03-31,2017-06-30,240000,285000
7738,2014-01-31,2015-06-30,240000,245000
7738,2015-06-30,2025-02-14,245000,352000
7739,2014-02-28,2018-03-29,235000,252000
7740,2014-01-31,2018-10-19,165000,185000
7740,2018-10-19,2022-11-18,185000,220000
7742,2013-12-18,2015-05-29,192000,215000
7743,2013-12-18,2025-09-11,185000,283000
7744,2013-10-30,2016-08-24,188500,217000
7745,2013-12-20,2016-01-29,185000,215000
7746,2013-10-31,2016-10-14,185500,224000
7746,2016-10-14,2025-12-12,224000,291000
7749,2013-09-30,2019-02-13,188500,244000
7749,2019-02-13,2020-06-12,244000,257500
7749,2020-06-12,2024-04-29,257500,297500
7750,2013-10-17,2016-11-28,183500,225000
7751,2013-10-25,2017-03-24,188500,229950
7754,2013-09-20,2017-09-29,250000,288000
7754,2017-09-29,2017-09-29,288000,295000
7754,2017-09-29,2024-10-25,295000,370000
7756,2013-08-30,2015-06-23,415000,499950
7758,2013-04-19,2022-10-28,225000,380000
7759,2013-06-28,2017-12-13,325000,400000
7764,2013-06-14,2019-03-08,265000,362500
7765,2013-05-30,2016-05-19,240000,315000
7765,2016-05-19,2018-12-05,315000,387500
7766,2013-07-26,2019-04-23,265000,365000
7767,2013-06-28,2022-08-01,330000,550000
7769,2003-10-03,2004-02-27,121500,150000
7770,2011-01-28,2017-09-22,161000,220000
7771,2004-07-26,2023-09-01,180000,500000
7772,2012-11-01,2018-03-05,173000,257500
7773,2015-11-06,2018-12-13,285000,375000
7774,2018-07-27,2022-02-23,410000,522000
7776,2004-07-09,2015-09-11,200000,295000
7781,1995-02-24,2002-07-19,71000,225000
7782,2010-08-20,2023-08-03,230000,515000
7783,2006-06-16,2017-09-15,224000,300000
7784,2002-10-10,2024-08-30,155000,465000
7785,2001-03-30,2001-05-14,100000,145000
7785,2001-05-14,2004-05-14,145000,228500
7785,2004-05-14,2015-12-16,228500,282500
7785,2015-12-16,2018-05-17,282500,549950
7786,1997-08-29,2002-08-05,59950,182500
7786,2002-08-05,2003-08-14,182500,182000
7786,2003-08-14,2003-08-14,182000,140500
7786,2003-08-14,2011-06-10,140500,352500
7788,2014-04-11,2019-01-04,205000,307500
7789,1999-01-29,2009-07-30,86500,190000
7791,2009-11-09,2017-11-22,185000,290000
7792,2010-09-03,2016-08-09,170000,237500
7792,2016-08-09,2024-10-14,237500,350000
7793,1998-03-20,2016-11-29,87000,300000
7797,2005-08-26,2014-01-14,195000,232500
7799,2000-03-24,2006-05-19,97250,187500
7799,2006-05-19,2019-05-03,187500,253000
7799,2019-05-03,2025-12-15,253000,387000
7801,1995-06-16,2005-08-26,51600,185950
7801,2005-08-26,2011-08-12,185950,180000
7801,2011-08-12,2017-01-23,180000,248000
7802,2001-03-23,2007-08-13,94250,215950
7803,2019-12-20,2025-08-22,235000,310000
7804,1997-05-01,2006-11-17,59995,177000
7804,2006-11-17,2013-01-11,177000,187500
7804,2013-01-11,2016-03-23,187500,220000
7807,1996-10-11,1999-12-13,100000,155000
7807,1999-12-13,2001-06-29,155000,180000
7807,2001-06-29,2003-11-14,180000,250000
7808,1998-06-15,2009-08-24,151000,495000
7813,2004-01-23,2006-10-16,107500,132500
7813,2006-10-16,2014-02-28,132500,123000
7813,2014-02-28,2019-03-01,123000,137500
7814,2012-11-16,2016-04-29,112500,165000
7814,2016-04-29,2019-04-10,165000,162500
7815,2000-01-21,2013-11-29,74950,144500
7815,2013-11-29,2017-09-15,144500,158000
7816,1996-03-29,1998-10-23,43000,50500
7816,1998-10-23,2000-08-18,50500,67000
7816,2000-08-18,2007-10-18,67000,157500
7817,1998-11-13,2000-06-09,53000,72500
7817,2000-06-09,2004-06-11,72500,129950
7818,2013-06-28,2015-09-17,109000,150000
7818,2015-09-17,2018-10-26,150000,160000
7818,2018-10-26,2020-02-14,160000,175000
7819,2007-01-31,2014-06-10,138000,142000
7820,1997-12-03,1998-07-24,40000,51000
7822,2004-06-28,2023-11-16,129995,110000
7822,2023-11-16,2024-05-29,110000,165000
7824,2004-06-28,2016-06-27,132995,140000
7825,2005-02-25,2007-02-16,142500,165000
7825,2007-02-16,2021-03-15,165000,190000
7825,2021-03-15,2025-05-23,190000,203000
7827,2004-07-16,2007-12-19,122995,135000
7828,2004-07-09,2024-02-02,164995,190000
7829,2005-03-24,2018-10-17,145000,165995
7829,2018-10-17,2021-07-09,165995,163000
7829,2021-07-09,2023-10-12,163000,175000
7834,1997-11-27,2002-04-19,56000,146000
7834,2002-04-19,2005-06-21,146000,214000
7835,2000-12-04,2001-11-02,110000,135000
7835,2001-11-02,2007-05-25,135000,221000
7836,2012-10-12,2013-07-26,160200,218000
7838,2004-05-21,2009-08-12,205000,219950
7838,2009-08-12,2012-08-17,219950,230000
7838,2012-08-17,2014-06-20,230000,230000
7838,2014-06-20,2021-08-25,230000,340000
7839,1996-08-30,2003-04-11,73000,180000
7839,2003-04-11,2015-06-08,180000,290000
7839,2015-06-08,2020-09-25,290000,360000
7841,2005-03-18,2017-03-31,99950,128950
7842,1997-06-09,2000-01-14,30000,58000
7842,2000-01-14,2004-05-21,58000,108000
7842,2004-05-21,2008-09-10,108000,86798
7842,2008-09-10,2019-02-22,86798,132000
7844,1999-02-05,2001-04-27,52000,83500
7845,2000-06-16,2000-08-18,68000,79950
7845,2000-08-18,2005-09-01,79950,122500
7845,2005-09-01,2007-03-12,122500,152000
7845,2007-03-12,2017-08-25,152000,146000
7845,2017-08-25,2023-12-21,146000,190000
7846,2003-10-09,2022-11-18,115000,165000
7847,2006-02-17,2009-10-23,127000,125000
7847,2009-10-23,2017-02-03,125000,152000
7847,2017-02-03,2018-11-30,152000,180000
7847,2018-11-30,2024-05-30,180000,180000
7848,1996-04-26,2001-08-01,44000,80750
7848,2001-08-01,2004-02-20,80750,136500
7848,2004-02-20,2006-08-18,136500,135500
7848,2006-08-18,2007-08-24,135500,154000
7850,2006-05-12,2015-07-10,134500,142500
7850,2015-07-10,2018-11-02,142500,150750
7851,1998-08-19,1999-07-30,48000,70500
7851,1999-07-30,2004-02-19,70500,134500
7851,2004-02-19,2016-03-23,134500,158000
7852,1995-05-26,1999-09-03,38000,65500
7852,1999-09-03,2002-04-16,65500,83000
7853,1998-04-20,2019-05-03,50500,164500
7853,2019-05-03,2024-10-24,164500,210000
7855,2005-12-22,2015-05-06,119995,116500
7855,2015-05-06,2019-05-24,116500,133000
7856,2003-05-13,2010-11-05,87500,106500
7856,2010-11-05,2020-09-04,106500,142000
7856,2020-09-04,2024-04-18,142000,155000
7857,2009-07-31,2014-07-25,115000,127500
7857,2014-07-25,2017-02-28,127500,135000
7857,2017-02-28,2023-10-13,135000,169950
7858,2005-03-17,2020-08-11,110000,147500
7859,2002-05-01,2005-08-15,92000,125000
7859,2005-08-15,2010-03-01,125000,120000
7859,2010-03-01,2022-10-28,120000,175000
7860,1998-08-21,2006-08-25,47000,137000
7860,2006-08-25,2013-08-21,137000,140000
7860,2013-08-21,2018-02-28,140000,162000
7860,2018-02-28,2022-04-22,162000,182500
7861,1998-07-24,2002-05-13,50000,75000
7863,2002-01-11,2009-04-03,87950,115000
7863,2009-04-03,2010-05-07,115000,140000
7864,1998-08-06,2003-03-28,50000,117000
7864,2003-03-28,2007-04-20,117000,147000
7864,2007-04-20,2018-07-09,147000,157500
7865,1996-06-20,2019-03-01,38500,157000
7866,1998-11-06,2001-08-23,51500,93500
7866,2001-08-23,2003-01-17,93500,119950
7866,2003-01-17,2005-08-15,119950,130000
7866,2005-08-15,2015-09-25,130000,142000
7866,2015-09-25,2022-09-06,142000,184500
7866,2022-09-06,2026-03-16,184500,210000
7867,1996-07-05,1997-03-14,42500,46500
7867,1997-03-14,2001-09-28,46500,87500
7867,2001-09-28,2014-06-24,87500,135000
7868,1999-08-04,2004-06-23,69950,130000
7870,1997-10-13,1999-12-23,81000,105000
7870,1999-12-23,2003-09-04,105000,180000
7870,2003-09-04,2008-03-28,180000,235000
7872,1997-10-24,2003-08-19,81500,175500
7873,2002-09-13,2016-08-05,134950,308000
7875,1999-09-21,2010-05-28,90000,244000
7875,2010-05-28,2013-08-19,244000,249995
7875,2013-08-19,2023-01-09,249995,385000
7876,2011-12-15,2022-01-06,206000,390000
7885,2000-11-24,2001-03-30,95000,138000
7885,2001-03-30,2017-08-09,138000,285000
7886,2002-08-23,2009-02-04,156000,220000
7886,2009-02-04,2013-03-01,220000,212500
7886,2013-03-01,2018-07-03,212500,299950
7886,2018-07-03,2021-09-10,299950,358000
7887,1996-07-01,1998-12-18,55000,83000
7889,1997-03-17,2003-08-20,86950,195000
7890,1999-07-23,2001-06-15,99000,125000
7890,2001-06-15,2001-07-25,125000,133000
7890,2001-07-25,2003-12-23,133000,193000
7891,2004-07-08,2015-08-24,195000,315000
7891,2015-08-24,2019-01-04,315000,342500
7892,2002-06-06,2003-01-29,150000,192000
7892,2003-01-29,2005-09-02,192000,235000
7892,2005-09-02,2018-04-04,235000,350000
7892,2018-04-04,2020-10-30,350000,436500
7894,2004-03-02,2013-06-28,198000,288000
7896,2001-05-11,2025-10-02,125950,520000
7899,2013-07-30,2021-06-10,227500,585000
7904,2002-09-06,2012-03-15,167000,248000
7905,2008-07-11,2019-02-14,250000,365000
7906,1996-09-09,2000-10-24,73500,131000
7906,2000-10-24,2004-09-27,131000,192500
7906,2004-09-27,2018-05-08,192500,346000
7910,2000-09-01,2003-11-24,112000,192000
7910,2003-11-24,2024-06-19,192000,415000
7914,2020-02-05,2025-02-07,340000,395000
7915,2015-03-31,2021-03-26,305000,425000
7916,2000-04-20,2009-12-15,230000,560000
7917,1998-07-31,2025-06-26,287500,910000
7921,2001-09-21,2004-04-08,115000,370000
7924,2004-02-18,2012-12-07,228500,289950
7926,2005-10-06,2014-04-25,237000,317500
7927,1996-04-24,1997-07-01,91000,107000
7928,2013-10-28,2023-05-26,449950,860000
7930,1996-04-26,2020-07-17,83750,397000
7931,2007-08-20,2019-10-23,302000,145000
7933,2018-03-29,2021-10-01,291500,530000
7934,2001-12-20,2002-11-15,185000,400000
7934,2002-11-15,2021-07-30,400000,740000
7939,2015-10-23,2017-05-26,260000,780000
7942,2004-02-11,2025-03-19,435000,400000
7943,2003-11-27,2025-10-02,395000,845000
7944,2005-08-12,2006-05-31,210000,227500
7946,1999-01-29,2005-07-06,86000,225000
7950,2000-06-16,2011-08-24,121500,234000
7951,1999-08-13,2024-12-05,45000,335000
7953,1995-05-05,2016-09-21,57000,218000
7953,2016-09-21,2024-11-27,218000,325000
7955,2001-03-30,2002-11-08,100000,160000
7955,2002-11-08,2004-08-17,160000,207000
7955,2004-08-17,2010-08-17,207000,207000
7956,2006-06-16,2025-03-07,209500,365000
7959,2005-09-06,2014-09-25,185000,250000
7960,1997-10-08,2001-03-15,66000,92000
7960,2001-03-15,2025-09-23,92000,340000
7965,2003-12-05,2020-08-28,240000,400000
7965,2020-08-28,2024-01-03,400000,515000
7968,1997-05-19,2025-03-07,67500,325000
7971,1996-07-23,2013-08-19,68000,200000
7971,2013-08-19,2024-04-26,200000,275000
7972,2002-11-25,2005-06-24,159995,179000
7972,2005-06-24,2011-04-11,179000,207500
7972,2011-04-11,2015-07-15,207500,237500
7972,2015-07-15,2021-03-04,237500,300000
7973,2007-03-09,2007-12-03,177000,226500
7973,2007-12-03,2014-12-02,226500,250000
7973,2014-12-02,2025-08-11,250000,342500
7974,1997-11-28,2022-10-31,74000,425000
7975,1996-05-03,2005-10-07,65000,182500
7976,1996-06-28,1999-06-02,63000,91000
7976,1999-06-02,2001-11-30,91000,137000
7977,2002-03-15,2003-10-10,148000,179950
7977,2003-10-10,2025-03-17,179950,410000
7981,2001-10-12,2002-12-12,92500,155000
7982,2000-02-16,2009-06-24,99995,195000
7982,2009-06-24,2019-10-11,195000,325000
7984,2006-10-24,2018-10-05,225000,285000
7984,2018-10-05,2022-12-16,285000,420000
7986,2009-09-24,2014-08-13,192500,260000
7989,2011-07-29,2013-05-17,178500,227500
7989,2013-05-17,2024-10-25,227500,320000
7991,2001-08-03,2003-06-05,112500,157500
7991,2003-06-05,2006-04-28,157500,189950
7991,2006-04-28,2014-08-01,189950,237500
7991,2014-08-01,2020-11-11,237500,297500
7992,1996-04-23,2025-01-16,66000,380000
7996,1996-05-29,2003-09-12,66500,163000
7996,2003-09-12,2016-12-16,163000,257500
7997,1995-08-31,2006-04-28,67000,31000
7998,1997-04-30,1997-07-10,96500,98000
7998,1997-07-10,2001-08-23,98000,148000
7998,2001-08-23,2006-11-15,148000,275000
7999,2009-02-10,2013-04-03,210000,240000
7999,2013-04-03,2018-12-12,240000,372500
8000,2008-06-24,2009-12-02,125000,200000
8001,1998-02-19,2000-01-07,84950,104250
8003,2008-07-28,2015-07-02,168000,259500
8003,2015-07-02,2020-09-11,259500,330000
8004,2016-02-25,2020-11-12,244000,347000
8005,2008-03-20,2008-08-08,210000,180000
8006,2011-11-17,2018-11-02,184000,304000
8015,1995-12-11,1999-06-11,57000,78500
8015,1999-06-11,2009-07-31,78500,164950
8016,1999-03-26,2007-05-17,68500,190000
8017,2001-04-26,2006-07-27,83500,178000
8017,2006-07-27,2016-08-05,178000,230000
8018,1998-05-14,2002-08-08,73000,139950
8019,1999-06-24,2012-10-03,83000,200000
8020,1995-05-30,1996-12-23,63000,68000
8025,1998-06-19,2004-05-13,94000,222500
8025,2004-05-13,2020-09-04,222500,340000
8025,2020-09-04,2023-08-14,340000,380000
8026,1995-07-24,2012-04-20,63000,240000
8027,1998-12-16,2018-05-04,87500,338000
8028,2000-01-28,2002-06-14,99500,139950
8029,2003-02-28,2003-02-28,137500,137500
8030,1998-03-13,2009-06-09,79500,175000
8030,2009-06-09,2009-06-29,175000,188000
8031,2009-08-26,2011-07-22,225000,232800
8031,2011-07-22,2018-09-25,232800,375000
8032,1997-05-23,1998-10-02,71500,83950
8033,1999-08-20,2011-06-29,72000,206500
8033,2011-06-29,2013-01-18,206500,200000
8035,2005-12-29,2006-07-18,167000,204950
8036,2001-11-09,2010-10-29,123000,208000
8043,2004-07-29,2007-05-18,179950,220000
8043,2007-05-18,2017-02-10,220000,248750
8045,1995-01-06,1996-06-21,69000,70000
8045,1996-06-21,1997-06-20,70000,72000
8046,1996-11-22,2005-07-28,59950,185000
8047,1995-09-29,2014-09-12,23500,225000
8047,2014-09-12,2015-11-11,225000,257450
8047,2015-11-11,2016-09-29,257450,265000
8048,2021-03-08,2022-11-02,290000,396000
8049,2010-02-15,2023-04-20,154000,305000
8052,1998-12-04,2013-09-06,69500,160000
8052,2013-09-06,2014-09-19,160000,191250
8052,2014-09-19,2017-03-20,191250,246500
8054,2013-12-12,2016-05-23,183500,248000
8054,2016-05-23,2025-05-15,248000,370000
8056,1997-09-05,2023-03-03,76500,287000
8056,2023-03-03,2024-08-02,287000,485000
8060,1997-06-27,2021-02-19,86000,374000
8061,2010-11-12,2015-12-18,190000,283000
8064,2018-02-23,2022-02-25,255000,375000
8067,2002-08-13,2016-08-15,132000,230000
8068,2002-12-06,2023-09-01,132000,300000
8069,2002-08-30,2014-02-21,135000,182000
8072,2009-08-03,2016-11-30,140000,232500
8073,1995-07-07,2000-02-18,54000,84500
8073,2000-02-18,2000-12-06,84500,93000
8074,1999-06-29,2004-02-16,74950,155000
8076,2002-04-12,2010-11-24,106500,180000
8076,2010-11-24,2013-07-19,180000,216500
8077,2002-07-19,2014-10-06,134500,195000
8078,2004-09-24,2007-07-27,168600,199950
8078,2007-07-27,2023-03-21,199950,290000
8080,1997-11-14,2018-10-05,60000,380000
8081,2002-05-10,2002-08-02,110000,134000
8082,2006-08-16,2015-05-14,228000,257500
8082,2015-05-14,2024-02-23,257500,475000
8083,1999-09-10,2016-03-10,96000,260000
8084,1996-11-29,2001-03-30,89000,189000
8084,2001-03-30,2003-10-15,189000,240000
8087,1997-05-02,2020-12-04,76000,285000
8088,2008-11-14,2016-02-16,146750,220000
8088,2016-02-16,2018-10-01,220000,245000
8088,2018-10-01,2024-02-14,245000,345000
8091,2003-11-21,2019-05-17,175000,278000
8092,1996-12-11,2004-07-07,70000,198000
8094,1996-10-25,1999-12-17,61000,85000
8095,2005-01-07,2021-03-31,220000,420000
8097,2001-05-18,2009-12-18,126000,205000
8103,2012-11-23,2016-07-20,163000,230000
8103,2016-07-20,2024-11-29,230000,295000
8106,1997-07-01,2000-10-20,71000,106500
8106,2000-10-20,2003-07-30,106500,139950
8110,2018-06-15,2022-09-30,265000,328000
8111,2023-03-17,2024-07-31,2488977,325000
8114,2009-02-05,2016-03-31,180000,235000
8115,2009-04-22,2012-10-26,230000,244000
8115,2012-10-26,2014-11-10,244000,250000
8115,2014-11-10,2020-06-02,250000,380000
8116,1997-12-02,1999-07-16,72500,79500
8116,1999-07-16,2003-06-20,79500,188000
8117,1996-02-09,2002-04-19,49000,115000
8117,2002-04-19,2015-08-12,115000,265995
8119,1997-03-07,2007-05-31,53500,196500
8119,2007-05-31,2016-11-25,196500,252500
8119,2016-11-25,2024-10-18,252500,342000
8120,1997-11-14,2006-01-13,63000,174000
8120,2006-01-13,2006-10-26,174000,195000
8120,2006-10-26,2016-12-02,195000,267500
8121,1995-08-11,2003-07-23,55500,144500
8121,2003-07-23,2004-07-23,144500,174950
8121,2004-07-23,2011-09-30,174950,185000
8121,2011-09-30,2018-02-19,185000,253000
8122,1999-12-03,2005-01-10,88500,173000
8122,2005-01-10,2009-09-01,173000,175000
8123,2001-10-31,2007-06-05,35000,190000
8123,2007-06-05,2017-12-14,190000,285000
8125,1998-10-23,2008-12-17,76000,220000
8125,2008-12-17,2014-08-29,220000,260000
8126,1995-07-24,1999-05-28,58000,80500
8126,1999-05-28,2001-02-02,80500,94000
8126,2001-02-02,2003-11-28,94000,162000
8126,2003-11-28,2007-06-21,162000,205000
8126,2007-06-21,2014-06-04,205000,250000
8126,2014-06-04,2021-12-17,250000,335500
8127,1998-02-12,1998-06-26,55100,78000
8127,1998-06-26,2003-12-19,78000,165000
8127,2003-12-19,2013-04-19,165000,195500
8127,2013-04-19,2022-08-01,195500,381500
8128,1995-07-07,1997-11-07,52000,49000
8128,1997-11-07,2002-09-19,49000,167500
8128,2002-09-19,2022-06-30,167500,320000
8129,2002-07-01,2013-09-13,153000,215000
8129,2013-09-13,2022-01-14,215000,317500
8130,2001-02-02,2013-07-26,112000,225000
8130,2013-07-26,2018-05-25,225000,290000
8130,2018-05-25,2022-10-07,290000,365750
8131,2002-04-30,2002-10-04,83000,138000
8131,2002-10-04,2004-03-01,138000,143000
8131,2004-03-01,2007-07-12,143000,210000
8131,2007-07-12,2014-03-25,210000,135000
8132,1998-04-14,2003-12-19,61950,136000
8132,2003-12-19,2019-03-08,136000,215000
8133,2001-06-29,2016-11-16,91000,177500
8136,1999-06-01,2003-12-10,70000,125000
8136,2003-12-10,2006-02-24,125000,145000
8136,2006-02-24,2006-06-30,145000,172000
8138,1996-12-06,1998-06-12,50000,84000
8138,1998-06-12,2014-03-21,84000,191000
8140,2004-07-02,2006-06-30,140000,142000
8142,2008-03-26,2023-03-06,200000,315230
8144,1999-06-04,2002-05-20,55500,110000
8144,2002-05-20,2007-08-30,110000,175500
8144,2007-08-30,2016-05-24,175500,190000
8144,2016-05-24,2020-11-06,190000,248750
8145,2000-02-25,2005-11-11,88500,164000
8145,2005-11-11,2021-01-15,164000,186000
8145,2021-01-15,2023-07-07,186000,256000
8147,1995-04-13,1999-11-26,54000,83000
8147,1999-11-26,2004-02-27,83000,160000
8147,2004-02-27,2009-07-08,160000,167500
8147,2009-07-08,2016-07-08,167500,207000
8147,2016-07-08,2021-09-20,207000,250000
8148,2002-08-30,2006-06-08,107000,154000
8150,2011-12-20,2015-10-26,146000,195000
8151,1997-02-05,2020-12-17,74000,350000
8154,1995-09-21,1998-11-04,45000,83500
8157,2003-09-01,2015-10-02,134000,200000
8158,2004-01-30,2016-01-22,140000,225000
8159,1996-08-23,2021-10-15,54000,245000
8160,1999-09-30,2006-09-01,72500,181000
8161,2006-06-13,2017-06-23,177500,300000
8161,2017-06-23,2019-12-03,300000,300000
8162,2005-08-18,2025-05-15,180000,350000
8163,2002-10-18,2021-04-21,106000,300000
8165,1997-09-05,2003-06-20,59950,132000
8165,2003-06-20,2006-07-24,132000,154000
8165,2006-07-24,2015-08-07,154000,203000
8166,1999-02-26,1999-07-30,40000,75000
8166,1999-07-30,2009-12-07,75000,167000
8167,1999-02-25,2005-07-13,58000,146000
8167,2005-07-13,2015-02-20,146000,191500
8167,2015-02-20,2017-03-31,191500,202500
8168,1998-11-30,2002-10-10,65500,130000
8168,2002-10-10,2007-10-09,130000,190000
8168,2007-10-09,2017-02-17,190000,190000
8168,2017-02-17,2017-04-07,190000,183000
8168,2017-04-07,2020-11-27,183000,200000
8169,1997-06-18,1999-09-22,46000,65000
8169,1999-09-22,2001-06-11,65000,82000
8169,2001-06-11,2002-03-28,82000,92500
8169,2002-03-28,2003-06-16,92500,120000
8169,2003-06-16,2005-09-14,120000,135000
8169,2005-09-14,2011-03-28,135000,152000
8169,2011-03-28,2024-04-08,152000,235000
8170,1999-08-27,2003-08-21,71000,132500
8170,2003-08-21,2015-03-02,132500,152500
8170,2015-03-02,2015-12-04,152500,205000
8171,1996-07-12,2000-11-21,46500,78500
8171,2000-11-21,2002-03-15,78500,92000
8171,2002-03-15,2002-09-06,92000,109950
8172,2021-12-10,2023-01-30,225000,425000
8173,2001-08-03,2005-09-09,82500,130000
8173,2005-09-09,2023-07-03,130000,257500
8175,1997-07-10,2008-07-18,71500,207000
8175,2008-07-18,2011-03-25,207000,190000
8176,2006-10-24,2021-05-21,163000,315000
8181,2002-09-27,2020-12-16,123000,250000
8182,1996-12-06,2008-01-18,59200,170500
8182,2008-01-18,2017-02-06,170500,216250
8182,2017-02-06,2022-04-29,216250,300000
8185,2002-06-14,2014-09-05,95000,216000
8186,2001-11-28,2005-10-21,90000,148000
8186,2005-10-21,2016-07-13,148000,190000
8186,2016-07-13,2019-09-20,190000,235500
8186,2019-09-20,2025-09-05,235500,310000
8187,1999-03-23,2007-08-24,64500,175000
8187,2007-08-24,2014-02-24,175000,189500
8188,1995-08-31,2003-10-31,57000,139950
8190,2004-02-06,2006-04-12,140000,159000
8192,2000-06-09,2002-12-05,57000,127000
8193,1996-05-03,2004-09-14,59995,196000
8195,2004-09-10,2006-11-30,215000,267000
8198,2006-06-15,2025-05-02,186000,350000
8199,2004-05-28,2020-10-16,173000,307500
8202,2006-11-24,2019-04-08,184450,285000
8203,2002-09-27,2019-03-13,150000,260000
8206,2013-05-16,2024-01-03,190000,390000
8207,1997-04-16,2004-04-23,71500,163500
8207,2004-04-23,2010-05-07,163500,199950
8207,2010-05-07,2021-06-30,199950,322000
8208,2000-02-18,2010-10-05,114000,235000
8210,2017-04-21,2023-06-16,280000,385000
8215,2002-03-28,2015-02-03,106000,215000
8217,2001-10-05,2006-02-03,114000,180000
8218,1997-08-22,2002-06-28,70000,135000
8219,1999-02-24,2005-07-28,70500,156000
8219,2005-07-28,2024-04-08,156000,300000
8220,1999-11-05,2015-02-18,78950,195000
8221,2000-04-28,2005-11-21,87500,157000
8221,2005-11-21,2014-02-07,157000,178500
8221,2014-02-07,2022-12-02,178500,282000
8222,2019-05-03,2025-01-13,255000,300000
8226,2005-06-27,2011-01-28,85000,158500
8226,2011-01-28,2018-03-23,158500,220000
8226,2018-03-23,2024-03-15,220000,290000
8228,1998-11-20,2003-07-18,60000,135000
8228,2003-07-18,2007-11-30,135000,190000
8228,2007-11-30,2017-08-25,190000,229950
8230,2000-12-08,2002-11-22,102500,142500
8230,2002-11-22,2020-07-17,142500,292000
8231,1995-07-07,2004-04-16,52000,158000
8231,2004-04-16,2011-08-19,158000,195000
8237,2008-08-01,2013-06-26,272500,285500
8240,1997-02-12,2006-12-11,83000,265500
8241,2018-01-31,2025-03-07,199950,290000
8242,2021-02-05,2021-09-28,200000,303000
8244,1997-07-01,2001-08-24,55000,105000
8244,2001-08-24,2004-07-30,105000,177500
8249,2002-03-27,2011-09-09,127000,195000
8250,2013-08-16,2021-02-15,175000,249000
8251,2002-12-23,2019-12-13,139950,238000
8252,2002-12-06,2004-04-30,120000,149000
8252,2004-04-30,2020-10-30,149000,238000
8252,2020-10-30,2021-10-15,238000,305000
8254,2001-07-31,2005-01-23,101000,150000
8254,2005-01-23,2007-03-07,150000,190000
8254,2007-03-07,2009-08-24,190000,188000
8254,2009-08-24,2015-10-16,188000,225000
8254,2015-10-16,2025-10-03,225000,336500
8259,2001-04-09,2001-09-21,85000,111000
8259,2001-09-21,2019-10-14,111000,230000
8262,2019-03-29,2025-01-07,263000,390000
8264,2004-08-10,2015-04-28,240000,200000
8265,2002-07-19,2006-08-25,170000,170000
8266,1996-10-28,2005-12-12,42000,110000
8266,2005-12-12,2006-05-31,110000,111000
8268,2001-09-03,2006-10-20,87500,119000
8270,1995-08-24,1999-04-07,53000,47500
8270,1999-04-07,2005-12-02,47500,117000
8270,2005-12-02,2020-09-04,117000,152000
8270,2020-09-04,2025-12-05,152000,190000
8272,2015-08-20,2016-03-31,137000,145000
8272,2016-03-31,2022-11-03,145000,195000
8272,2022-11-03,2025-08-13,195000,207500
8276,2000-07-28,2002-09-20,131000,150000
8276,2002-09-20,2018-03-09,150000,285000
8277,2000-12-15,2016-07-15,208500,340000
8278,2000-07-28,2002-07-26,132950,180000
8279,2000-06-23,2001-07-13,189950,215000
8279,2001-07-13,2015-06-19,215000,338000
8280,2000-09-08,2004-09-30,131000,227500
8280,2004-09-30,2011-02-11,227500,245000
8280,2011-02-11,2018-12-13,245000,312000
8281,2000-05-26,2004-01-23,189000,248000
8281,2004-01-23,2007-04-20,248000,292000
8281,2007-04-20,2014-10-31,292000,342000
8282,2000-08-18,2002-03-11,130000,145000
8283,2000-06-30,2001-07-31,198500,222000
8283,2001-07-31,2003-08-22,222000,249995
8283,2003-08-22,2004-09-03,249995,285000
8283,2004-09-03,2020-10-27,285000,350000
8284,2000-11-24,2013-05-03,123000,190000
8284,2013-05-03,2015-01-08,190000,245000
8285,2000-06-30,2006-03-14,185000,288500
8285,2006-03-14,2008-05-21,288500,307500
8285,2008-05-21,2014-12-17,307500,330000
8285,2014-12-17,2021-05-28,330000,350000
8286,2000-07-31,2010-08-20,131950,225000
8287,2000-11-30,2005-11-04,179000,269950
8287,2005-11-04,2010-07-23,269950,282500
8288,2001-06-25,2011-01-26,110000,155000
8288,2011-01-26,2021-08-16,155000,185000
8288,2021-08-16,2023-11-03,185000,205000
8289,2017-12-05,2022-05-23,171000,205000
8289,2022-05-23,2024-05-17,205000,222500
8290,2001-06-29,2004-05-28,106495,156500
8290,2004-05-28,2006-12-21,156500,166500
8290,2006-12-21,2014-11-14,166500,156000
8291,2001-04-30,2015-04-30,110995,167000
8292,2001-06-01,2004-07-02,108950,151000
8292,2004-07-02,2021-12-20,151000,178000
8292,2021-12-20,2025-07-18,178000,203000
8293,2001-06-12,2002-06-21,121000,133500
8293,2002-06-21,2018-11-09,133500,183000
8293,2018-11-09,2025-03-27,183000,201000
8294,2001-06-28,2004-10-01,106995,150000
8294,2004-10-01,2019-10-17,150000,164000
8295,2016-11-10,2022-02-15,165000,210000
8296,2001-06-18,2002-04-26,115000,129950
8296,2002-04-26,2005-09-09,129950,156000
8296,2005-09-09,2025-06-11,156000,220000
8297,2011-01-22,2014-03-28,147000,159000
8298,2004-12-10,2024-02-16,151000,218000
8299,2001-05-18,2007-01-18,120000,169750
8299,2007-01-18,2015-05-26,169750,178000
8299,2015-05-26,2024-07-31,178000,214000
8300,2005-10-28,2016-01-05,152500,180000
8302,2001-04-30,2024-09-27,110000,212000
8303,2000-12-19,2018-02-19,189950,220000
8304,2001-07-31,2023-11-24,179995,168000
8304,2023-11-24,2024-02-16,168000,220000
8305,2010-05-07,2014-10-23,245000,330000
8305,2014-10-23,2018-07-06,330000,395000
8306,2005-03-31,2018-01-05,215000,320000
8308,1999-02-17,2016-03-31,95000,350000
8308,2016-03-31,2025-11-07,350000,531000
8314,1996-04-01,2014-05-30,57000,272500
8315,1997-03-07,1999-09-16,79950,97500
8316,1997-06-20,2014-09-29,57750,275000
8318,2018-09-27,2024-12-04,372000,470000
8323,1995-05-31,2007-02-02,74200,235000
8324,1995-06-30,2024-07-12,83500,415000
8326,2017-04-05,2025-07-23,285000,415000
8330,2020-12-11,2023-01-27,280000,475000
8337,1997-09-30,2000-07-07,87500,135000
8337,2000-07-07,2012-07-02,135000,250000
8337,2012-07-02,2025-07-16,250000,475000
8340,2015-12-14,2024-10-03,243000,315000
8341,2003-09-12,2019-06-28,148500,319000
8341,2019-06-28,2022-07-22,319000,450000
8341,2022-07-22,2025-12-08,450000,447000
8345,2007-08-24,2019-10-15,204950,310000
8347,1997-04-18,2006-08-18,68500,212000
8348,2004-01-30,2020-02-14,90670,265000
8350,1999-07-26,2004-02-06,106000,180000
8351,1995-02-17,1998-03-06,54500,74950
8353,2006-03-31,2018-07-04,172000,255000
8353,2018-07-04,2024-05-03,255000,290000
8354,2020-08-25,2025-10-24,215000,385000
8358,2001-03-16,2007-08-01,115000,234000
8359,1998-06-19,2003-07-18,86500,160000
8359,2003-07-18,2010-04-14,160000,210000
8359,2010-04-14,2025-03-31,210000,375000
8360,1999-05-07,2000-04-28,89000,105000
8360,2000-04-28,2009-05-05,105000,175000
8360,2009-05-05,2017-12-14,175000,300000
8366,1999-07-26,2007-02-28,85000,229450
8367,2016-02-29,2017-02-03,203250,286500
8368,2004-07-01,2011-09-30,165000,225000
8369,2002-09-11,2007-08-03,139000,208000
8369,2007-08-03,2012-11-22,208000,220000
8370,2014-10-23,2019-08-09,235000,270000
8372,2003-11-28,2009-12-04,85000,182000
8376,2016-07-29,2025-02-18,150000,450000
8378,2001-02-05,2015-05-15,97000,225000
8378,2015-05-15,2025-01-31,225000,330000
8379,2020-03-18,2025-09-05,260000,367500
8386,2005-04-13,2013-05-17,172400,210000
8393,2001-11-07,2004-07-05,97500,185950
8393,2004-07-05,2023-12-07,185950,315000
8396,1996-04-01,2000-06-30,67500,95500
8396,2000-06-30,2009-06-19,95500,175000
8396,2009-06-19,2012-09-28,175000,196000
8397,1997-02-12,2000-08-15,68000,118000
8397,2000-08-15,2004-11-08,118000,168000
8397,2004-11-08,2016-10-06,168000,260000
8397,2016-10-06,2024-07-29,260000,365000
8398,2001-01-29,2023-03-22,140000,452000
8399,1997-07-31,2001-09-14,92500,142500
8401,1998-08-07,2005-12-09,85000,207000
8401,2005-12-09,2022-03-11,207000,300000
8408,1998-05-22,2025-06-26,87250,510000
8409,2014-11-20,2023-06-01,250000,359000
8411,2015-08-04,2024-01-16,232000,365000
8415,1997-01-06,2014-02-07,67950,306100
8417,2011-04-06,2013-09-03,190000,215000
8418,2013-07-29,2016-07-25,274000,337300
8419,1996-06-28,2000-09-15,69000,124000
8419,2000-09-15,2006-11-29,124000,220000
8420,2011-02-18,2014-11-07,177000,250000
8420,2014-11-07,2022-07-29,250000,379000
8421,2007-05-25,2023-07-24,310000,445000
8426,2018-04-11,2020-03-13,280000,375000
8427,2012-02-17,2012-08-30,214000,260000
8427,2012-08-30,2019-03-18,260000,363000
8430,1996-11-29,2018-08-14,90000,372500
8430,2018-08-14,2018-08-14,372500,372500
8432,1996-05-29,2004-04-30,62500,225000
8432,2004-04-30,2007-02-22,225000,262000
8432,2007-02-22,2017-08-18,262000,365000
8433,1999-09-28,2005-05-27,105000,226000
8433,2005-05-27,2018-06-27,226000,356500
8433,2018-06-27,2024-09-11,356500,425000
8437,2005-08-31,2016-02-29,235000,350000
8437,2016-02-29,2019-04-11,350000,385000
8438,1995-02-16,1996-05-31,77000,81000
8438,1996-05-31,2022-11-28,81000,617000
8440,2004-05-04,2014-05-16,248000,440000
8441,2013-12-02,2016-09-28,279950,333000
8450,2006-01-19,2017-02-10,249000,323500
8452,1997-06-13,2000-10-20,72000,124000
8452,2000-10-20,2002-05-10,124000,128000
8453,1996-11-11,2010-04-08,68000,230000
8455,1999-07-09,2021-02-26,87500,293000
8459,2001-04-06,2003-04-16,54000,85000
8459,2003-04-16,2012-01-27,85000,117000
8469,1999-05-28,2020-04-23,94500,323000
8470,1999-03-29,2025-07-24,60000,380000
8474,2001-02-05,2008-05-23,65000,120000
8478,2022-02-25,2025-04-22,250000,248750
8480,2004-06-11,2018-08-07,163500,345000
8480,2018-08-07,2021-03-05,345000,377500
8490,2020-01-31,2023-07-03,740995,675000
8495,2024-01-24,2025-10-17,265000,260000
8503,2023-09-14,2024-09-13,322950,345000
8508,2023-12-08,2025-10-28,395000,395000
8514,2023-12-19,2025-11-26,619995,630000
8522,1997-02-05,2001-08-30,83000,154000
8524,1995-02-24,1999-07-16,76000,103500
8524,1999-07-16,2006-07-18,103500,210000
8527,2004-06-18,2013-05-31,259950,275000
8528,2010-09-03,2014-08-15,247000,300000
8528,2014-08-15,2025-09-05,300000,466000
8530,1996-08-30,1999-11-05,75500,102000
8530,1999-11-05,2001-11-19,102000,144000
8530,2001-11-19,2002-09-27,144000,230000
8530,2002-09-27,2023-11-30,230000,325000
8532,1997-12-05,2010-11-09,89000,210000
8532,2010-11-09,2020-08-14,210000,320000
8534,1996-05-29,2002-09-16,69000,150000
8537,1998-07-17,2002-03-22,82000,125000
8538,1999-09-20,2004-10-29,88000,212000
8539,1995-03-31,1998-10-12,66000,79500
8539,1998-10-12,2002-03-28,79500,129950
8539,2002-03-28,2014-08-15,129950,237000
8539,2014-08-15,2018-07-09,237000,282000
8540,2001-12-11,2009-06-04,151000,145000
8542,1997-07-11,2000-09-13,45000,57000
8542,2000-09-13,2003-04-17,57000,95000
8545,2000-10-20,2003-08-07,95000,156000
8546,2001-09-03,2024-12-19,110000,335000
8547,2009-10-16,2015-05-05,115000,143500
8549,2005-07-08,2008-09-05,120000,95000
8549,2008-09-05,2009-12-07,95000,139950
8549,2009-12-07,2024-12-10,139950,220000
8553,2000-08-25,2008-06-27,98000,192000
8556,1995-09-28,1999-05-19,279936,354750
8557,1995-09-28,1999-05-19,250872,354750
8558,2004-07-29,2017-12-15,900000,1689000
8558,2017-12-15,2024-02-16,1689000,2700000
8559,2013-10-15,2014-11-28,170000,328030
8559,2014-11-28,2017-02-28,328030,349000
8560,2008-07-07,2011-10-12,200000,242000
8561,1999-04-08,2002-03-07,104000,179950
8561,2002-03-07,2008-07-07,179950,245000
8561,2008-07-07,2016-01-28,245000,315000
8561,2016-01-28,2021-01-20,315000,415000
8563,2000-03-24,2001-04-12,90250,175000
8563,2001-04-12,2006-05-25,175000,245000
8563,2006-05-25,2008-01-23,245000,275000
8563,2008-01-23,2022-12-20,275000,355000
8564,2007-08-24,2013-01-24,219000,375000
8566,2000-10-06,2003-01-31,67000,92000
8566,2003-01-31,2009-12-04,92000,127500
8566,2009-12-04,2013-01-18,127500,134000
8566,2013-01-18,2018-03-19,134000,132000
8566,2018-03-19,2023-03-27,132000,180000
8566,2023-03-27,2024-04-12,180000,181000
8566,2024-04-12,2025-09-12,181000,189950
8567,1996-09-16,1997-02-07,26000,62000
8567,1997-02-07,2003-06-30,62000,134000
8567,2003-06-30,2007-02-16,134000,185000
8567,2007-02-16,2012-08-30,185000,160000
8567,2012-08-30,2017-01-31,160000,180000
8567,2017-01-31,2024-03-07,180000,230000
8568,1995-10-10,2003-12-16,160000,315000
8568,2003-12-16,2010-02-03,315000,465000
8569,1997-11-18,2002-09-13,77750,182000
8570,1995-10-25,1996-02-05,42750,69550
8574,2017-01-11,2022-08-19,215000,360000
8575,1999-07-05,2004-12-15,109950,205000
8576,1996-04-04,1997-12-23,54950,70000
8576,1997-12-23,2001-07-04,70000,112000
8576,2001-07-04,2002-10-15,112000,155000
8576,2002-10-15,2016-03-21,155000,177000
8577,2004-09-21,2017-04-20,114000,80000
8578,1995-03-03,2002-11-27,60000,97000
8578,2002-11-27,2019-12-04,97000,99950
8582,2005-05-24,2014-06-06,129950,122500
8583,2002-04-17,2004-04-23,90000,84000
8583,2004-04-23,2016-12-09,84000,72000
8584,2009-08-25,2020-06-24,120000,105000
8584,2020-06-24,2025-04-16,105000,180000
8585,2016-06-23,2020-02-17,126000,130000
8586,1998-10-02,2012-04-27,85000,119950
8586,2012-04-27,2015-08-27,119950,130000
8586,2015-08-27,2021-03-29,130000,120000
8586,2021-03-29,2025-07-18,120000,158000
8587,2000-08-11,2024-12-20,98000,150000
8588,2008-01-18,2021-03-15,140000,100000
8589,2014-09-17,2017-11-22,116000,156000
8589,2017-11-22,2021-03-29,156000,160000
8589,2021-03-29,2026-01-12,160000,137500
8590,2000-12-01,2009-09-16,100000,109950
8592,2007-03-16,2011-02-18,145000,115000
8593,2000-02-11,2007-07-12,84950,147000
8593,2007-07-12,2012-05-25,147000,121000
8593,2012-05-25,2015-03-06,121000,124995
8594,2018-04-19,2020-08-12,137500,135000
8595,1998-12-18,2016-11-18,93000,125000
8595,2016-11-18,2022-11-09,125000,147500
8596,1995-03-31,1999-12-09,55000,48000
8596,1999-12-09,2007-11-28,48000,109000
8597,2010-12-08,2025-03-31,118000,170000
8600,2004-10-05,2007-08-08,126000,168000
8600,2007-08-08,2016-10-21,168000,135000
8601,2021-04-01,2024-07-31,85000,90000
8602,2005-07-01,2019-11-28,127500,109000
8602,2019-11-28,2026-01-09,109000,138500
8604,1998-11-09,2014-07-18,54000,92500
8604,2014-07-18,2023-11-24,92500,75000
8605,2010-07-02,2019-07-12,100000,128000
8606,1997-02-28,2002-05-10,69500,110000
8609,2011-07-01,2018-04-11,100000,130000
8609,2018-04-11,2024-05-17,130000,96000
8610,2010-11-02,2019-03-20,115000,110000
8612,1999-06-07,2011-08-11,88000,119950
8612,2011-08-11,2024-09-20,119950,135000
8613,1996-06-24,1996-10-23,95950,65000
8613,1996-10-23,2000-11-27,65000,102500
8613,2000-11-27,2004-02-27,102500,135000
8613,2004-02-27,2005-08-05,135000,135000
8613,2005-08-05,2006-10-27,135000,150000
8615,1999-07-20,2020-09-25,77000,109950
8616,2003-08-06,2006-08-23,420000,590000
8617,1996-08-22,2010-09-28,240000,700000
8617,2010-09-28,2021-06-23,700000,1410000
8618,2003-08-29,2004-04-02,292000,490000
8618,2004-04-02,2010-09-07,490000,625000
8618,2010-09-07,2013-05-10,625000,655000
8622,2011-03-24,2022-12-02,136000,240000
8625,1997-07-25,2016-03-31,65950,153000
8625,2016-03-31,2017-09-07,153000,179950
8627,2000-10-31,2009-01-12,88000,135000
8627,2009-01-12,2022-04-14,135000,250000
8629,2004-01-12,2005-09-09,129000,137500
8629,2005-09-09,2008-07-09,137500,160000
8630,1997-07-25,2001-05-31,56500,102500
8630,2001-05-31,2008-02-15,102500,157500
8630,2008-02-15,2021-03-05,157500,195000
8630,2021-03-05,2024-08-14,195000,200500
8632,1997-05-20,2021-07-21,57499,227000
8636,2004-01-05,2006-06-16,134500,147500
8636,2006-06-16,2024-07-30,147500,188000
8637,1995-07-26,1999-02-26,49000,73000
8637,1999-02-26,2004-07-21,73000,153000
8638,2012-03-30,2016-06-21,138500,183500
8638,2016-06-21,2024-04-09,183500,235000
8638,2024-04-09,2026-03-03,235000,225000
8643,1998-07-17,2023-01-09,210000,1200000
8646,2007-08-31,2025-11-28,201950,105000
8647,2004-07-30,2012-10-26,196450,140000
8647,2012-10-26,2013-07-15,140000,143000
8647,2013-07-15,2018-05-18,143000,140000
8648,2006-05-26,2015-09-18,208450,145000
8648,2015-09-18,2025-05-30,145000,113000
8649,2006-05-12,2009-02-20,185000,135000
8650,2004-05-26,2017-03-28,186450,140000
8650,2017-03-28,2019-09-27,140000,91000
8651,2006-08-25,2018-01-05,211450,140000
8652,2004-07-02,2010-11-12,201450,135000
8652,2010-11-12,2015-06-05,135000,117500
8652,2015-06-05,2022-09-26,117500,107000
8653,2005-10-21,2025-10-23,185000,95000
8654,2004-05-12,2013-08-16,268950,210000
8655,2016-03-16,2022-12-20,125000,115000
8656,2005-02-25,2009-10-30,170000,149950
8656,2009-10-30,2024-07-22,149950,84000
8657,2009-05-29,2021-05-24,159950,64500
8657,2021-05-24,2024-11-13,64500,93000
8658,2006-04-21,2011-06-07,241450,210000
8658,2011-06-07,2025-02-28,210000,160000
8660,2013-02-04,2018-09-10,117000,118000
8662,2008-07-18,2012-05-08,198450,132000
8662,2012-05-08,2024-12-18,132000,95000
8664,2003-11-14,2015-12-17,175450,65000
8665,2004-09-22,2010-01-22,231450,165000
8665,2010-01-22,2023-08-14,165000,115000
8666,2004-10-11,2013-02-28,281950,238000
8667,2005-08-26,2013-12-12,170450,125000
8668,2006-11-28,2011-05-09,185000,136500
8668,2011-05-09,2017-08-17,136500,148000
8668,2017-08-17,2024-02-13,148000,100000
8669,2007-08-24,2017-04-04,221950,137500
8670,2004-02-27,2017-04-04,190000,150000
8670,2017-04-04,2026-03-02,150000,112000
8671,2007-04-24,2016-03-31,170250,130000
8671,2016-03-31,2022-12-21,130000,115000
8672,2007-04-24,2014-09-19,169750,142000
8673,2007-06-27,2022-02-25,214450,97500
8674,2004-08-31,2015-09-28,269950,230000
8675,2006-02-24,2023-05-22,263950,130000
8679,2009-10-09,2018-01-30,156300,100000
8680,2005-11-25,2016-06-30,239950,160000
8681,2005-01-28,2017-09-19,177450,75000
8682,2008-02-29,2021-12-20,186950,102000
8683,2006-01-11,2009-12-14,249950,212000
8684,2004-06-25,2021-01-22,260000,149500
8685,2008-05-30,2016-06-06,198450,70000
8686,2007-07-09,2009-03-02,215950,140000
8686,2009-03-02,2017-06-28,140000,95000
8688,2008-03-27,2016-08-09,208450,140000
8688,2016-08-09,2024-05-01,140000,97000
8689,2004-04-30,2010-09-09,199950,132000
8689,2010-09-09,2022-04-22,132000,103000
8691,2007-05-16,2017-12-04,207450,120000
8692,2007-06-29,2021-06-11,207000,100000
8692,2021-06-11,2022-05-06,100000,110000
8692,2022-05-06,2025-06-12,110000,60000
8693,2003-11-28,2022-06-21,280950,160000
8694,2021-04-06,2024-05-31,90000,158000
8695,2009-01-23,2019-04-30,154950,85000
8698,2005-11-25,2017-10-31,174950,82000
8699,2004-02-27,2009-01-16,264450,232000
8699,2009-01-16,2014-08-22,232000,242500
8699,2014-08-22,2022-01-21,242500,170000
8700,2004-04-07,2012-06-19,395000,500000
8700,2012-06-19,2024-09-13,500000,920108
8701,2014-10-02,2022-10-18,160000,198000
8702,1998-04-09,2003-05-23,57000,192500
8702,2003-05-23,2005-12-09,192500,220000
8705,1999-09-17,2002-08-30,68000,112000
8705,2002-08-30,2006-07-25,112000,135000
8705,2006-07-25,2021-10-26,135000,180000
8706,1995-08-04,1998-09-18,17000,54950
8706,1998-09-18,2007-04-05,54950,175000
8706,2007-04-05,2012-07-25,175000,174000
8711,2017-01-27,2024-01-05,131650,245000
8713,2016-12-21,2017-12-08,232500,460000
8713,2017-12-08,2021-02-24,460000,436000
8715,1997-06-27,1998-10-30,75000,119000
8716,2001-11-26,2006-05-25,180000,245950
8716,2006-05-25,2011-10-18,245950,360000
8718,2015-03-06,2022-02-03,111000,175000
8720,2007-08-31,2016-03-14,144000,152000
8721,2016-03-23,2019-12-02,200000,175000
8722,2021-01-28,2026-01-30,640000,550000
8723,2017-07-21,2021-08-31,162500,167500
8724,2016-03-23,2024-10-18,147500,177500
8729,2016-09-09,2018-06-15,130000,165000
8729,2018-06-15,2019-09-25,165000,175000
8731,1999-05-27,2000-10-06,97000,114000
8731,2000-10-06,2003-08-18,114000,161500
8731,2003-08-18,2007-02-02,161500,256000
8731,2007-02-02,2011-06-29,256000,244000
8731,2011-06-29,2014-09-12,244000,292000
8732,1997-12-31,2000-07-07,59500,85000
8732,2000-07-07,2007-02-28,85000,161500
8732,2007-02-28,2014-05-23,161500,162500
8733,1997-10-01,2016-12-16,64000,190000
8734,1997-09-26,2009-05-08,59995,125000
8734,2009-05-08,2016-03-31,125000,153500
8735,1997-09-05,2000-01-28,58400,81000
8735,2000-01-28,2005-03-04,81000,135000
8735,2005-03-04,2006-06-30,135000,145000
8735,2006-06-30,2012-07-13,145000,150000
8735,2012-07-13,2015-12-18,150000,161000
8735,2015-12-18,2019-01-31,161000,185000
8735,2019-01-31,2021-11-12,185000,215000
8735,2021-11-12,2023-02-10,215000,260000
8736,1997-09-19,2021-06-30,67500,277500
8739,2005-06-22,2020-04-14,215000,335000
8742,2001-09-28,2004-02-18,391000,454950
8744,2000-05-19,2001-08-31,230000,285000
8746,2000-05-26,2010-05-07,275000,475000
8749,2000-06-29,2017-08-31,325000,720000
8752,2001-08-31,2005-01-14,275000,446000
8753,2000-07-21,2002-05-03,285000,332500
8754,2000-08-11,2014-08-04,295000,450000
8755,2000-08-24,2024-09-11,295000,755000
8756,2000-09-01,2006-03-17,278000,425000
8757,2003-07-29,2012-05-28,325000,407500
8757,2012-05-28,2014-08-29,407500,500000
8758,2000-11-17,2007-10-29,250000,449000
8760,2000-10-17,2007-10-23,305000,500000
8760,2007-10-23,2014-10-31,500000,500000
8760,2014-10-31,2021-06-29,500000,780500
8760,2021-06-29,2023-07-28,780500,875000
8762,2000-11-30,2012-10-12,245000,405000
8762,2012-10-12,2020-12-17,405000,660000
8763,2000-11-29,2005-08-05,315000,490000
8764,2000-11-24,2021-11-15,295000,680000
8767,2001-02-02,2002-06-25,340000,385000
8767,2002-06-25,2008-03-07,385000,515000
8767,2008-03-07,2021-06-30,515000,915000
8768,2000-12-15,2005-01-19,370000,482500
8769,2001-03-02,2004-12-13,350000,494500
8769,2004-12-13,2006-06-28,494500,500000
8770,2001-05-31,2006-03-10,355000,480000
8770,2006-03-10,2025-01-06,480000,860000
8771,2001-02-23,2003-03-17,375000,450000
8772,2001-04-10,2003-10-10,355000,445000
8772,2003-10-10,2004-06-25,445000,440000
8773,2001-05-01,2007-02-28,375000,550000
8773,2007-02-28,2025-08-06,550000,995000
8774,2001-05-09,2024-02-26,367000,850000
8776,2001-05-30,2007-01-05,365000,562000
8777,2001-06-01,2014-09-19,375000,650000
8778,2001-05-25,2007-08-14,265000,455000
8779,2001-05-22,2012-03-02,300000,472500
8780,2001-06-27,2002-11-21,260000,340000
8780,2002-11-21,2019-12-16,340000,585000
8783,2001-07-26,2022-09-16,325000,850000
8784,2001-07-27,2013-07-29,270000,435000
8785,2001-08-24,2012-12-14,370000,500000
8787,2001-09-14,2006-09-19,385000,500000
8787,2006-09-19,2024-02-29,500000,915000
8788,2001-11-16,2013-08-30,305000,460000
8789,2001-10-12,2004-02-06,265000,350000
8789,2004-02-06,2012-07-18,350000,415000
8789,2012-07-18,2015-04-30,415000,465000
8790,2000-07-28,2004-09-13,200000,440000
8790,2004-09-13,2009-12-04,440000,470000
8790,2009-12-04,2020-06-12,470000,850000
8793,1999-06-23,2002-05-17,145000,249950
8794,2005-02-01,2021-06-24,320150,865000
8795,2016-04-21,2021-03-31,148500,830000
8795,2021-03-31,2021-12-03,830000,960000
8796,2004-06-11,2006-08-11,535000,850000
8796,2006-08-11,2014-09-12,850000,1080000
8796,2014-09-12,2021-10-11,1080000,1708000
8796,2021-10-11,2024-10-30,1708000,1720000
8798,2002-06-06,2002-08-09,92000,120000
8798,2002-08-09,2006-08-25,120000,153000
8798,2006-08-25,2022-03-25,153000,220000
8799,2004-10-29,2007-10-19,145000,169950
8799,2007-10-19,2012-08-07,169950,163500
8799,2012-08-07,2017-08-11,163500,195000
8799,2017-08-11,2022-04-07,195000,225000
8800,2001-09-14,2005-08-26,97500,159000
8801,2000-03-31,2022-12-21,87500,230000
8803,1995-05-30,2023-05-24,50000,220000
8804,2006-02-21,2006-08-24,135250,171000
8804,2006-08-24,2022-08-26,171000,232500
8805,2015-03-26,2022-12-09,150000,220000
8805,2022-12-09,2025-11-28,220000,245000
8809,1998-06-30,2009-10-30,50500,147500
8809,2009-10-30,2016-10-28,147500,187000
8809,2016-10-28,2022-10-14,187000,252000
8809,2022-10-14,2024-12-06,252000,255000
8810,2007-05-21,2016-03-30,162500,180000
8812,2003-11-25,2016-02-16,230000,395000
8813,2021-08-06,2023-10-06,210000,230000
8816,2021-07-09,2025-03-21,410000,420000
8826,2021-05-28,2025-12-10,420000,437000
8832,2021-06-18,2025-02-14,369950,372500
8834,2021-04-14,2025-05-09,599950,670000
8842,2021-05-14,2023-12-20,390000,415000
8843,2020-03-31,2025-07-18,255000,248000
8855,2020-08-27,2024-03-12,260000,266000
8857,2003-11-26,2018-03-02,420000,770000
8863,1996-05-21,1999-06-30,179500,241000
8863,1999-06-30,2001-07-13,241000,295000
8864,2007-08-14,2011-04-18,475000,450000
8867,1997-06-19,2006-02-13,159950,348000
8868,2002-05-31,2010-06-25,295000,400000
8868,2010-06-25,2016-08-15,400000,590000
8869,1996-05-15,2000-06-26,199950,285000
8869,2000-06-26,2002-02-08,285000,330000
8870,1995-06-16,2024-01-10,184500,650000
8871,1995-04-28,2002-02-08,192500,345000
8873,1996-08-30,2000-08-18,159995,249950
8874,1996-08-23,1998-12-01,186500,185950
8875,1996-06-28,1998-09-08,160500,195000
8876,1996-08-13,2001-01-23,192000,345000
8877,1996-07-29,2010-07-02,191000,587500
8877,2010-07-02,2011-09-30,587500,635000
8877,2011-09-30,2021-06-25,635000,825000
8878,1996-05-31,2006-07-27,185000,450000
8881,1995-07-21,2000-02-29,184000,275000
8881,2000-02-29,2021-03-16,275000,770000
8882,1995-06-29,2017-05-11,194000,745000
8883,1995-06-30,2014-06-02,185250,595000
8883,2014-06-02,2017-02-03,595000,735000
8884,1996-04-19,2015-07-30,190000,597500
8886,1995-06-02,1998-08-12,155000,207500
8888,2005-02-11,2009-04-24,410000,350000
8888,2009-04-24,2015-10-30,350000,466000
8889,1999-08-26,2000-10-16,182500,246000
8889,2000-10-16,2002-12-19,246000,305000
8889,2002-12-19,2006-04-28,305000,378750
8889,2006-04-28,2013-10-17,378750,400000
8890,1996-11-21,2021-05-26,159995,715000
8893,2007-11-09,2016-10-13,465000,725000
8895,1997-05-15,2006-06-09,190500,434000
8897,1999-09-20,2001-09-14,207500,273000
8899,2001-03-30,2005-09-02,250000,410000
8899,2005-09-02,2024-08-09,410000,715000
8901,2015-08-07,2022-09-13,555000,725000
8902,2003-04-23,2020-10-16,325500,577000
8904,1999-04-09,2010-02-05,179000,455000
8904,2010-02-05,2025-04-14,455000,735000
8905,1995-11-10,1999-07-08,167500,212000
8906,2003-12-30,2016-12-22,420000,740000
8907,2005-03-01,2007-11-09,423500,540000
8907,2007-11-09,2008-11-03,540000,534000
8907,2008-11-03,2016-01-25,534000,700000
8911,1995-03-03,1997-08-20,142000,190000
8915,1999-05-21,2000-05-16,265000,299000
8915,2000-05-16,2005-07-08,299000,500000
8915,2005-07-08,2008-07-16,500000,670000
8917,2005-04-26,2021-03-10,420000,765000
8917,2021-03-10,2021-12-08,765000,790000
8921,1996-08-23,2003-09-12,20000,164500
8922,2002-06-18,2005-03-24,143100,187000
8923,1999-12-22,2003-09-22,148000,325000
8923,2003-09-22,2007-01-11,325000,402500
8924,2008-08-28,2017-02-03,250000,320000
8924,2017-02-03,2021-06-28,320000,360000
8928,1999-09-03,2021-08-27,95000,325000
8932,2000-06-16,2004-01-09,155000,261200
8933,1997-09-23,2016-04-11,64000,360000
8934,2004-10-15,2006-07-25,199950,259950
8934,2006-07-25,2008-08-01,259950,255000
8934,2008-08-01,2009-07-13,255000,260000
8936,1996-02-07,2004-05-07,84000,245000
8937,2015-05-06,2016-09-19,350000,390000
8940,2001-06-12,2014-07-10,145000,260000
8942,1999-10-21,2003-11-14,195000,335000
8942,2003-11-14,2024-03-28,335000,705000
8947,1997-02-14,1998-04-06,149995,148000
8947,1998-04-06,2006-06-09,148000,340000
8947,2006-06-09,2018-05-11,340000,535000
8950,1997-10-31,2002-11-01,139950,250000
8953,1998-10-14,2018-12-14,97500,392500
8954,1997-03-20,2000-07-07,76500,119950
8954,2000-07-07,2005-07-29,119950,186000
8957,1996-10-25,1999-02-26,63000,85000
8957,1999-02-26,2013-11-22,85000,210000
8957,2013-11-22,2019-08-27,210000,290000
8958,1997-02-19,2003-05-30,149995,300000
8958,2003-05-30,2014-09-25,300000,425000
8959,2004-09-22,2025-09-25,345000,725000
8961,2014-08-14,2017-08-04,335000,390000
8961,2017-08-04,2023-01-31,390000,525000
8963,2004-06-29,2014-05-28,249995,345000
8965,2020-11-26,2023-02-14,343000,1225
8967,2002-02-08,2009-12-18,116000,219950
8967,2009-12-18,2021-03-16,219950,375000
8973,2009-08-24,2017-07-14,575000,695000
8974,1995-04-07,2006-10-06,65000,520000
8975,2006-10-27,2011-08-15,395000,450000
8976,2003-10-24,2009-05-01,375000,330000
8977,2009-12-01,2026-03-18,367500,630000
8979,2021-02-17,2025-10-06,580000,737500
8980,1996-05-31,1997-09-30,164000,200000
8983,2001-05-24,2011-03-24,227000,440000
8983,2011-03-24,2018-08-13,440000,550000
8987,1999-06-04,2022-09-02,192000,760000
8991,1999-02-26,1999-12-14,151000,170000
8991,1999-12-14,2013-01-04,170000,359500
8993,2001-01-24,2001-06-15,135000,155000
8993,2001-06-15,2008-11-05,155000,249000
8994,2021-03-05,2023-03-06,640000,925000
8995,1998-10-08,2005-07-04,125000,315000
8995,2005-07-04,2014-12-05,315000,338000
8996,2010-07-19,2015-02-11,512000,575000
8997,1999-06-02,2018-12-10,192500,538000
8998,2017-12-15,2021-01-29,520500,635000
8998,2021-01-29,2024-10-15,635000,725000
8999,1995-11-17,2012-07-02,185000,410000
8999,2012-07-02,2018-06-15,410000,615000
8999,2018-06-15,2018-06-15,615000,615000
9001,2004-07-30,2009-10-09,190000,320000
9001,2009-10-09,2016-11-18,320000,360000
9006,2013-04-05,2018-04-21,125000,150000
9006,2018-04-21,2023-07-21,150000,100000
9008,2001-02-21,2003-12-09,152500,205000
9008,2003-12-09,2005-08-18,205000,250000
9008,2005-08-18,2018-06-18,250000,337500
9009,1996-04-19,2002-11-08,95000,250000
9012,2004-12-17,2016-09-29,385000,560000
9014,1999-06-25,2021-12-01,250000,730000
9014,2021-12-01,2025-08-18,730000,1080000
9015,1999-05-28,2010-08-05,249950,785000
9016,2020-12-16,2024-11-29,540000,670000
9021,2000-04-19,2000-07-14,150000,180000
9021,2000-07-14,2001-11-30,180000,210000
9025,1995-11-30,2010-10-01,136000,377000
9030,1999-09-03,2010-08-23,200000,345000
9030,2010-08-23,2024-08-30,345000,685000
9032,1996-10-31,1998-01-12,120000,152000
9032,1998-01-12,2005-02-18,152000,316000
9032,2005-02-18,2024-05-09,316000,510000
9033,1999-07-14,2002-09-11,117500,192500
9036,1997-02-14,2007-05-30,68500,205000
9037,2003-01-10,2004-10-29,122750,195000
9039,1998-01-23,2023-09-25,71000,365000
9040,2007-05-04,2014-08-22,185000,225000
9041,1997-08-08,2001-08-31,65000,125000
9043,1998-11-09,2025-07-08,67000,280500
9044,1996-08-30,2017-01-19,55000,221000
9047,2010-10-08,2013-08-19,162500,176000
9047,2013-08-19,2021-03-11,176000,290000
9049,1999-12-14,2001-01-24,240000,259900
9052,2000-01-14,2001-05-18,110000,124000
9052,2001-05-18,2007-09-05,124000,228000
9054,2000-04-07,2002-11-15,110000,186000
9054,2002-11-15,2006-10-16,186000,220000
9054,2006-10-16,2015-06-19,220000,270000
9054,2015-06-19,2016-09-28,270000,281000
9055,2011-05-27,2016-08-12,168100,271000
9057,2004-03-19,2006-07-04,189950,239950
9057,2006-07-04,2025-03-27,239950,441000
9059,1996-01-26,2003-04-01,58000,174000
9061,2001-11-09,2015-11-13,114000,220000
9062,1995-08-31,2002-10-11,89995,179000
9062,2002-10-11,2015-09-03,179000,280000
9064,2008-01-28,2010-06-30,165000,272500
9064,2010-06-30,2022-03-21,272500,382000
9068,2003-06-06,2018-03-23,153000,246000
9068,2018-03-23,2020-12-22,246000,250000
9069,1997-07-14,2017-11-24,140000,525000
9071,2016-12-09,2017-12-21,450000,487400
9071,2017-12-21,2025-09-23,487400,625000
9073,2012-09-28,2015-01-09,150000,210000
9074,2019-01-10,2020-03-13,490000,500000
9075,2021-05-26,2022-12-19,247500,315000
9076,2014-03-07,2019-05-17,250000,325000
9078,1999-08-20,2013-08-01,184000,392500
9079,1995-03-31,1995-05-12,39000,53000
9079,1995-05-12,2019-04-23,53000,550000
9080,2019-04-26,2020-10-16,250000,400000
9082,2017-06-23,2019-05-24,388000,490000
9083,1998-03-26,2015-05-29,146000,445000
9085,1997-01-03,2007-06-22,105000,412000
9085,2007-06-22,2017-12-14,412000,525000
9085,2017-12-14,2025-07-16,525000,730000
9086,1996-01-08,1998-05-22,112000,127500
9091,1997-12-05,2004-04-08,120000,249950
9091,2004-04-08,2023-06-01,249950,520000
9092,2019-03-29,2020-11-13,480000,493000
9093,2006-03-07,2013-04-19,405000,408500
9094,2021-09-24,2022-12-02,300000,345000
9096,2000-09-21,2011-06-16,194950,380000
9096,2011-06-16,2017-04-13,380000,460000
9098,2018-09-28,2021-02-18,315000,500000
9100,2022-06-06,2026-03-18,415100,662500
9103,2004-05-17,2025-01-17,166500,280000
9106,1996-12-13,2000-04-10,108000,265000
9112,1999-03-26,2011-10-18,94500,345000
9112,2011-10-18,2017-10-06,345000,465000
9113,2004-06-26,2013-06-28,176000,178500
9114,2014-03-12,2015-02-16,237000,294000
9114,2015-02-16,2023-02-01,294000,425000
9118,1997-05-08,2004-06-10,62000,165000
9118,2004-06-10,2005-08-16,165000,169000
9119,2005-10-12,2013-05-23,177500,245000
9120,2001-05-14,2010-06-25,107000,200000
9121,2005-08-26,2007-02-12,250000,390000
9122,1998-06-19,2000-09-21,86500,123000
9122,2000-09-21,2006-01-27,123000,219000
9124,2005-09-30,2010-04-16,198000,232500
9126,2006-04-07,2016-11-04,172000,286500
9132,2014-03-28,2022-07-26,227000,358000
9134,1997-08-15,2011-11-30,58500,208000
9134,2011-11-30,2022-12-07,208000,350000
9135,2015-07-23,2025-11-12,229950,330000
9138,2000-12-15,2006-05-02,97500,177500
9139,2000-02-11,2015-11-20,103000,240000
9142,1996-03-19,2000-03-31,47000,73000
9143,2006-09-06,2025-01-17,159500,220000
9144,1999-02-26,2003-07-04,57500,115500
9144,2003-07-04,2008-10-03,115500,140000
9147,1997-11-19,2025-11-28,72000,325000
9153,1996-08-15,1996-12-11,56500,56000
9153,1996-12-11,2007-07-06,56000,189950
9153,2007-07-06,2014-04-14,189950,195000
9155,1995-02-28,2002-02-28,52500,112000
9157,2016-04-12,2022-01-24,250000,447000
9158,2004-04-28,2010-05-14,155000,170000
9158,2010-05-14,2013-12-20,170000,182000
9159,1996-10-11,2000-02-29,68950,97000
9159,2000-02-29,2001-06-08,97000,116500
9161,2015-07-13,2025-06-06,190000,315000
9162,2022-06-16,2024-08-22,266000,266000
9164,1996-08-30,1999-09-06,69500,86000
9164,1999-09-06,2003-10-31,86000,150000
9164,2003-10-31,2013-03-26,150000,208000
9164,2013-03-26,2018-09-04,208000,265000
9164,2018-09-04,2021-10-15,265000,285000
9166,2002-09-23,2019-09-03,330000,600000
9169,2007-12-12,2016-09-19,400000,320000
9170,1998-05-29,2005-04-15,78000,189950
9170,2005-04-15,2014-09-10,189950,190000
9170,2014-09-10,2018-06-07,190000,235000
9176,2001-06-01,2016-06-30,375000,470000
9186,2002-05-22,2012-12-07,136000,197000
9189,2013-07-26,2021-03-11,206000,375000
9190,1995-12-08,2001-07-27,85000,179950
9192,2004-04-13,2010-09-02,207500,237500
9192,2010-09-02,2016-02-25,237500,300000
9193,1999-02-05,2003-12-12,88000,182000
9196,2018-09-13,2018-11-13,25000,2225000
9199,1997-02-28,2002-08-16,78000,212500
9202,1997-11-28,1999-10-15,122500,138000
9202,1999-10-15,2021-06-28,138000,592500
9205,2002-10-15,2006-05-10,200000,290000
9207,1997-01-10,2001-11-09,79000,175000
9211,2015-12-10,2020-03-27,242099,280000
9211,2020-03-27,2021-03-31,280000,2250000
9211,2021-03-31,2022-03-28,2250000,50000
9219,2024-04-08,2025-04-02,1205000,2750000
9223,2017-03-30,2022-08-31,499860,150000
9226,2017-03-30,2024-04-08,75000,183600
9228,2018-08-13,2024-04-08,80000,134900
9230,2024-04-08,2024-07-12,151300,230000
9232,2015-01-30,2016-07-15,7469925,13500000
9238,2001-06-29,2010-04-19,87500,181000
9238,2010-04-19,2014-01-13,181000,165000
9238,2014-01-13,2016-11-11,165000,190000
9239,1998-11-27,2012-10-05,64000,179500
9242,2021-01-08,2021-05-14,210000,230000
9243,2000-03-09,2013-11-12,79995,163000
9243,2013-11-12,2017-10-24,163000,195000
9245,1999-10-22,2016-06-03,72500,200000
9245,2016-06-03,2024-07-19,200000,320000
9247,2014-08-26,2021-06-16,182000,217000
9248,2015-08-07,2021-07-07,185000,239000
9249,1995-05-05,1997-04-30,39000,39995
9250,1996-09-06,2003-07-30,39000,85000
9250,2003-07-30,2014-11-24,85000,123500
9251,1995-07-21,1997-01-22,30000,35000
9251,1997-01-22,1999-10-15,35000,46750
9251,1999-10-15,2014-08-08,46750,101000
9251,2014-08-08,2022-07-01,101000,165000
9257,2021-06-18,2025-02-06,765000,925000
9259,2021-03-31,2023-06-30,800000,1030000
9266,2019-11-29,2023-04-19,985000,1182000
9267,2019-10-31,2024-12-20,985000,1200000
9267,2024-12-20,2025-06-19,1200000,1225000
9274,2019-06-28,2024-03-01,1000000,1180000
9275,2019-04-30,2020-10-30,1000000,1100000
9276,2019-04-30,2020-11-03,1000000,1100000
9284,1996-03-29,2003-07-25,104950,238500
9284,2003-07-25,2006-12-11,238500,294000
9287,1996-05-24,1999-01-08,119950,140500
9287,1999-01-08,2004-05-27,140500,279995
9287,2004-05-27,2021-05-28,279995,450000
9289,1996-09-20,2012-10-10,137000,335000
9290,1996-11-22,2006-09-29,112000,318000
9291,1997-03-14,2006-02-16,117950,280000
9291,2006-02-16,2010-05-07,280000,320000
9292,1996-04-19,1998-07-30,128800,152000
9292,1998-07-30,2002-07-02,152000,267500
9292,2002-07-02,2012-03-16,267500,295000
9293,1997-02-28,2002-03-22,118000,209950
9293,2002-03-22,2002-08-28,209950,235000
9294,1997-05-09,2015-09-08,119950,365000
9297,1996-11-15,2000-12-13,127500,198000
9297,2000-12-13,2018-11-29,198000,440000
9297,2018-11-29,2025-05-06,440000,572000
9299,1996-09-27,2001-12-07,70000,42000
9301,1996-07-01,2005-03-23,119950,279950
9301,2005-03-23,2008-08-11,279950,305000
9302,1997-05-06,2008-03-28,114000,295000
9305,1996-11-08,2004-02-11,69950,238000
9305,2004-02-11,2010-01-22,238000,255000
9305,2010-01-22,2013-08-16,255000,290000
9306,1997-04-30,2000-05-25,119950,180000
9308,1996-11-08,2026-03-06,99950,480000
9309,1996-11-12,2023-08-08,139950,645000
9310,1996-09-30,1998-12-18,121000,139000
9310,1998-12-18,1999-04-22,139000,137000
9310,1999-04-22,2003-05-23,137000,235000
9310,2003-05-23,2015-11-02,235000,380000
9310,2015-11-02,2025-07-28,380000,550000
9312,2007-09-05,2016-11-14,294000,352500
9314,2003-05-24,2022-02-25,205000,430000
9316,1997-03-27,2014-08-29,95950,278000
9317,1996-12-16,2002-12-06,124950,235000
9317,2002-12-06,2008-04-02,235000,295000
9317,2008-04-02,2014-09-02,295000,330000
9317,2014-09-02,2023-08-22,330000,525000
9318,1997-01-31,2002-08-19,126950,220000
9318,2002-08-19,2010-12-15,220000,290000
9319,1997-06-30,2004-09-30,132000,306000
9320,1996-12-16,2006-06-02,132500,314000
9322,1996-02-28,2021-12-09,126950,510000
9325,1996-12-11,2005-04-14,111000,249950
9325,2005-04-14,2018-04-13,249950,330000
9325,2018-04-13,2024-05-28,330000,450000
9326,1996-04-26,2002-10-07,93450,197000
9327,1996-05-31,2005-10-21,136000,300000
9328,1996-10-31,2001-05-04,92500,157950
9328,2001-05-04,2004-10-29,157950,245000
9329,1996-06-28,1998-05-05,108000,127000
9331,1996-06-28,1998-09-16,135000,145000
9331,1998-09-16,2005-06-27,145000,312000
9331,2005-06-27,2022-07-15,312000,523000
9332,1996-08-23,2012-07-09,114500,300000
9333,1996-09-27,2002-07-04,109500,220000
9333,2002-07-04,2009-12-11,220000,269950
9333,2009-12-11,2014-04-14,269950,280000
9334,1996-09-20,2011-02-18,132000,310000
9334,2011-02-18,2018-09-27,310000,515000
9334,2018-09-27,2025-03-21,515000,600000
9336,1996-11-29,2014-08-01,122500,317000
9338,1996-12-13,2022-01-21,37000,230000
9339,1996-09-27,2006-07-26,114500,266000
9339,2006-07-26,2016-03-29,266000,339500
9342,1996-12-13,2002-02-01,37000,99950
9342,2002-02-01,2024-10-25,99950,245000
9343,1999-03-31,2001-05-18,111000,145500
9343,2001-05-18,2006-08-16,145500,221000
9343,2006-08-16,2012-01-31,221000,225000
9343,2012-01-31,2018-01-19,225000,320000
9345,1997-12-08,2001-06-15,141250,218000
9346,1997-05-30,2008-07-02,136000,340000
9347,1997-10-31,2002-07-26,95950,192500
9347,2002-07-26,2017-05-31,192500,382000
9348,1997-06-11,2001-01-31,137500,209500
9348,2001-01-31,2018-02-16,209500,452500
9348,2018-02-16,2024-08-19,452500,605000
9350,1997-06-12,2006-09-19,125950,295000
9351,1997-09-26,1999-01-29,124500,135000
9353,1997-10-27,1999-08-31,131000,150000
9354,1997-07-31,2003-11-19,121500,265000
9355,1997-10-31,2000-05-05,141250,197000
9355,2000-05-05,2009-06-24,197000,325000
9355,2009-06-24,2015-05-29,325000,392000
9357,1997-09-19,1999-05-07,127500,137000
9358,1997-08-28,2012-12-12,127500,295000
9359,1997-09-26,2026-01-30,137500,525000
9360,1997-07-31,2007-02-15,138500,336500
9362,1999-05-21,1999-12-10,120000,133000
9362,1999-12-10,2003-04-14,133000,189995
9362,2003-04-14,2010-08-06,189995,242500
9363,1999-03-11,2000-03-31,110000,139000
9366,1998-03-27,2005-03-31,83000,186000
9369,1998-08-07,2003-09-04,109000,235000
9369,2003-09-04,2025-03-19,235000,515000
9370,1997-09-05,2021-02-26,87000,375000
9371,1999-04-16,2020-12-11,102000,375000
9372,2013-12-12,2014-08-15,188000,265000
9372,2014-08-15,2022-03-28,265000,319000
9373,1999-10-29,1999-11-30,84000,87000
9373,1999-11-30,2006-09-12,87000,216000
9374,2000-03-31,2007-02-16,107500,220000
9374,2007-02-16,2010-07-24,220000,232500
9375,2000-08-11,2004-02-26,53600,89950
9375,2004-02-26,2006-10-18,89950,112500
9375,2006-10-18,2015-08-19,112500,110500
9377,1999-12-08,2001-05-21,45000,57000
9377,2001-05-21,2010-05-28,57000,94000
9377,2010-05-28,2021-01-29,94000,140000
9378,1999-10-29,2003-05-21,48000,77000
9379,1998-11-30,2002-12-05,36000,85000
9379,2002-12-05,2006-12-21,85000,116000
9379,2006-12-21,2021-12-09,116000,145000
9379,2021-12-09,2024-11-15,145000,147000
9380,1997-11-14,2001-03-30,38500,57500
9380,2001-03-30,2004-01-23,57500,96000
9380,2004-01-23,2005-08-05,96000,107000
9380,2005-08-05,2007-09-07,107000,125000
9381,1998-11-25,2008-08-29,34000,97000
9381,2008-08-29,2009-11-20,97000,100000
9381,2009-11-20,2010-03-26,100000,90000
9381,2010-03-26,2015-05-08,90000,105000
9382,2001-07-27,2008-06-06,65000,129995
9383,2001-11-02,2006-06-16,66500,107000
9383,2006-06-16,2012-10-31,107000,105000
9383,2012-10-31,2015-11-06,105000,118000
9384,2003-12-05,2009-09-10,113000,130000
9385,2001-02-02,2007-08-24,51000,125000
9386,1996-03-29,1998-03-27,40500,53000
9386,1998-03-27,2025-04-09,53000,225000
9387,2008-11-24,2016-11-25,130000,182000
9388,2005-10-14,2022-11-04,97500,160000
9388,2022-11-04,2025-03-24,160000,162500
9389,1996-01-26,1999-08-17,35000,50000
9389,1999-08-17,2002-08-16,50000,81000
9389,2002-08-16,2005-11-25,81000,110000
9390,1996-08-30,2000-04-28,33500,56500
9390,2000-04-28,2001-10-15,56500,64000
9390,2001-10-15,2016-03-21,64000,110000
9390,2016-03-21,2025-05-16,110000,154000
9391,1995-09-15,1996-10-31,31500,33600
9392,2001-09-18,2006-09-08,60000,125000
9393,1999-06-14,2003-03-28,53000,109950
9393,2003-03-28,2007-07-27,109950,155250
9393,2007-07-27,2012-07-02,155250,128000
9393,2012-07-02,2018-07-06,128000,179000
9393,2018-07-06,2021-09-24,179000,200000
9393,2021-09-24,2023-08-11,200000,210000
9394,1996-09-18,1997-12-09,33500,39000
9394,1997-12-09,1999-09-17,39000,48000
9394,1999-09-17,2013-09-06,48000,99000
9395,1997-07-04,2003-07-04,54000,107000
9396,1999-12-03,2000-03-31,47000,55000
9396,2000-03-31,2002-08-30,55000,80000
9396,2002-08-30,2011-09-30,80000,104500
9396,2011-09-30,2017-11-29,104500,130000
9398,1995-10-12,1997-12-11,35500,38000
9398,1997-12-11,2001-03-15,38000,43000
9398,2001-03-15,2005-07-21,43000,96000
9398,2005-07-21,2007-01-12,96000,112000
9398,2007-01-12,2017-02-16,112000,135000
9400,1996-10-31,2001-03-23,42750,69500
9400,2001-03-23,2006-11-10,69500,147000
9400,2006-11-10,2019-06-28,147000,179995
9400,2019-06-28,2025-09-12,179995,240000
9401,1995-03-30,1998-03-06,46500,51000
9401,1998-03-06,2017-12-08,51000,170000
9402,2004-05-07,2016-10-13,95950,93000
9402,2016-10-13,2022-07-12,93000,125000
9403,1996-10-11,2001-06-29,45000,75500
9403,2001-06-29,2010-09-16,75500,130000
9403,2010-09-16,2020-05-15,130000,180000
9404,2000-02-04,2002-10-11,40000,59995
9404,2002-10-11,2007-09-20,59995,98000
9404,2007-09-20,2022-12-16,98000,128000
9405,1996-07-02,2002-01-18,29000,51500
9406,2001-03-23,2003-05-23,76500,104950
9406,2003-05-23,2004-05-27,104950,124000
9406,2004-05-27,2006-09-29,124000,125000
9407,2003-08-08,2006-03-24,72500,92000
9407,2006-03-24,2022-10-28,92000,125000
9408,1995-10-26,1998-07-31,32500,37500
9408,1998-07-31,2000-12-15,37500,59950
9408,2000-12-15,2003-04-04,59950,80000
9408,2003-04-04,2013-06-17,80000,107000
9408,2013-06-17,2020-07-17,107000,136000
9408,2020-07-17,2025-07-01,136000,180000
9410,1999-03-10,2000-09-22,32000,45500
9410,2000-09-22,2015-05-28,45500,75000
9411,1995-04-07,1995-05-26,29000,31250
9411,1995-05-26,2025-12-04,31250,160000
9412,2003-11-20,2005-02-21,104000,134000
9412,2005-02-21,2006-09-15,134000,149000
9412,2006-09-15,2018-07-05,149000,169950
9412,2018-07-05,2022-07-29,169950,212500
9413,2001-03-07,2004-02-12,54000,86000
9413,2004-02-12,2019-05-24,86000,120000
9413,2019-05-24,2021-12-17,120000,148000
9414,1995-02-24,2024-06-14,43000,106000
9415,1995-07-31,1998-07-24,40000,53000
9417,1996-10-14,2010-05-04,47500,120000
9417,2010-05-04,2012-08-31,120000,125000
9418,1997-06-20,1999-08-02,50500,58000
9418,1999-08-02,2005-04-01,58000,122000
9419,1998-11-27,2013-05-24,55500,130000
9420,2007-02-28,2011-12-22,145000,125000
9420,2011-12-22,2017-05-30,125000,176000
9421,1995-12-20,1997-08-22,32000,32500
9421,1997-08-22,2000-07-14,32500,55000
9421,2000-07-14,2004-08-17,55000,111500
9422,1998-01-16,2003-02-07,51500,111000
9423,1999-11-19,2003-12-19,47500,83000
9423,2003-12-19,2004-05-28,83000,104950
9423,2004-05-28,2006-03-10,104950,110500
9423,2006-03-10,2011-10-28,110500,110000
9423,2011-10-28,2025-08-04,110000,159000
9424,1995-03-31,1995-05-01,47000,45000
9424,1995-05-01,1999-08-25,45000,60000
9424,1999-08-25,2005-06-30,60000,132000
9424,2005-06-30,2014-05-23,132000,139995
9425,1997-01-31,2001-10-22,35500,64500
9427,1996-03-29,2002-12-23,28000,79995
9427,2002-12-23,2004-10-12,79995,106500
9428,1998-04-30,2002-10-31,34500,79950
9428,2002-10-31,2006-07-13,79950,108000
9428,2006-07-13,2023-03-29,108000,135000
9430,2000-02-10,2019-11-15,39000,115000
9431,1997-08-22,2002-01-28,34000,62000
9431,2002-01-28,2006-03-03,62000,107000
9431,2006-03-03,2007-08-10,107000,125000
9432,1999-09-10,2005-04-27,47500,102950
9432,2005-04-27,2007-02-23,102950,119200
9432,2007-02-23,2017-08-04,119200,122000
9432,2017-08-04,2021-03-31,122000,136650
9434,1998-08-10,2000-08-25,38000,51000
9434,2000-08-25,2003-10-24,51000,85000
9434,2003-10-24,2018-03-09,85000,135000
9435,1998-11-30,2000-10-30,37500,53000
9435,2000-10-30,2005-04-29,53000,97500
9435,2005-04-29,2007-08-24,97500,125000
9436,2001-12-14,2015-11-27,55000,84995
9437,1996-03-22,2003-12-08,32250,90000
9437,2003-12-08,2007-01-16,90000,113000
9437,2007-01-16,2015-08-28,113000,113000
9438,1998-11-18,2022-04-22,34000,125000
9439,2001-04-12,2006-05-11,47000,92000
9439,2006-05-11,2025-11-05,92000,100000
9440,2000-01-21,2024-07-31,32000,119000
9441,2019-01-22,2021-12-17,122000,138000
9443,2000-06-30,2003-11-18,76500,143500
9443,2003-11-18,2016-08-25,143500,229950
9443,2016-08-25,2021-03-29,229950,248750
9445,1995-09-29,1998-12-04,53000,62500
9445,1998-12-04,2001-02-09,62500,81000
9445,2001-02-09,2004-02-16,81000,140000
9445,2004-02-16,2018-01-10,140000,205000
9445,2018-01-10,2021-02-09,205000,240000
9446,2000-06-02,2002-08-14,55000,79950
9446,2002-08-14,2004-07-08,79950,108000
9446,2004-07-08,2007-07-04,108000,123000
9446,2007-07-04,2015-10-26,123000,125000
9447,1998-03-27,2004-08-23,38000,109500
9447,2004-08-23,2010-11-05,109500,95550
9447,2010-11-05,2014-12-05,95550,114995
9448,1996-10-16,1999-12-03,34000,45000
9448,1999-12-03,2001-12-18,45000,65000
9448,2001-12-18,2002-05-03,65000,74950
9449,1995-03-24,1997-02-28,52500,56000
9449,1997-02-28,1999-01-08,56000,71500
9449,1999-01-08,2001-07-03,71500,91500
9449,2001-07-03,2007-07-02,91500,185000
9449,2007-07-02,2011-06-13,185000,165000
9449,2011-06-13,2017-03-17,165000,215000
9451,1996-09-27,1999-11-22,45500,65000
9451,1999-11-22,2004-02-12,65000,130000
9451,2004-02-12,2006-06-28,130000,143000
9451,2006-06-28,2018-03-09,143000,195000
9452,1997-02-14,1997-05-14,33500,33500
9452,1997-05-14,2006-03-31,33500,108500
9452,2006-03-31,2025-08-11,108500,160000
9453,2015-10-02,2021-05-11,90000,120000
9454,2001-10-23,2007-02-14,48000,103000
9454,2007-02-14,2020-08-21,103000,110000
9455,1999-01-28,2000-01-07,33000,40000
9457,1997-08-01,2001-10-23,26000,48000
9457,2001-10-23,2006-12-21,48000,90500
9458,2000-04-20,2005-11-30,46500,94000
9459,2012-05-03,2013-02-08,108000,135000
9459,2013-02-08,2022-07-12,135000,210000
9460,1996-03-28,1999-11-26,44000,66000
9460,1999-11-26,2002-07-24,66000,97500
9460,2002-07-24,2006-02-03,97500,145000
9460,2006-02-03,2013-08-19,145000,145000
9460,2013-08-19,2020-07-17,145000,191000
9461,2003-12-05,2005-03-18,110000,149500
9461,2005-03-18,2022-01-14,149500,205000
9462,1997-04-07,2010-12-17,47750,131500
9463,1997-12-05,2001-02-14,50250,76000
9463,2001-02-14,2002-07-26,76000,97500
9463,2002-07-26,2005-10-14,97500,138000
9463,2005-10-14,2015-10-29,138000,170000
9463,2015-10-29,2020-11-04,170000,195000
9463,2020-11-04,2024-07-05,195000,227000
9464,2016-03-23,2017-03-27,176000,229950
9464,2017-03-27,2022-11-25,229950,310000
9465,1997-09-18,1998-11-27,62000,71950
9465,1998-11-27,2000-02-08,71950,89000
9465,2000-02-08,2010-04-07,89000,178000
9466,1997-04-18,1999-12-13,139995,170000
9466,1999-12-13,2004-06-17,170000,280000
9468,1996-06-14,2003-11-05,132000,58781
9468,2003-11-05,2016-12-09,58781,400000
9470,1996-10-30,1999-10-21,130000,155000
9470,1999-10-21,2008-03-14,155000,343000
9473,1996-08-30,2013-05-31,119995,326250
9474,1997-08-15,2006-02-24,114995,271000
9474,2006-02-24,2010-08-06,271000,280000
9474,2010-08-06,2012-11-26,280000,290000
9475,1997-07-18,2005-10-03,90995,239995
9476,1997-12-05,2002-07-04,179995,282500
9476,2002-07-04,2015-08-14,282500,370000
9477,1997-08-22,2001-05-10,132500,189950
9477,2001-05-10,2007-05-14,189950,290000
9477,2007-05-14,2023-05-30,290000,448000
9478,1996-11-12,2001-08-17,107995,180000
9478,2001-08-17,2006-06-14,180000,249950
9478,2006-06-14,2014-01-31,249950,286000
9478,2014-01-31,2020-09-28,286000,405000
9479,1996-03-01,2000-09-15,107995,165000
9479,2000-09-15,2000-09-15,165000,160000
9479,2000-09-15,2007-11-23,160000,320000
9479,2007-11-23,2007-12-21,320000,282500
9480,1996-10-18,2007-06-22,114995,315000
9480,2007-06-22,2017-03-24,315000,450000
9483,1999-02-19,2014-02-28,117000,290000
9483,2014-02-28,2018-02-16,290000,380000
9484,1997-02-28,2023-03-13,107995,475000
9485,1996-05-24,2023-07-28,130000,560000
9486,1996-11-27,1999-08-20,132500,168750
9487,1997-02-21,2000-05-19,130000,169950
9487,2000-05-19,2010-07-12,169950,320000
9488,1996-05-03,1998-10-19,132500,141500
9488,1998-10-19,2007-05-03,141500,319950
9489,1998-12-15,2000-05-31,98000,126500
9490,1996-08-30,2006-11-10,130500,292500
9490,2006-11-10,2012-08-17,292500,295000
9491,1997-05-30,1998-11-26,132500,140000
9491,1998-11-26,2004-08-27,140000,249000
9492,1997-03-17,2011-07-29,119995,312000
9494,1997-08-29,2017-08-03,179995,495000
9496,1997-05-15,2006-05-15,90995,245000
9496,2006-05-15,2015-10-27,245000,313000
9496,2015-10-27,2021-02-15,313000,344000
9498,1997-07-15,2004-07-09,37000,75000
9498,2004-07-09,2010-09-30,75000,82500
9498,2010-09-30,2021-09-03,82500,107500
9498,2021-09-03,2025-10-06,107500,140000
9500,1997-07-15,2005-09-02,37000,80000
9500,2005-09-02,2015-10-30,80000,100000
9500,2015-10-30,2023-01-12,100000,125000
9502,1997-07-15,2001-04-12,37000,95000
9502,2001-04-12,2003-01-31,95000,128000
9502,2003-01-31,2019-05-31,128000,207500
9502,2019-05-31,2022-09-05,207500,250000
9503,1997-07-15,2003-04-04,37000,68000
9503,2003-04-04,2006-06-09,68000,75000
9504,1997-08-20,2004-05-28,37000,75000
9504,2004-05-28,2010-10-29,75000,169000
9504,2010-10-29,2016-09-19,169000,197500
9504,2016-09-19,2022-04-29,197500,240110
9505,1999-04-01,2006-04-19,76500,175000
9505,2006-04-19,2016-10-28,175000,265000
9505,2016-10-28,2021-08-06,265000,295000
9506,2000-06-02,2002-03-19,111750,169000
9506,2002-03-19,2002-03-19,169000,169000
9506,2002-03-19,2007-05-08,169000,178000
9506,2007-05-08,2010-11-19,178000,199950
9506,2010-11-19,2018-10-19,199950,260000
9507,1996-03-08,2016-06-07,55000,215000
9507,2016-06-07,2020-12-18,215000,268000
9508,1996-12-24,1997-12-16,70000,74500
9508,1997-12-16,2000-11-01,74500,139500
9508,2000-11-01,2006-03-20,139500,187500
9508,2006-03-20,2007-03-16,187500,220000
9508,2007-03-16,2011-12-22,220000,195000
9509,1996-05-24,2001-05-04,77000,118000
9509,2001-05-04,2004-12-17,118000,210000
9509,2004-12-17,2018-06-22,210000,285000
9509,2018-06-22,2023-05-31,285000,315000
9510,1996-11-29,2007-05-18,75000,200000
9510,2007-05-18,2010-10-12,200000,215000
9510,2010-10-12,2015-12-18,215000,237500
9510,2015-12-18,2021-09-29,237500,275000
9511,2005-10-18,2016-09-05,201500,270000
9511,2016-09-05,2019-04-26,270000,265000
9511,2019-04-26,2019-10-11,265000,267000
9512,2003-05-23,2009-10-02,190000,200000
9512,2009-10-02,2014-03-31,200000,205000
9512,2014-03-31,2019-05-08,205000,299950
9513,2000-01-11,2006-12-15,185000,349950
9513,2006-12-15,2021-02-25,349950,427000
9514,1997-05-01,1998-09-25,134000,172350
9514,1998-09-25,2002-04-03,172350,242000
9514,2002-04-03,2004-09-20,242000,300000
9514,2004-09-20,2015-03-18,300000,339950
9515,2001-02-09,2002-03-25,175500,250000
9517,2000-11-01,2002-03-08,141000,242000
9517,2002-03-08,2004-03-25,242000,285000
9517,2004-03-25,2009-09-30,285000,315000
9518,2007-03-13,2015-04-02,299950,330000
9520,2020-10-02,2021-08-17,2500000,125000
9521,2003-07-04,2006-06-29,115000,140000
9521,2006-06-29,2013-03-28,140000,139000
9521,2013-03-28,2015-11-06,139000,150000
9521,2015-11-06,2023-03-17,150000,195000
9521,2023-03-17,2025-02-21,195000,215000
9524,2003-12-16,2004-05-21,122000,145000
9525,2004-01-26,2006-06-12,122000,145000
9525,2006-06-12,2016-01-08,145000,140000
9525,2016-01-08,2025-05-15,140000,227500
9527,2003-09-11,2005-09-02,79995,104000
9531,2008-08-14,2015-04-10,445000,540000
9531,2015-04-10,2021-06-23,540000,725000
9532,2004-04-26,2009-05-29,435000,370000
9534,2001-07-30,2007-01-24,163000,245000
9534,2007-01-24,2010-02-04,245000,290000
9534,2010-02-04,2019-11-29,290000,400000
9535,1999-03-04,2025-07-16,129950,520000
9536,2013-01-21,2022-07-22,425000,875000
9537,2006-07-12,2016-09-27,550000,1100000
9537,2016-09-27,2021-03-12,1100000,900000
9537,2021-03-12,2021-10-04,900000,900000
9538,1998-09-30,2007-05-25,200000,600000
9539,1997-03-07,2024-01-16,250000,770000
9540,1998-08-21,2004-05-21,244000,425000
9540,2004-05-21,2006-11-17,425000,580000
9542,2005-08-12,2020-06-10,460000,618000
9542,2020-06-10,2022-11-29,618000,920000
9545,2001-06-07,2003-12-12,390000,80000
9545,2003-12-12,2005-06-16,80000,650000
9545,2005-06-16,2016-10-25,650000,4376207
9546,2011-05-06,2014-11-13,360000,457750
9547,2000-05-19,2017-07-21,48000,126000
9549,2006-05-05,2023-02-01,116000,114000
9550,2002-08-01,2013-05-31,79500,110000
9550,2013-05-31,2018-06-29,110000,130000
9550,2018-06-29,2025-01-21,130000,145000
9551,2007-09-13,2016-07-21,167000,159000
9552,1995-10-27,1997-10-10,41000,51950
9552,1997-10-10,2001-02-02,51950,78590
9552,2001-02-02,2003-02-28,78590,121000
9552,2003-02-28,2006-11-17,121000,167000
9552,2006-11-17,2010-09-10,167000,150000
9552,2010-09-10,2018-03-23,150000,189000
9552,2018-03-23,2018-06-29,189000,194955
9552,2018-06-29,2024-09-27,194955,242000
9553,1995-06-30,1999-11-03,38000,65000
9553,1999-11-03,2001-10-08,65000,78000
9553,2001-10-08,2003-06-23,78000,125000
9557,1997-10-09,2006-08-25,38000,123500
9557,2006-08-25,2008-12-19,123500,115000
9557,2008-12-19,2015-08-21,115000,123000
9557,2015-08-21,2017-06-19,123000,146000
9558,2004-03-24,2006-07-12,86500,125000
9558,2006-07-12,2025-04-16,125000,145000
9559,1999-10-05,2003-08-15,54000,95000
9559,2003-08-15,2010-10-22,95000,113500
9559,2010-10-22,2014-09-05,113500,118000
9560,2013-08-30,2018-04-06,90000,148000
9562,1998-08-28,2000-04-28,41000,59000
9562,2000-04-28,2007-09-21,59000,132500
9562,2007-09-21,2018-11-08,132500,120000
9563,1997-10-02,2024-06-14,32000,142500
9564,1995-07-07,2008-10-03,41000,120000
9564,2008-10-03,2012-01-13,120000,115000
9568,1998-09-04,2016-10-21,79995,285000
9569,1997-06-18,1997-10-20,50000,74950
9571,1996-12-06,1997-06-12,55500,68000
9572,2003-01-22,2010-12-02,126550,220000
9572,2010-12-02,2018-05-11,220000,288000
9574,2006-06-23,2009-10-30,185000,190000
9575,2007-11-02,2014-07-03,131250,135000
9575,2014-07-03,2017-12-21,135000,153500
9577,1999-11-18,2001-10-30,110500,226000
9577,2001-10-30,2012-01-25,226000,349950
9577,2012-01-25,2015-07-13,349950,387000
9578,1997-10-03,2022-06-10,99000,515000
9581,2005-08-09,2007-08-01,237000,330000
9581,2007-08-01,2015-02-19,330000,350000
9582,1999-10-15,2012-02-01,80000,187000
9582,2012-02-01,2014-08-14,187000,269000
9584,2005-05-09,2009-06-12,238000,218500
9585,2005-11-18,2020-01-10,172000,400000
9586,1999-07-14,1999-09-30,270000,285000
9586,1999-09-30,2019-12-20,285000,790000
9588,2009-12-11,2014-09-23,510000,587500
9588,2014-09-23,2014-09-23,587500,580000
9588,2014-09-23,2016-10-14,580000,770000
9592,2001-12-17,2008-03-18,312000,380000
9596,1997-07-14,2003-09-26,117000,250000
9596,2003-09-26,2023-03-09,250000,1100000
9597,2000-02-29,2008-09-05,55000,175000
9598,1997-07-31,2002-01-08,59000,116000
9599,2000-06-02,2001-12-12,95000,115000
9599,2001-12-12,2025-03-28,115000,187500
9602,2002-02-18,2002-04-25,92500,120000
9602,2002-04-25,2002-09-30,120000,149000
9602,2002-09-30,2007-05-17,149000,155000
9602,2007-05-17,2012-10-12,155000,165000
9602,2012-10-12,2022-02-25,165000,240000
9603,1995-02-17,2000-06-02,54000,89995
9605,2003-09-30,2004-05-24,150000,230000
9605,2004-05-24,2005-11-28,230000,238000
9606,2013-08-16,2014-08-18,250000,319950
9606,2014-08-18,2016-12-21,319950,512500
9608,2022-04-01,2025-10-17,195000,240000
9609,1995-05-31,1999-11-08,35000,58995
9609,1999-11-08,2004-11-15,58995,100000
9609,2004-11-15,2016-12-09,100000,165000
9609,2016-12-09,2018-01-12,165000,175000
9610,1997-03-21,2000-11-30,44000,80500
9610,2000-11-30,2002-05-10,80500,105000
9610,2002-05-10,2006-07-07,105000,120000
9611,2009-12-18,2013-07-19,210000,324000
9612,2009-10-09,2023-08-31,287500,610000
9613,2007-06-11,2016-02-19,249950,295000
9614,2009-08-21,2021-03-11,230000,390000
9615,1998-08-10,2005-12-02,85500,237500
9615,2005-12-02,2012-08-23,237500,240000
9616,1995-10-30,2006-12-01,60000,240000
9616,2006-12-01,2012-09-17,240000,232500
9616,2012-09-17,2016-05-05,232500,295000
9617,2015-05-15,2019-12-17,560000,800000
9621,2000-10-04,2004-10-15,290000,475000
9622,1998-01-30,2007-06-06,150000,525000
9622,2007-06-06,2012-08-21,525000,550000
9624,1999-11-02,2001-09-21,195000,279000
9624,2001-09-21,2002-05-08,279000,280000
9624,2002-05-08,2005-11-11,280000,460000
9624,2005-11-11,2013-09-11,460000,461000
9624,2013-09-11,2024-11-27,461000,875000
9625,2003-09-26,2004-06-23,90000,104000
9625,2004-06-23,2015-03-13,104000,112000
9625,2015-03-13,2017-03-03,112000,120000
9626,2003-09-17,2012-12-13,107000,102500
9626,2012-12-13,2016-08-18,102500,120500
9627,2003-09-12,2015-12-11,134500,133500
9628,2003-11-28,2023-09-14,150500,180000
9629,2004-04-30,2017-09-13,135000,150000
9629,2017-09-13,2024-11-15,150000,176000
9630,2004-05-21,2015-08-03,157000,147500
9630,2015-08-03,2016-04-11,147500,154000
9630,2016-04-11,2019-08-02,154000,186500
9631,2003-09-12,2006-03-31,100000,124000
9631,2006-03-31,2012-06-06,124000,110000
9631,2012-06-06,2022-05-06,110000,130000
9632,2004-05-21,2016-06-21,130000,145000
9633,2003-12-05,2009-06-17,150000,153500
9633,2009-06-17,2012-02-01,153500,152500
9633,2012-02-01,2019-07-12,152500,180000
9633,2019-07-12,2021-12-17,180000,170000
9634,2003-09-12,2010-06-04,95000,114000
9635,2004-02-16,2025-04-24,133000,160000
9637,2018-08-07,2026-02-06,372500,415000
9639,2018-05-14,2026-03-16,365000,445000
9643,2010-09-10,2019-09-12,485000,635000
9647,2008-03-03,2008-05-30,146310,162500
9649,1996-04-26,1998-04-27,109000,149950
9650,2001-07-06,2003-01-23,172000,217475
9650,2003-01-23,2008-07-21,217475,277500
9651,2004-05-28,2008-06-27,95000,88500
9651,2008-06-27,2009-01-07,88500,87000
9651,2009-01-07,2012-11-30,87000,102000
9652,1997-11-21,1999-12-16,40000,61500
9652,1999-12-16,2009-06-17,61500,132500
9652,2009-06-17,2014-06-11,132500,80000
9652,2014-06-11,2015-05-21,80000,132000
9652,2015-05-21,2016-05-11,132000,133500
9652,2016-05-11,2021-09-30,133500,170000
9653,2001-09-03,2008-03-19,129000,194000
9653,2008-03-19,2014-11-26,194000,250000
9653,2014-11-26,2022-03-25,250000,245000
9654,2012-09-28,2015-04-28,124500,170000
9654,2015-04-28,2019-02-11,170000,190000
9654,2019-02-11,2023-02-07,190000,190000
9657,1996-04-01,2012-04-10,63750,219500
9659,1997-06-20,1999-10-08,235000,350000
9659,1999-10-08,2003-05-01,350000,500000
9660,1998-05-26,2005-12-21,245000,349995
9661,2011-07-01,2018-08-30,342500,448500
9665,2014-02-06,2024-01-26,320000,538000
9666,1995-02-06,2002-09-13,103000,275000
9666,2002-09-13,2012-11-09,275000,372000
9667,2009-10-20,2016-09-08,281000,385000
9669,2001-06-08,2007-04-13,124950,248125
9669,2007-04-13,2016-10-21,248125,285000
9669,2016-10-21,2025-02-03,285000,465000
9672,1999-01-22,2000-07-18,120000,189280
9673,2015-08-04,2015-08-04,480000,480000
9674,1999-05-26,1999-10-08,38000,89995
9674,1999-10-08,2004-07-16,89995,194950
9674,2004-07-16,2013-09-30,194950,234000
9674,2013-09-30,2023-07-31,234000,370000
9675,2022-11-21,2025-07-31,295928,467000
9676,2004-01-13,2006-03-03,285000,310000
9676,2006-03-03,2021-02-26,310000,425000
9679,2015-12-22,2023-12-08,150000,270000
9680,1999-09-28,2009-08-07,75000,152000
9680,2009-08-07,2015-07-17,152000,175000
9680,2015-07-17,2020-01-10,175000,223000
9681,2017-03-17,2022-01-06,187000,220000
9682,1999-12-10,2003-08-29,62500,120000
9682,2003-08-29,2016-10-18,120000,190000
9682,2016-10-18,2019-05-24,190000,215000
9683,1996-08-07,2002-02-01,40000,98000
9683,2002-02-01,2006-11-22,98000,165000
9683,2006-11-22,2013-08-30,165000,168000
9685,2002-03-15,2017-11-24,104950,175000
9685,2017-11-24,2021-03-19,175000,212000
9686,1995-11-30,2010-06-18,41500,142000
9686,2010-06-18,2025-09-05,142000,250000
9688,2007-10-05,2015-12-21,129000,115000
9689,2008-01-04,2015-07-10,122000,129000
9691,2017-01-16,2017-08-29,31250,249079
9693,2007-06-20,2016-12-06,220000,197000
9693,2016-12-06,2020-08-28,197000,260000
9693,2020-08-28,2021-12-01,260000,250000
9696,2001-07-02,2021-10-08,168000,575000
9697,1996-11-22,2012-04-27,114950,395000
9701,2012-02-17,2018-07-16,240000,521000
9701,2018-07-16,2022-08-02,521000,664400
9702,2016-04-05,2022-07-20,467500,760000
9703,2008-05-21,2015-06-29,315000,416000
9705,2009-11-27,2014-11-20,315000,397500
9706,1996-03-29,1999-07-30,72000,122000
9706,1999-07-30,2018-10-16,122000,380000
9708,2009-12-07,2019-04-24,310000,447000
9709,2009-12-22,2010-12-20,220000,320000
9714,2007-02-21,2010-02-05,295000,246000
9714,2010-02-05,2019-04-18,246000,340000
9715,2007-02-21,2009-08-07,295000,247500
9715,2009-08-07,2013-11-29,247500,244000
9716,2008-01-09,2015-03-24,289950,310000
9718,2007-10-11,2019-01-02,305300,356000
9720,2018-07-02,2020-12-15,375000,575000
9722,1998-09-16,2009-10-01,121000,250000
9723,1996-04-19,2003-09-26,49000,131500
9723,2003-09-26,2022-07-12,131500,265100
9724,2007-12-14,2021-10-15,172000,249950
9727,2004-10-07,2021-05-27,205000,275000
9727,2021-05-27,2023-03-09,275000,360000
9730,1997-01-10,1999-11-19,74000,95000
9731,2003-08-07,2008-08-08,146255,225000
9731,2008-08-08,2014-12-17,225000,250000
9731,2014-12-17,2021-02-26,250000,327000
9734,2001-10-19,2002-02-25,72000,70000
9735,1995-12-01,1999-08-25,38249,56000
9735,1999-08-25,2002-02-25,56000,70000
9735,2002-02-25,2015-07-06,70000,100000
9736,1999-03-29,2014-10-16,49700,129025
9738,2005-09-30,2012-07-17,136999,130000
9738,2012-07-17,2020-04-09,130000,157500
9739,2006-07-28,2021-02-24,185000,650000
9741,1997-05-23,2024-05-01,115000,240000
9743,1996-11-01,2022-10-07,112000,525000
9744,2002-04-24,2003-12-01,250000,315100
9746,2007-05-25,2023-05-23,120000,200000
9747,2007-05-25,2024-11-15,120000,165000
9749,2007-05-25,2022-12-14,190000,335000
9751,2001-02-16,2002-11-05,57250,116000
9751,2002-11-05,2015-05-11,116000,171000
9751,2015-05-11,2020-12-17,171000,209950
9752,2010-04-23,2012-08-30,78000,115500
9752,2012-08-30,2019-07-22,115500,160000
9752,2019-07-22,2024-12-18,160000,197500
9753,2001-05-04,2025-02-28,82500,230000
9754,2010-06-30,2020-12-18,150000,210000
9755,2002-12-13,2015-04-27,119000,178000
9755,2015-04-27,2019-03-15,178000,215000
9756,1997-12-01,2003-01-07,44950,127500
9757,2009-03-20,2014-01-09,135000,155000
9760,2000-01-21,2005-07-28,76995,155000
9760,2005-07-28,2014-09-15,155000,169250
9765,2003-08-08,2021-07-06,137500,205000
9766,2011-09-30,2014-04-16,145000,158000
9766,2014-04-16,2021-09-10,158000,253600
9767,2012-07-13,2014-12-08,158000,185000
9767,2014-12-08,2021-06-28,185000,243000
9768,2005-09-19,2012-05-02,149950,145000
9770,1997-10-17,1998-12-01,25000,65000
9772,2005-11-18,2007-04-13,105000,129950
9772,2007-04-13,2021-09-21,129950,165000
9773,2002-09-27,2016-05-20,135000,265000
9777,2006-12-21,2019-11-08,195000,230000
9777,2019-11-08,2021-09-01,230000,339950
9779,2021-08-03,2023-10-18,330000,360000
9780,2004-10-15,2020-05-29,166500,287550
9781,2000-09-29,2002-04-12,79950,124000
9781,2002-04-12,2006-12-15,124000,174045
9782,2001-10-12,2012-06-22,89000,170000
9786,2004-06-04,2010-06-02,139995,184000
9786,2010-06-02,2014-05-30,184000,208000
9788,2011-06-10,2025-04-02,134888,290000
9789,1997-07-31,2019-06-28,57500,270000
9790,2020-12-03,2021-04-30,190000,245000
9790,2021-04-30,2025-03-24,245000,328000
9793,2003-11-07,2005-06-08,117500,165000
9793,2005-06-08,2006-05-26,165000,186750
9793,2006-05-26,2024-09-27,186750,320000
9796,2005-11-23,2006-06-20,145000,186000
9796,2006-06-20,2009-05-15,186000,157500
9796,2009-05-15,2013-11-15,157500,192500
9796,2013-11-15,2017-08-18,192500,250500
9797,1996-08-16,2017-03-22,49000,230000
9802,1999-12-21,2002-07-05,87000,128500
9804,2016-09-23,2021-07-20,242000,281000
9805,2005-05-27,2006-12-05,146000,185000
9805,2006-12-05,2017-02-10,185000,310000
9805,2017-02-10,2022-09-30,310000,400000
9806,1996-09-13,2017-12-01,45000,273000
9806,2017-12-01,2021-07-09,273000,280000
9808,2001-11-21,2017-01-06,49000,400000
9810,2016-09-16,2016-12-21,163000,192500
9812,2013-03-28,2015-04-01,197000,220000
9813,2004-07-30,2005-08-05,162500,175000
9819,2000-09-06,2001-09-28,60000,60000
9819,2001-09-28,2004-04-16,60000,58000
9819,2004-04-16,2005-07-29,58000,90000
9819,2005-07-29,2016-10-21,90000,147000
9822,2016-11-18,2021-09-24,256000,281000
9823,2007-08-29,2009-08-21,375000,194000
9823,2009-08-21,2017-02-24,194000,255000
9824,2000-05-19,2017-03-22,80000,250000
9824,2017-03-22,2023-05-03,250000,270000
9825,1999-07-13,2021-03-31,55000,254000
9827,1997-09-19,2005-01-21,48000,163500
9829,2000-06-12,2005-05-25,78725,164950
9830,1997-07-04,2021-06-11,61950,270000
9832,2002-08-30,2016-11-23,112000,300000
9832,2016-11-23,2021-03-18,300000,365000
9836,2013-05-31,2018-09-06,177500,273000
9837,2003-09-01,2005-07-15,158000,187500
9837,2005-07-15,2019-12-17,187500,345000
9838,1998-11-16,2000-08-25,66500,90000
9840,2011-03-04,2017-06-16,183500,275000
9843,1999-12-10,2022-10-07,83500,360000
9844,1996-05-31,2003-11-12,34500,113000
9844,2003-11-12,2009-12-08,113000,154000
9844,2009-12-08,2015-11-30,154000,179000
9844,2015-11-30,2025-11-20,179000,253500
9845,1995-06-23,2015-09-18,40000,199999
9845,2015-09-18,2024-07-30,199999,290000
9846,2011-03-25,2016-03-11,150000,190000
9846,2016-03-11,2021-11-26,190000,270000
9847,2006-09-29,2015-11-20,170000,220000
9848,2001-03-20,2015-02-20,89700,190000
9849,1996-01-12,1999-11-12,45500,79000
9849,1999-11-12,2009-04-20,79000,147500
9850,1997-05-30,2000-11-10,48000,92500
9850,2000-11-10,2010-05-21,92500,175000
9850,2010-05-21,2023-12-20,175000,233000
9851,2002-11-07,2003-05-14,100000,166000
9852,2017-11-09,2023-04-28,218000,375000
9857,2007-12-07,2017-10-16,175000,247500
9858,2003-01-30,2005-12-05,124000,156250
9859,2002-05-03,2020-01-10,135000,239000
9862,1998-06-05,2007-08-30,57000,202000
9862,2007-08-30,2012-08-21,202000,200000
9862,2012-08-21,2021-03-25,200000,275000
9872,2017-03-01,2024-07-18,205000,240000
9876,2010-11-01,2017-01-06,185000,272500
9876,2017-01-06,2024-09-26,272500,392000
9881,2000-07-19,2006-10-20,87000,185000
9881,2006-10-20,2014-08-04,185000,215000
9886,1999-03-26,2016-08-08,64000,235000
9886,2016-08-08,2020-10-07,235000,260000
9888,2006-10-27,2014-09-12,191000,205000
9890,2002-10-28,2006-05-19,55000,173000
9891,1996-01-12,1997-06-06,44000,47500
9892,2014-04-29,2020-10-07,210000,280000
9893,2006-12-07,2011-09-14,126000,148000
9893,2011-09-14,2012-05-02,148000,200000
9893,2012-05-02,2014-11-17,200000,230000
9893,2014-11-17,2020-08-04,230000,261000
9895,2003-08-13,2011-10-21,125000,171000
9895,2011-10-21,2014-07-25,171000,225000
9900,1998-09-10,2017-12-08,58000,210000
9900,2017-12-08,2020-04-07,210000,287500
9900,2020-04-07,2025-06-26,287500,355000
9901,1996-10-11,2007-08-16,51000,85000
9901,2007-08-16,2025-07-01,85000,255000
9902,2001-07-20,2002-08-30,70000,139000
9902,2002-08-30,2009-08-28,139000,174995
9902,2009-08-28,2014-09-12,174995,196000
9902,2014-09-12,2021-06-30,196000,265000
9904,2018-09-14,2021-03-31,215000,300000
9907,1996-08-06,1998-10-21,49000,65500
9907,1998-10-21,2015-12-18,65500,191500
9908,1997-08-27,1999-04-20,59995,63000
9908,1999-04-20,2012-01-06,63000,180000
9908,2012-01-06,2017-11-15,180000,235000
9909,2000-03-20,2009-11-19,79500,192500
9909,2009-11-19,2018-07-16,192500,270000
9909,2018-07-16,2022-09-09,270000,353535
9912,2013-06-14,2021-06-18,174000,247000
9914,2019-05-30,2024-12-16,230000,342000
9916,1995-01-11,2002-05-30,59000,112500
9916,2002-05-30,2006-12-19,112500,199950
9916,2006-12-19,2020-08-10,199950,265000
9917,1996-06-21,2026-02-13,46500,273000
9920,1995-11-01,1998-05-29,54000,60000
9920,1998-05-29,2013-08-16,60000,174000
9923,2002-03-01,2017-03-30,77500,190000
9923,2017-03-30,2017-12-15,190000,240000
9925,2010-10-08,2013-08-09,155000,182000
9925,2013-08-09,2019-03-28,182000,260000
9925,2019-03-28,2025-10-17,260000,367000
9927,2012-06-01,2019-04-25,182000,235000
9931,1998-10-01,2001-05-25,57000,87000
9932,2009-10-23,2017-07-06,144000,146500
9932,2017-07-06,2021-02-26,146500,130000
9935,2022-04-29,2024-07-31,300000,365000
9936,2006-06-30,2009-05-26,180000,155000
9936,2009-05-26,2015-01-20,155000,268000
9938,2016-10-21,2020-07-15,200000,240000
9940,2005-04-08,2016-05-31,173000,245000
9944,2008-10-31,2008-10-31,135000,135000
9946,1997-11-05,2000-08-24,58000,87500
9946,2000-08-24,2002-03-27,87500,28000
9946,2002-03-27,2007-12-11,28000,194000
9946,2007-12-11,2019-04-24,194000,257000
9947,2014-10-01,2025-02-05,177000,365000
9948,2006-11-14,2007-11-19,150000,197000
9950,1999-05-07,2001-08-09,67000,92950
9950,2001-08-09,2021-04-16,92950,260000
9951,1997-10-10,2012-12-19,56000,164500
9952,2000-01-28,2019-12-20,67000,260000
9955,1999-05-14,2006-04-21,59700,179000
9956,1995-08-11,2021-01-15,43000,227000
9957,1998-08-21,1999-05-07,55500,60000
9957,1999-05-07,2002-07-12,60000,106000
9957,2002-07-12,2006-01-06,106000,160000
9958,1997-07-25,2003-07-18,52500,147500
9961,1998-09-01,2006-02-06,59995,180000
9961,2006-02-06,2024-11-29,180000,395000
9964,1996-09-26,2008-03-14,50000,151000
9964,2008-03-14,2025-11-10,151000,270000
9965,1998-03-20,2000-01-31,32000,35000
9965,2000-01-31,2017-03-10,35000,291500
9965,2017-03-10,2022-01-20,291500,350000
9965,2022-01-20,2025-01-17,350000,395000
9966,2000-11-22,2010-09-02,78500,176000
9966,2010-09-02,2014-09-05,176000,182500
9966,2014-09-05,2022-11-29,182500,350000
9967,2003-12-05,2017-11-23,125000,249999
9969,2006-03-01,2009-11-20,172000,170500
9969,2009-11-20,2015-01-15,170500,218000
9969,2015-01-15,2020-10-16,218000,265000
9969,2020-10-16,2022-08-01,265000,342000
9973,2013-06-11,2020-12-03,150000,259000
9975,1999-06-25,2003-09-29,66000,128000
9975,2003-09-29,2006-03-10,128000,173500
9975,2006-03-10,2014-04-09,173500,182500
9976,1998-07-30,2017-02-03,10000,190000
9977,1995-05-30,2010-07-07,49000,166950
9977,2010-07-07,2012-08-30,166950,173500
9979,1999-01-04,2007-03-30,63500,164000
9979,2007-03-30,2007-09-07,164000,194500
9979,2007-09-07,2014-01-23,194500,195000
9979,2014-01-23,2020-09-11,195000,260000
9979,2020-09-11,2024-07-25,260000,305000
9981,2001-04-12,2002-11-15,69000,135000
9981,2002-11-15,2013-09-26,135000,174000
9981,2013-09-26,2025-09-26,174000,310000
9982,2014-01-16,2014-11-19,150000,200000
9982,2014-11-19,2018-10-23,200000,255500
9983,2003-12-02,2010-04-30,130000,167500
9983,2010-04-30,2020-09-11,167500,260000
9984,2001-07-03,2003-12-16,77000,127500
9984,2003-12-16,2006-08-31,127500,167500
9984,2006-08-31,2024-12-06,167500,370000
9985,1999-08-17,2022-07-14,78250,309000
9987,2018-08-31,2021-06-07,222000,238000
9989,2002-10-18,2011-01-27,128500,172000
9992,1997-12-17,1998-07-24,48000,67000
9994,1997-12-23,2004-06-14,65000,152995
9994,2004-06-14,2019-08-08,152995,260000
9994,2019-08-08,2023-03-21,260000,388000
9995,1998-06-05,2010-02-15,59000,174999
9998,2001-02-25,2009-12-31,114000,180000
9998,2009-12-31,2015-09-25,180000,232000
9998,2015-09-25,2022-10-19,232000,323000
10002,2013-04-19,2016-08-05,195000,240000
10002,2016-08-05,2023-07-17,240000,351300
10004,2013-04-30,2018-10-12,168995,230000
10004,2018-10-12,2018-11-28,230000,230000
10005,2013-05-01,2019-03-29,169995,239000
10006,2013-06-28,2019-05-31,164000,225000
10006,2019-05-31,2019-05-31,225000,221500
10006,2019-05-31,2022-03-11,221500,260000
10006,2022-03-11,2025-10-31,260000,286000
10007,2013-07-19,2020-01-17,164500,220000
10010,2013-07-26,2015-10-12,207000,239950
10015,2014-02-28,2019-03-14,281750,355000
10015,2019-03-14,2021-05-27,355000,388000
10016,2014-01-13,2018-06-08,280000,280000
10017,2013-11-20,2025-06-30,290000,465000
10020,2013-12-05,2016-03-29,167795,222200
10020,2016-03-29,2019-08-09,222200,225000
10020,2019-08-09,2019-12-19,225000,220000
10020,2019-12-19,2023-07-31,220000,288000
10023,2002-12-12,2014-09-26,189950,245000
10023,2014-09-26,2021-04-30,245000,255000
10025,2002-11-01,2005-07-19,189000,197500
10025,2005-07-19,2013-05-31,197500,230000
10025,2013-05-31,2017-05-19,230000,295000
10026,2003-05-02,2003-06-13,145000,163000
10026,2003-06-13,2007-06-15,163000,226000
10026,2007-06-15,2010-04-19,226000,229950
10026,2010-04-19,2015-07-03,229950,400000
10027,2002-12-11,2004-08-19,160000,199750
10027,2004-08-19,2007-07-05,199750,234950
10027,2007-07-05,2020-02-07,234950,260000
10028,2003-03-21,2016-01-15,160000,265000
10029,2002-12-20,2004-06-24,145000,198950
10030,2003-03-21,2015-11-20,169000,260000
10031,2003-02-21,2017-04-06,215000,335000
10032,2003-02-21,2006-01-27,189950,229950
10033,2006-11-10,2014-01-31,545000,440500
10035,2006-06-21,2022-04-12,375000,540000
10037,2019-10-11,2025-08-13,182500,210000
10038,2000-02-14,2005-12-23,195000,360000
10038,2005-12-23,2006-05-02,360000,425000
10038,2006-05-02,2007-08-10,425000,398000
10038,2007-08-10,2014-01-20,398000,340000
10038,2014-01-20,2019-11-15,340000,492000
10039,1999-07-30,2001-07-12,133000,194950
10039,2001-07-12,2019-05-08,194950,530000
10041,2003-11-14,2012-02-13,365000,525000
10042,1999-07-27,2002-09-02,225000,322000
10043,2006-04-28,2007-05-25,120000,168950
10043,2007-05-25,2015-02-23,168950,152500
10044,2000-02-11,2002-03-28,55000,76000
10044,2002-03-28,2005-11-25,76000,129000
10044,2005-11-25,2016-12-06,129000,152500
10044,2016-12-06,2021-05-20,152500,177000
10046,2002-08-02,2009-05-22,295000,280000
10047,2005-02-25,2007-07-10,460000,213000
10047,2007-07-10,2020-03-20,213000,684000
10049,1997-03-03,1999-09-24,134000,179500
10050,1996-12-09,1999-04-07,147150,190000
10050,1999-04-07,2004-02-23,190000,385000
10052,1999-12-17,2019-01-25,58500,165000
10053,2004-09-03,2007-08-30,116000,143000
10053,2007-08-30,2014-02-28,143000,132000
10053,2014-02-28,2020-10-28,132000,170000
10054,1997-04-08,2006-10-27,40500,124999
10054,2006-10-27,2022-12-19,124999,187000
10057,1999-03-05,2001-12-20,63000,80000
10058,1995-01-18,2026-01-09,23000,245000
10060,1995-08-25,2000-01-06,53500,84995
10060,2000-01-06,2017-08-16,84995,202500
10062,2013-02-04,2022-12-12,250000,450000
10066,2012-05-31,2015-10-16,143500,207512
10068,2013-09-18,2022-06-24,150000,378000
10070,1999-07-16,2007-02-16,64500,193000
10071,1999-01-22,1999-08-10,71500,77500
10071,1999-08-10,2006-04-28,77500,160000
10075,1999-06-17,2003-08-01,60000,120000
10075,2003-08-01,2012-05-31,120000,170000
10077,1999-10-29,2003-04-11,68500,126500
10078,2010-09-16,2017-02-23,180000,225000
10079,2015-11-18,2025-10-13,180000,380000
10080,2004-04-30,2004-08-23,141000,172500
10083,1995-01-27,2002-03-28,47000,129950
10086,1997-03-20,2003-02-14,49000,131500
10086,2003-02-14,2010-09-30,131500,203000
10086,2010-09-30,2024-07-05,203000,395000
10089,2005-04-25,2025-08-08,160000,275000
10091,1996-09-27,1999-10-12,92500,122000
10093,2007-10-08,2016-08-12,215000,264000
10096,2006-01-27,2024-04-19,150000,352252
10102,1998-05-08,2003-08-29,58500,130000
10102,2003-08-29,2006-08-10,130000,199995
10102,2006-08-10,2007-07-26,199995,235000
10104,1998-09-08,2010-07-30,67500,172000
10104,2010-07-30,2025-06-24,172000,346119
10106,1997-02-28,2004-02-27,48000,155000
10106,2004-02-27,2020-03-16,155000,252000
10109,1996-11-08,2001-12-07,68500,119995
10109,2001-12-07,2005-08-31,119995,173000
10109,2005-08-31,2007-12-14,173000,279000
10109,2007-12-14,2014-03-07,279000,269000
10109,2014-03-07,2015-09-18,269000,299950
10111,2003-06-11,2007-12-14,124000,182500
10111,2007-12-14,2010-11-05,182500,175000
10112,2004-12-02,2010-05-21,175000,185000
10113,2018-11-14,2021-10-22,227000,270000
10115,1999-10-26,2001-03-16,59950,59500
10115,2001-03-16,2002-07-31,59500,81950
10115,2002-07-31,2004-12-22,81950,116000
10115,2004-12-22,2017-07-25,116000,165000
10116,2006-05-25,2017-07-25,118000,165000
10116,2017-07-25,2021-03-31,165000,185000
10117,1997-11-14,2017-08-22,68000,240000
10117,2017-08-22,2018-07-06,240000,295000
10117,2018-07-06,2021-05-06,295000,245000
10117,2021-05-06,2024-05-03,245000,297500
10119,2002-10-18,2005-06-14,129950,195000
10119,2005-06-14,2006-09-29,195000,215000
10119,2006-09-29,2007-11-21,215000,180000
10119,2007-11-21,2016-12-09,180000,244000
10120,1998-08-10,2016-12-01,67000,197000
10121,1997-10-23,2007-03-30,77000,210000
10122,2002-09-27,2009-09-18,110050,149950
10125,2004-02-19,2009-11-18,135000,155000
10126,1996-08-30,2003-05-30,76500,190000
10126,2003-05-30,2005-09-01,190000,248000
10129,1996-07-05,1998-12-22,42000,49000
10129,1998-12-22,2004-10-01,49000,158000
10129,2004-10-01,2015-11-19,158000,211000
10130,2000-05-26,2000-10-26,67000,94000
10130,2000-10-26,2003-05-30,94000,143500
10130,2003-05-30,2006-08-17,143500,154250
10130,2006-08-17,2017-08-25,154250,260000
10131,2005-06-29,2016-11-25,136000,240000
10131,2016-11-25,2021-02-16,240000,270000
10132,2014-10-17,2017-12-05,165000,220000
10132,2017-12-05,2020-11-27,220000,250000
10136,2005-03-01,2005-10-31,136500,162250
10137,2004-05-28,2007-04-02,127500,171800
10137,2007-04-02,2019-10-11,171800,225000
10142,1997-07-28,2002-03-07,52995,99000
10142,2002-03-07,2012-07-16,99000,205000
10146,1996-04-29,2010-07-30,56500,195000
10146,2010-07-30,2016-06-09,195000,235250
10147,1998-10-02,2002-01-04,52000,95000
10147,2002-01-04,2009-07-23,95000,180000
10147,2009-07-23,2012-09-24,180000,198000
10147,2012-09-24,2016-01-25,198000,220000
10147,2016-01-25,2019-10-25,220000,275000
10149,1998-02-06,2000-10-31,50000,88000
10152,2013-08-02,2024-08-23,210000,357000
10154,1995-11-21,2001-08-01,40500,90000
10154,2001-08-01,2004-08-02,90000,163500
10154,2004-08-02,2009-11-27,163500,167000
10155,2010-06-18,2016-09-23,150000,215000
10155,2016-09-23,2022-03-11,215000,287500
10155,2022-03-11,2024-10-07,287500,310000
10156,2000-03-24,2005-04-26,76500,157000
10158,1998-11-25,2000-03-31,65000,83500
10158,2000-03-31,2017-02-28,83500,210000
10160,1997-09-20,2004-07-23,65000,184000
10165,2010-09-03,2022-07-01,165000,310000
10167,1999-09-22,2014-12-18,64500,200000
10167,2014-12-18,2018-08-13,200000,255000
10169,1996-07-22,2006-12-01,57500,220000
10169,2006-12-01,2018-07-27,220000,328000
10170,2001-12-14,2003-07-25,98000,141000
10170,2003-07-25,2016-12-14,141000,279950
10174,2013-05-24,2018-02-09,200000,260000
10175,2001-09-12,2001-12-07,76000,109950
10175,2001-12-07,2005-08-25,109950,159000
10176,1996-03-08,2021-07-23,46750,277000
10177,1997-09-27,2021-11-19,54000,235000
10178,1997-09-29,2002-10-25,42000,142000
10178,2002-10-25,2018-09-25,142000,245000
10179,1995-04-28,2000-08-25,40000,85000
10179,2000-08-25,2018-08-31,85000,223000
10181,1998-07-14,2004-12-10,66000,167000
10181,2004-12-10,2008-05-23,167000,190000
10181,2008-05-23,2014-10-23,190000,225000
10181,2014-10-23,2020-10-02,225000,255000
10182,2002-09-27,2009-12-16,105000,195000
10182,2009-12-16,2018-09-03,195000,275000
10185,1997-12-08,2000-10-23,54500,83000
10186,2009-12-01,2012-12-04,157000,202000
10186,2012-12-04,2019-12-13,202000,260000
10187,1999-03-12,2000-10-27,52000,74950
10188,2018-01-26,2023-09-27,220000,280000
10189,1995-07-14,2002-06-24,39000,86000
10189,2002-06-24,2006-08-25,86000,178000
10189,2006-08-25,2010-12-17,178000,164950
10189,2010-12-17,2023-06-30,164950,220000
10190,2004-07-02,2022-03-14,163500,295000
10190,2022-03-14,2022-11-21,295000,285000
10192,1996-10-25,1996-12-23,23650,27500
10192,1996-12-23,2001-08-17,27500,66000
10192,2001-08-17,2021-02-19,66000,225000
10195,2001-04-06,2005-11-11,90000,183000
10195,2005-11-11,2010-04-30,183000,215000
10195,2010-04-30,2012-08-24,215000,215000
10196,2011-07-15,2017-02-17,190000,285121
10200,1995-07-14,2004-11-05,52000,170000
10200,2004-11-05,2008-01-31,170000,195000
10200,2008-01-31,2010-04-09,195000,190000
10200,2010-04-09,2018-08-17,190000,238000
10200,2018-08-17,2025-12-19,238000,305000
10202,2005-10-07,2007-08-24,145000,187500
10203,1995-07-14,2005-10-04,46500,183000
10203,2005-10-04,2010-11-26,183000,220000
10206,1998-07-15,2002-08-21,55000,133500
10206,2002-08-21,2014-02-17,133500,179950
10206,2014-02-17,2020-07-23,179950,256000
10206,2020-07-23,2023-05-26,256000,360000
10209,2001-04-27,2014-11-28,87500,60000
10209,2014-11-28,2021-03-30,60000,222000
10210,2002-01-25,2016-05-04,88500,185000
10211,2001-06-29,2008-06-13,85000,159000
10211,2008-06-13,2010-10-22,159000,176000
10212,2002-02-11,2011-07-29,102000,177500
10214,2013-12-02,2023-11-15,186500,280000
10215,1998-08-26,2005-02-14,72000,165000
10215,2005-02-14,2006-09-22,165000,162000
10216,1996-10-18,2004-11-08,53500,159000
10216,2004-11-08,2015-08-21,159000,215000
10217,1997-09-18,2015-05-29,54950,208000
10217,2015-05-29,2019-12-20,208000,248500
10218,1995-04-07,2003-04-28,41000,132995
10219,2001-01-08,2005-02-09,43500,161000
10219,2005-02-09,2014-10-23,161000,199950
10219,2014-10-23,2018-02-07,199950,245000
10219,2018-02-07,2025-09-26,245000,318500
10222,2005-11-10,2013-10-25,65500,65500
10225,2002-02-28,2005-11-11,76500,124950
10225,2005-11-11,2007-11-15,124950,149995
10227,1996-02-29,1996-11-22,40500,41500
10228,2001-11-05,2026-01-23,75000,210000
10229,1996-12-18,2006-12-15,39995,136000
10229,2006-12-15,2018-03-01,136000,160000
10230,1996-03-29,2006-01-27,45000,133500
10231,2002-02-15,2005-02-08,78000,118000
10232,1997-03-27,2023-11-24,42500,240000
10234,1996-08-23,1999-03-26,38500,53000
10235,1999-02-25,2000-07-28,52000,68500
10235,2000-07-28,2006-09-08,68500,130000
10236,1996-10-18,1999-09-16,41000,57000
10236,1999-09-16,2007-08-17,57000,125000
10237,1997-02-28,2012-11-29,41500,124000
10237,2012-11-29,2015-03-25,124000,153500
10238,2019-03-28,2024-10-04,148000,249500
10240,1996-05-31,2000-03-31,41000,60000
10240,2000-03-31,2002-04-19,60000,86500
10240,2002-04-19,2005-09-13,86500,113000
10240,2005-09-13,2009-01-08,113000,147500
10240,2009-01-08,2016-08-12,147500,157000
10240,2016-08-12,2016-08-16,157000,161500
10241,1995-06-30,2001-06-04,49000,85000
10241,2001-06-04,2014-07-24,85000,160050
10241,2014-07-24,2016-11-02,160050,182500
10241,2016-11-02,2018-07-20,182500,197500
10242,2002-05-09,2004-11-05,79950,126750
10244,2003-08-13,2009-04-08,102000,115000
10244,2009-04-08,2022-03-11,115000,168950
10246,1996-12-16,2001-06-22,41000,75500
10246,2001-06-22,2003-01-10,75500,112000
10247,2000-08-11,2005-07-06,72000,125000
10247,2005-07-06,2008-05-02,125000,141000
10247,2008-05-02,2023-11-24,141000,201000
10248,2004-12-21,2022-01-21,137000,275000
10255,2015-09-21,2019-12-10,166000,220000
10259,2003-09-26,2010-12-01,95000,145000
10261,2013-07-05,2025-02-24,133000,250000
10267,2020-12-11,2021-09-17,170000,268000
10269,2004-04-26,2013-12-18,124000,145000
10269,2013-12-18,2019-04-12,145000,240000
10269,2019-04-12,2022-08-22,240000,300000
10271,2003-10-31,2011-04-07,113000,140000
10271,2011-04-07,2018-08-10,140000,185000
10272,2021-11-08,2022-01-14,231000,225000
10273,2000-08-04,2004-07-23,40000,84000
10273,2004-07-23,2006-09-22,84000,116000
10273,2006-09-22,2016-12-13,116000,123000
10273,2016-12-13,2022-02-11,123000,170000
10273,2022-02-11,2025-03-20,170000,180000
10274,2000-08-04,2003-07-25,70000,77000
10274,2003-07-25,2004-07-23,77000,84000
10274,2004-07-23,2006-09-22,84000,116000
10274,2006-09-22,2016-12-13,116000,123000
10274,2016-12-13,2022-02-11,123000,170000
10275,2004-07-02,2015-05-21,88000,118000
10275,2015-05-21,2021-06-22,118000,145000
10277,2014-01-08,2021-10-28,85000,145000
10278,2004-11-03,2015-08-17,75000,100500
10278,2015-08-17,2022-12-20,100500,174000
10279,1999-07-19,2021-10-13,32000,247500
10280,2012-05-04,2013-12-19,152000,145000
10280,2013-12-19,2016-06-24,145000,180000
10281,2015-09-03,2022-01-19,107500,125000
10282,1995-06-09,1998-08-28,18000,22000
10282,1998-08-28,2001-08-23,22000,38500
10282,2001-08-23,2007-12-03,38500,104950
10282,2007-12-03,2020-03-20,104950,94000
10282,2020-03-20,2025-03-05,94000,110000
10283,2001-07-17,2005-10-05,34000,82000
10283,2005-10-05,2010-09-21,82000,83500
10283,2010-09-21,2012-11-09,83500,80000
10284,2001-10-29,2002-12-20,41000,55250
10284,2002-12-20,2017-03-31,55250,95000
10291,2000-11-27,2006-09-22,14850,103250
10292,2004-05-24,2016-06-10,50000,177500
10294,2007-05-21,2011-12-16,137500,120000
10295,1996-11-30,2001-09-21,44000,70000
10295,2001-09-21,2002-11-28,70000,58238
10295,2002-11-28,2007-02-02,58238,137500
10295,2007-02-02,2009-07-16,137500,118500
10295,2009-07-16,2013-10-01,118500,120000
10297,1995-01-27,2021-01-20,38000,167500
10297,2021-01-20,2024-10-25,167500,217500
10302,2017-02-17,2019-12-06,180000,211500
10302,2019-12-06,2025-02-25,211500,290000
10303,2001-11-30,2002-04-08,75000,124000
10303,2002-04-08,2012-08-31,124000,175000
10304,2009-10-02,2018-11-09,135000,210000
10305,2001-04-27,2021-03-25,92000,186640
10308,2009-10-16,2014-01-17,130000,158000
10309,2009-12-07,2014-06-20,154950,184000
10310,1995-01-26,2025-01-31,55000,375000
10311,1995-12-22,2018-09-14,53000,238000
10311,2018-09-14,2024-08-23,238000,361000
10312,2015-08-17,2021-04-28,237000,290000
10313,1997-01-24,2006-07-28,62500,193500
10314,1997-01-31,2005-08-23,55000,168000
10315,1996-08-09,2003-06-26,48000,160000
10315,2003-06-26,2012-03-30,160000,170500
10315,2012-03-30,2017-12-15,170500,240000
10317,2010-05-05,2025-02-28,124995,322500
10318,2011-07-29,2014-03-28,142000,180000
10319,2000-10-12,2006-03-10,65950,162500
10322,1999-05-28,2006-03-20,67000,161000
10322,2006-03-20,2013-06-13,161000,157500
10322,2013-06-13,2016-12-09,157500,209000
10322,2016-12-09,2025-03-10,209000,290000
10323,2002-08-30,2015-10-15,129995,200000
10323,2015-10-15,2019-08-05,200000,232500
10323,2019-08-05,2023-10-09,232500,315000
10326,2003-09-19,2005-04-29,115000,125000
10326,2005-04-29,2006-01-09,125000,159000
10326,2006-01-09,2007-10-24,159000,165000
10327,1997-07-11,2012-01-20,50000,153750
10328,1997-01-31,1999-05-21,40000,69000
10328,1999-05-21,2002-09-20,69000,139050
10328,2002-09-20,2009-12-14,139050,169000
10328,2009-12-14,2014-11-14,169000,185000
10329,1996-03-26,2004-11-05,46000,177000
10331,2004-04-23,2017-07-28,140000,237500
10331,2017-07-28,2020-09-18,237500,274000
10337,1996-08-01,2021-12-10,60000,260000
10338,2025-01-14,2025-03-04,202000,226000
10342,2004-07-09,2012-01-27,90000,88000
10343,1998-08-14,2006-11-30,36000,123000
10343,2006-11-30,2017-08-18,123000,140000
10344,1996-10-10,1998-12-11,22700,35000
10344,1998-12-11,2005-05-13,35000,103000
10344,2005-05-13,2023-06-22,103000,175000
10346,2005-11-17,2007-09-28,90500,124950
10348,2002-03-12,2004-10-12,60000,93000
10348,2004-10-12,2007-09-24,93000,121000
10348,2007-09-24,2014-06-23,121000,110000
10348,2014-06-23,2020-06-11,110000,128500
10350,1997-12-05,1999-01-14,34000,36000
10350,1999-01-14,2005-08-05,36000,90000
10350,2005-08-05,2018-08-10,90000,110000
10351,2004-01-07,2014-06-06,78000,97000
10351,2014-06-06,2017-10-30,97000,118000
10352,2000-06-30,2002-10-02,47950,69950
10352,2002-10-02,2004-10-01,69950,94000
10353,2005-12-16,2015-06-15,101000,112500
10354,1999-03-05,2004-01-23,41950,86000
10354,2004-01-23,2016-03-24,86000,110000
10355,2009-06-19,2011-12-21,84000,97000
10355,2011-12-21,2018-11-08,97000,135000
10356,2022-05-20,2025-08-27,155000,173000
10357,2004-06-23,2006-07-28,91000,110000
10358,2001-11-30,2005-09-14,63950,95000
10358,2005-09-14,2018-05-02,95000,128000
10360,2010-10-26,2025-01-06,80000,125000
10361,1995-01-03,1997-04-04,31000,33000
10361,1997-04-04,2002-07-12,33000,65000
10361,2002-07-12,2007-11-30,65000,128000
10363,1998-12-04,2001-10-19,30500,59950
10363,2001-10-19,2002-08-02,59950,74500
10363,2002-08-02,2018-11-30,74500,131000
10364,2001-04-23,2016-03-31,43000,122000
10364,2016-03-31,2022-10-26,122000,151000
10365,1999-03-18,2000-01-21,32000,43000
10365,2000-01-21,2024-08-23,43000,166000
10366,1999-11-22,2001-03-30,32950,48500
10366,2001-03-30,2016-11-11,48500,114000
10368,1998-12-10,2021-03-12,36000,135000
10369,2004-05-20,2008-03-17,64000,105000
10369,2008-03-17,2008-10-24,105000,106000
10369,2008-10-24,2014-03-14,106000,95000
10371,2002-07-26,2019-08-19,75000,133000
10373,2007-12-14,2017-10-04,121000,127000
10374,2001-06-08,2002-12-02,48000,80000
10374,2002-12-02,2020-10-29,80000,131000
10376,2001-02-15,2007-08-03,83000,192000
10377,1999-07-30,2011-08-04,69000,147000
10383,2001-10-03,2006-09-01,40000,163000
10383,2006-09-01,2018-04-09,163000,265000
10383,2018-04-09,2019-10-18,265000,268000
10387,2007-09-28,2022-11-11,114750,171250
10388,2000-08-11,2005-11-07,48950,101000
10389,1996-09-30,2007-05-16,28000,122500
10389,2007-05-16,2022-09-30,122500,100000
10390,1995-05-12,2001-11-02,25000,52500
10390,2001-11-02,2009-08-10,52500,84000
10392,2009-10-09,2013-09-11,72500,96500
10392,2013-09-11,2020-03-17,96500,128000
10392,2020-03-17,2022-11-30,128000,170000
10394,2000-05-02,2003-10-23,38000,83500
10394,2003-10-23,2007-06-07,83500,123000
10394,2007-06-07,2016-03-09,123000,116000
10395,1995-12-22,1996-12-31,22500,31000
10395,1996-12-31,2005-07-15,31000,40000
10396,2001-04-27,2002-08-19,45000,66000
10396,2002-08-19,2011-04-15,66000,75000
10397,1998-04-24,2000-01-21,31250,42000
10397,2000-01-21,2001-11-08,42000,56000
10397,2001-11-08,2005-06-07,56000,94000
10397,2005-06-07,2006-10-13,94000,114750
10399,1997-09-24,1997-11-28,29000,31300
10400,2009-11-27,2016-01-15,93500,125000
10400,2016-01-15,2020-12-21,125000,138000
10401,2007-12-11,2021-03-19,96000,131000
10402,1998-07-24,2001-04-04,35000,46000
10402,2001-04-04,2002-08-30,46000,69995
10402,2002-08-30,2006-01-27,69995,92500
10404,2017-04-28,2018-08-29,100000,135000
10405,1996-08-09,2000-12-08,34000,54000
10406,2010-05-27,2025-08-20,80000,170000
10407,2005-08-16,2021-03-03,89000,138000
10407,2021-03-03,2025-03-31,138000,170000
10408,2012-10-12,2013-09-20,127000,172500
10410,2001-06-29,2018-07-11,88000,267000
10411,2002-06-21,2013-10-31,115000,165000
10411,2013-10-31,2016-01-08,165000,180000
10412,2002-03-08,2002-04-12,104000,110500
10418,2015-02-20,2021-12-16,124000,243000
10419,2014-05-28,2022-07-29,116760,195000
10419,2022-07-29,2024-11-22,195000,225000
10422,1995-04-11,1995-12-15,58000,56000
10422,1995-12-15,2014-07-31,56000,187500
10424,1995-03-03,2012-11-12,54300,154000
10424,2012-11-12,2019-08-22,154000,220000
10425,2005-06-17,2025-02-04,108000,325000
10429,1997-10-13,2011-10-20,49000,125000
10429,2011-10-20,2014-11-28,125000,179950
10429,2014-11-28,2022-09-01,179950,300000
10430,2007-03-09,2022-10-25,159995,240000
10433,1995-10-27,2002-11-22,48000,116000
10433,2002-11-22,2003-06-25,116000,116000
10434,1996-06-13,2000-10-06,78000,100000
10434,2000-10-06,2021-09-28,100000,265000
10436,1998-08-14,2022-08-05,64500,355000
10437,2000-11-10,2016-11-18,76500,235000
10437,2016-11-18,2025-01-08,235000,325000
10439,2017-11-17,2022-10-28,210000,410000
10440,2010-11-12,2018-12-12,140000,213000
10440,2018-12-12,2022-10-21,213000,410000
10442,2011-07-29,2012-02-29,165000,139950
10443,2000-07-14,2004-07-02,47000,89000
10443,2004-07-02,2018-05-25,89000,120000
10443,2018-05-25,2024-10-17,120000,172000
10445,2000-06-09,2002-09-13,47000,81000
10445,2002-09-13,2005-09-14,81000,104000
10445,2005-09-14,2021-08-04,104000,127000
10446,1996-04-23,2014-04-11,31000,75000
10447,2006-07-28,2016-11-07,101500,119000
10449,2014-09-22,2015-12-02,90000,118000
10449,2015-12-02,2018-08-24,118000,130000
10450,1999-09-17,2006-07-14,39500,104500
10451,2010-01-29,2015-12-16,116000,163000
10452,2010-11-12,2014-12-11,125000,174950
10452,2014-12-11,2024-06-17,174950,280000
10454,2009-12-04,2022-11-21,141000,240250
10458,2004-01-16,2004-04-30,174600,165000
10458,2004-04-30,2019-10-30,165000,265000
10459,1997-06-27,2005-10-14,50000,167000
10460,2020-03-27,2025-01-17,210000,315500
10461,2014-06-02,2014-09-19,125000,199950
10465,2012-02-17,2016-06-10,102000,122000
10465,2016-06-10,2018-09-21,122000,142500
10467,2000-11-01,2010-06-14,46000,95000
10467,2010-06-14,2014-08-06,95000,109000
10467,2014-08-06,2026-01-19,109000,150000
10468,1997-11-17,2006-07-07,28000,113000
10468,2006-07-07,2016-03-04,113000,108750
10469,1999-03-30,2001-09-21,39000,59950
10469,2001-09-21,2006-04-07,59950,97000
10470,2007-01-26,2015-11-04,112950,115000
10472,1997-07-31,2003-07-11,33000,76500
10472,2003-07-11,2004-06-24,76500,87500
10472,2004-06-24,2007-06-04,87500,119000
10472,2007-06-04,2016-02-19,119000,115000
10472,2016-02-19,2017-05-22,115000,115000
10472,2017-05-22,2022-10-14,115000,142000
10473,2003-12-19,2007-06-29,67000,123000
10475,2001-06-11,2007-07-06,34000,169000
10475,2007-07-06,2011-02-25,169000,149950
10475,2011-02-25,2016-03-11,149950,174000
10479,2008-12-15,2016-03-14,90000,125250
10479,2016-03-14,2021-01-12,125250,83000
10480,2006-09-15,2017-06-08,155000,225000
10480,2017-06-08,2023-03-01,225000,313000
10483,1999-05-20,2009-12-09,41000,93750
10483,2009-12-09,2013-05-24,93750,125000
10483,2013-05-24,2022-06-06,125000,180000
10485,2012-01-27,2019-09-02,110000,185000
10485,2019-09-02,2022-07-15,185000,237500
10487,1997-06-20,2018-06-01,60000,195000
10487,2018-06-01,2025-07-11,195000,255000
10489,2006-01-06,2017-02-10,138000,173000
10489,2017-02-10,2024-01-12,173000,260000
10491,2012-10-09,2016-06-17,125000,183000
10491,2016-06-17,2020-08-21,183000,200000
10492,1998-12-18,2001-01-19,42000,58000
10492,2001-01-19,2018-06-26,58000,130000
10492,2018-06-26,2020-08-21,130000,185000
10493,1997-07-31,1999-07-01,52000,64995
10493,1999-07-01,2003-11-07,64995,115000
10496,1998-12-04,2003-01-31,34000,70000
10497,1997-09-26,2002-03-28,33000,59950
10497,2002-03-28,2004-05-12,59950,79950
10497,2004-05-12,2012-06-29,79950,91500
10497,2012-06-29,2019-03-15,91500,126000
10497,2019-03-15,2023-04-17,126000,160000
10498,1999-07-23,2003-12-22,32500,75500
10498,2003-12-22,2004-06-15,75500,93000
10498,2004-06-15,2016-02-26,93000,116000
10498,2016-02-26,2022-05-13,116000,145000
10499,2003-03-14,2005-08-04,84000,100000
10499,2005-08-04,2020-11-12,100000,175000
10499,2020-11-12,2022-07-07,175000,225000
10500,2001-06-22,2024-08-09,62000,240000
10502,1999-08-27,2000-04-12,62000,83500
10502,2000-04-12,2003-06-06,83500,119950
10503,2013-04-25,2017-10-20,159950,203450
10506,2001-09-05,2004-05-10,83000,110000
10506,2004-05-10,2006-11-24,110000,156000
10506,2006-11-24,2024-08-19,156000,322500
10509,2007-08-31,2016-01-13,108000,155000
10509,2016-01-13,2022-07-08,155000,278000
10511,2000-12-14,2002-11-08,53995,66500
10511,2002-11-08,2009-12-04,66500,86000
10512,2001-08-10,2018-02-22,59950,115000
10513,2012-09-14,2023-02-06,149950,255000
10515,1998-06-26,2007-08-02,53000,113450
10515,2007-08-02,2016-11-25,113450,190000
10517,2008-01-11,2016-06-17,160000,182000
10519,2017-11-17,2022-08-26,153500,226000
10524,1998-07-24,2005-02-25,58000,142000
10524,2005-02-25,2021-09-03,142000,272000
10528,1999-12-03,2002-09-27,50000,82500
10528,2002-09-27,2004-05-21,82500,108750
10528,2004-05-21,2009-12-18,108750,132500
10528,2009-12-18,2017-07-14,132500,170000
10529,2002-04-19,2005-03-17,90000,123000
10529,2005-03-17,2007-08-24,123000,173000
10529,2007-08-24,2014-01-31,173000,167000
10532,2006-09-14,2019-06-17,148000,180000
10535,2004-10-29,2023-01-26,74000,80000
10536,2004-07-13,2020-04-03,60000,100000
10537,2004-08-20,2023-05-26,89995,151000
10538,2004-10-29,2020-01-31,74000,97000
10539,2004-09-10,2006-04-27,89995,99500
10542,2004-09-10,2006-10-10,89995,102000
10546,2007-07-19,2021-11-30,121500,270000
10550,1997-11-07,2008-08-26,50000,151000
10550,2008-08-26,2011-10-21,151000,127000
10550,2011-10-21,2023-10-20,127000,210000
10551,2007-01-03,2014-10-28,125000,140000
10552,2010-04-08,2014-07-18,133000,150000
10554,1998-11-27,2007-07-13,43000,127500
10555,2005-12-09,2025-06-30,205000,211000
10556,2005-12-08,2016-06-30,197500,148000
10556,2016-06-30,2024-08-15,148000,210000
10557,2005-12-08,2018-10-23,195000,155000
10559,2005-12-08,2025-11-07,195000,215000
10560,2005-12-22,2023-08-21,173700,152500
10561,2005-12-21,2021-03-25,175000,122000
10561,2021-03-25,2024-03-15,122000,145000
10563,2006-01-03,2021-02-12,165000,139000
10564,2005-12-29,2022-11-17,172000,160000
10565,2006-01-03,2020-11-06,159750,130000
10566,2005-12-30,2023-09-14,170000,147000
10569,2006-01-03,2016-03-24,149000,120000
10570,2005-12-29,2025-10-15,185000,145000
10572,2005-12-22,2025-12-12,182500,155000
10574,2005-12-21,2016-02-26,180000,125000
10578,2005-11-04,2016-09-02,162500,138000
10578,2016-09-02,2025-07-09,138000,150000
10579,2005-11-04,2008-01-25,166000,137500
10579,2008-01-25,2018-01-31,137500,140000
10580,2005-11-04,2018-01-12,172500,150000
10581,2005-11-04,2022-05-20,175000,144000
10582,2005-11-04,2021-12-08,172500,140000
10583,2005-11-04,2023-06-08,167500,165000
10584,2005-11-04,2023-10-23,175000,150500
10585,2005-11-04,2021-11-19,172500,145000
10586,2005-11-04,2024-05-03,170000,127000
10588,2005-11-25,2022-01-21,86000,130000
10591,2005-11-30,2019-02-11,167500,130000
10593,2005-11-30,2025-10-24,166650,155000
10594,2005-11-30,2022-06-30,170000,145000
10595,2005-11-30,2009-07-20,175000,122000
10595,2009-07-20,2015-07-14,122000,139000
10596,2005-11-30,2025-06-30,177500,150000
10599,2008-10-17,2023-08-07,70000,121500
10603,2006-06-30,2019-05-03,50000,77000
10604,2006-08-31,2008-02-28,60000,74000
10604,2008-02-28,2019-10-30,74000,128000
10606,2006-07-14,2020-10-23,75000,112500
10607,2006-10-06,2014-12-22,60000,55000
10608,2010-10-08,2018-02-09,57500,61000
10609,2017-03-10,2025-07-15,107000,123250
10610,2007-06-21,2009-01-30,64000,52500
10611,2009-03-26,2015-07-31,60000,119000
10612,2006-03-31,2007-04-17,60000,75000
10612,2007-04-17,2017-02-13,75000,122000
10612,2017-02-13,2023-12-20,122000,152000
10615,2007-09-28,2016-02-12,125000,120000
10616,2006-09-22,2014-12-05,107000,94000
10617,2006-10-31,2016-11-18,134900,126000
10617,2016-11-18,2023-03-31,126000,137500
10618,2006-09-27,2025-01-17,101500,114000
10619,2007-04-27,2015-11-06,122000,111000
10619,2015-11-06,2022-03-04,111000,134000
10620,2006-09-27,2018-08-17,99700,106000
10620,2018-08-17,2022-07-08,106000,111000
10622,2008-04-18,2010-11-19,117500,110000
10622,2010-11-19,2016-03-11,110000,116000
10624,2006-09-28,2022-11-24,101000,120000
10625,2007-05-29,2015-02-27,131500,122500
10627,2010-11-05,2016-09-27,116000,185000
10630,2000-05-26,2003-11-17,71500,111500
10630,2003-11-17,2024-05-31,111500,235855
10632,2007-09-21,2013-12-23,147000,150000
10633,1995-01-19,2022-09-15,37500,198000
10634,2000-08-04,2007-05-17,66000,135000
10634,2007-05-17,2018-05-18,135000,145000
10634,2018-05-18,2025-08-15,145000,252000
10635,1998-12-04,2002-11-08,49950,45600
10636,2005-09-19,2007-03-27,83000,93000
10636,2007-03-27,2018-09-17,93000,96000
10637,2004-05-21,2016-02-12,70500,89500
10638,2021-06-11,2021-12-23,180000,253000
10638,2021-12-23,2024-12-13,253000,287500
10642,2003-09-29,2006-10-02,25000,85000
10643,2008-06-06,2008-06-16,85000,110000
10643,2008-06-16,2019-04-12,110000,110000
10648,1999-06-21,2000-12-18,20100,55000
10650,1995-11-24,2006-11-24,18500,80000
10650,2006-11-24,2020-02-28,80000,60500
10650,2020-02-28,2020-05-21,60500,73000
10650,2020-05-21,2021-10-22,73000,127500
10651,2000-03-13,2013-01-18,32950,63000
10651,2013-01-18,2018-01-25,63000,91000
10653,2002-12-20,2003-09-02,103000,95000
10653,2003-09-02,2007-04-18,95000,137000
10654,2003-07-11,2005-06-24,100000,132000
10654,2005-06-24,2017-06-23,132000,176000
10658,1995-11-10,1997-06-20,28000,52000
10658,1997-06-20,2000-03-24,52000,52750
10658,2000-03-24,2003-05-16,52750,119950
10660,1999-05-10,2024-09-27,42500,260000
10665,2016-04-13,2020-03-20,135000,175000
10666,2000-05-26,2017-09-29,64000,185000
10667,2021-02-18,2024-08-30,295000,265000
10668,2015-01-29,2023-09-29,129000,205000
10670,2009-04-24,2022-02-07,115000,212500
10672,1997-05-02,2001-02-15,41000,70000
10674,2016-06-30,2016-06-30,140000,140000
10675,1996-12-13,2000-07-28,39995,55000
10675,2000-07-28,2014-12-05,55000,154000
10681,2007-02-26,2018-08-31,72500,157000
10682,2004-11-26,2008-11-21,62500,66000
10683,2005-06-03,2026-02-06,62500,200000
10689,1999-06-15,2010-08-20,48000,141000
10689,2010-08-20,2016-05-20,141000,177000
10692,2006-12-21,2017-10-06,141000,169000
10693,2004-06-25,2006-11-17,53500,125000
10694,2013-05-10,2019-06-28,62500,181000
10695,2004-02-06,2006-04-07,53500,53500
10696,2010-12-17,2018-10-02,60750,85000
10699,1999-08-04,2006-02-03,56000,134000
10699,2006-02-03,2016-05-20,134000,165000
10699,2016-05-20,2016-10-05,165000,168000
10699,2016-10-05,2017-12-15,168000,190000
10699,2017-12-15,2020-07-31,190000,230000
10699,2020-07-31,2024-07-05,230000,280000
10702,2016-03-14,2019-12-23,165000,204000
10703,1998-11-13,2007-11-21,42000,163000
10703,2007-11-21,2018-12-13,163000,170000
10703,2018-12-13,2024-03-20,170000,250000
10704,2000-05-01,2013-09-30,33150,180000
10704,2013-09-30,2021-05-18,180000,290000
10705,2006-06-28,2018-04-03,148000,235000
10706,2006-12-08,2022-06-14,159950,270000
10707,1996-05-03,2007-05-02,16000,85000
10707,2007-05-02,2016-12-21,85000,96000
10708,2015-06-09,2015-07-23,115000,147500
10711,1998-01-23,2003-06-05,46000,90000
10711,2003-06-05,2013-10-25,90000,117000
10712,2006-04-21,2014-08-11,78000,93368
10718,1996-01-31,2002-11-22,15000,65000
10719,2016-08-22,2019-04-16,175000,178000
10724,1997-10-16,2003-01-28,15000,65000
10725,2003-06-27,2005-06-17,129000,139500
10726,2003-06-27,2008-05-23,120000,145000
10727,2003-06-27,2022-06-20,120000,180000
10728,2003-06-27,2006-04-28,125950,135000
10728,2006-04-28,2022-09-13,135000,200000
10728,2022-09-13,2023-04-26,200000,210000
10729,2003-06-20,2025-04-29,133450,230000
10731,2005-04-22,2005-11-25,126000,124500
10732,2003-06-20,2007-01-31,131000,142000
10732,2007-01-31,2016-12-20,142000,169950
10735,2011-03-30,2016-01-29,128000,164000
10737,2010-10-22,2023-03-22,69500,220000
10738,2003-09-05,2016-02-03,61250,135000
10739,2006-12-15,2011-01-07,75000,77500
10742,2015-06-19,2018-04-20,80000,80500
10742,2018-04-20,2022-10-11,80500,75650
10746,2015-09-25,2020-04-27,95000,90000
10757,2017-06-09,2022-03-03,85000,83000
10758,2001-12-12,2016-09-12,34000,82100
10759,2004-03-31,2004-09-03,57000,69500
10759,2004-09-03,2006-11-20,69500,85000
10761,2000-01-21,2004-08-27,60000,134500
10761,2004-08-27,2012-09-27,134500,147000
10763,1997-01-17,2000-03-15,12000,27000
10763,2000-03-15,2001-09-03,27000,43950
10763,2001-09-03,2005-05-12,43950,73000
10767,2003-02-21,2007-06-07,89950,110000
10767,2007-06-07,2026-02-09,110000,116000
10768,2003-02-19,2003-12-02,103500,118000
10768,2003-12-02,2006-01-09,118000,113500
10768,2006-01-09,2007-11-16,113500,123000
10768,2007-11-16,2015-08-28,123000,129995
10768,2015-08-28,2017-07-25,129995,134000
10769,2003-02-19,2007-06-01,106500,125000
10769,2007-06-01,2024-12-17,125000,140000
10770,2003-02-21,2021-09-16,106000,125000
10771,2003-02-21,2006-05-19,121950,125000
10771,2006-05-19,2015-02-06,125000,132500
10773,2003-02-21,2006-07-11,119950,127500
10774,2003-02-21,2005-07-13,111000,120000
10775,2006-10-27,2018-08-10,120000,130000
10775,2018-08-10,2023-01-25,130000,150000
10778,2002-12-20,2015-08-17,101000,118000
10778,2015-08-17,2021-02-19,118000,130000
10779,2011-12-12,2016-05-19,107000,129000
10779,2016-05-19,2017-09-29,129000,144500
10781,2004-04-13,2016-05-13,126000,132500
10781,2016-05-13,2018-09-14,132500,150000
10782,2004-05-28,2023-06-15,118500,150000
10783,2004-07-20,2006-02-28,124950,125000
10783,2006-02-28,2010-06-04,125000,112000
10784,2005-01-28,2016-06-28,120000,132500
10784,2016-06-28,2020-04-03,132500,150000
10784,2020-04-03,2025-08-01,150000,160000
10785,2002-12-06,2016-08-05,112000,127000
10785,2016-08-05,2022-08-19,127000,156000
10786,2002-07-26,2005-08-19,100000,115000
10786,2005-08-19,2013-08-30,115000,115000
10786,2013-08-30,2023-07-07,115000,140000
10788,2002-07-26,2004-06-15,100000,122000
10789,2002-05-31,2025-04-02,100000,155000
10790,2002-05-31,2003-08-22,98000,118000
10790,2003-08-22,2017-11-30,118000,124000
10791,2002-05-31,2013-05-15,73950,102500
10791,2013-05-15,2021-06-30,102500,135000
10792,2002-05-31,2013-08-20,69950,91500
10792,2013-08-20,2022-11-11,91500,125000
10793,2002-05-31,2002-08-01,74950,94500
10793,2002-08-01,2007-06-15,94500,125000
10793,2007-06-15,2019-10-15,125000,130000
10794,2002-05-31,2022-02-16,76000,146500
10795,2002-06-07,2003-10-31,91500,107000
10795,2003-10-31,2014-04-30,107000,117500
10797,2002-05-17,2003-12-18,102500,140000
10798,2002-04-12,2006-11-14,99750,164950
10798,2006-11-14,2016-05-26,164950,175000
10799,2003-03-28,2005-09-09,108775,115000
10799,2005-09-09,2020-10-20,115000,115000
10800,2003-03-21,2004-09-10,99950,105000
10800,2004-09-10,2007-04-27,105000,109500
10801,2003-04-02,2006-10-13,111500,120000
10801,2006-10-13,2012-03-30,120000,94800
10804,2003-03-28,2007-06-12,123950,135500
10805,2003-03-21,2004-03-31,114950,118000
10805,2004-03-31,2004-06-28,118000,120000
10805,2004-06-28,2019-06-28,120000,120000
10806,2003-03-27,2015-05-22,126950,124000
10807,2003-04-25,2018-03-09,105950,110000
10808,2003-04-25,2019-11-08,119000,117000
10809,2003-04-25,2009-11-30,121500,100000
10809,2009-11-30,2012-10-24,100000,99000
10809,2012-10-24,2024-10-25,99000,155000
10810,2003-04-25,2007-02-08,126000,130000
10811,2003-04-25,2017-08-31,130950,126000
10812,2003-04-25,2008-02-07,119950,117000
10812,2008-02-07,2020-08-28,117000,125000
10812,2020-08-28,2024-10-04,125000,160000
10813,2002-04-25,2006-06-30,130950,125000
10813,2006-06-30,2021-09-28,125000,135000
10814,2003-04-25,2018-05-08,122500,120000
10815,2003-05-16,2017-12-15,122000,120000
10816,2003-05-16,2013-09-27,119950,119000
10816,2013-09-27,2017-12-19,119000,123000
10817,2003-05-16,2013-03-28,118000,100000
10817,2013-03-28,2021-01-29,100000,119000
10818,2003-05-16,2015-10-15,126950,127000
10819,2006-08-11,2022-06-30,122500,148000
10821,2005-07-29,2011-02-25,118000,116000
10822,2002-10-25,2007-02-28,115000,130000
10823,2003-03-14,2004-07-28,91950,102500
10823,2004-07-28,2019-04-01,102500,105000
10824,2003-03-14,2008-05-02,91950,110500
10824,2008-05-02,2020-02-28,110500,115000
10825,2003-03-14,2018-06-07,94000,115500
10825,2018-06-07,2024-07-08,115500,120000
10826,2002-09-27,2013-06-21,96000,97000
10826,2013-06-21,2025-11-10,97000,126000
10827,2004-06-30,2007-10-26,118500,124500
10827,2007-10-26,2014-02-28,124500,115000
10828,2006-03-24,2013-06-28,119000,115000
10829,2002-10-25,2004-02-12,106000,119950
10829,2004-02-12,2020-06-26,119950,135000
10830,2004-08-17,2008-07-31,120500,124995
10830,2008-07-31,2017-07-04,124995,125000
10834,2002-09-20,2016-03-18,98500,124000
10834,2016-03-18,2022-02-11,124000,137445
10837,2003-04-25,2019-01-18,128000,142500
10838,2007-07-06,2014-10-17,129000,130000
10839,2002-08-30,2007-07-06,89950,124000
10841,2002-08-23,2017-06-09,93500,126500
10841,2017-06-09,2020-04-09,126500,138500
10842,2002-08-30,2008-05-30,92500,121000
10843,2002-09-04,2019-12-06,92500,127000
10844,2002-08-16,2003-11-20,89950,106000
10844,2003-11-20,2009-11-09,106000,112500
10846,2002-07-19,2006-01-27,84950,114000
10846,2006-01-27,2013-12-20,114000,108000
10847,2002-07-19,2003-03-14,81950,97950
10847,2003-03-14,2003-08-29,97950,114000
10847,2003-08-29,2012-06-29,114000,98500
10848,2006-05-05,2025-05-02,119995,148000
10849,2002-07-26,2007-03-30,88150,125000
10849,2007-03-30,2019-03-06,125000,125000
10850,2002-07-19,2011-07-08,86950,99500
10850,2011-07-08,2016-10-25,99500,132000
10852,2002-06-28,2002-10-03,79500,98500
10852,2002-10-03,2007-06-22,98500,131500
10852,2007-06-22,2024-08-15,131500,165000
10853,2002-06-28,2004-06-10,77950,119500
10853,2004-06-10,2011-10-18,119500,85000
10856,2002-06-28,2007-10-05,79950,124000
10856,2007-10-05,2016-12-16,124000,128000
10857,2002-07-04,2003-11-28,85950,122000
10857,2003-11-28,2022-06-30,122000,146500
10858,2002-06-28,2016-03-16,84950,138000
10860,2002-06-21,2024-02-28,75075,144000
10862,2002-06-21,2025-09-15,76050,149000
10863,2002-06-21,2020-09-25,76050,127500
10863,2020-09-25,2025-11-17,127500,130000
10864,2002-06-21,2022-02-18,79950,145000
10865,2002-06-21,2026-01-23,76050,150000
10866,2002-06-14,2003-07-15,80000,105000
10866,2003-07-15,2013-07-29,105000,107000
10866,2013-07-29,2018-04-13,107000,125000
10866,2018-04-13,2022-09-09,125000,154000
10867,2002-06-13,2002-09-27,76500,93000
10867,2002-09-27,2002-10-04,93000,91000
10867,2002-10-04,2022-02-22,91000,142000
10868,2002-06-14,2006-03-24,76500,120000
10868,2006-03-24,2018-10-03,120000,135000
10869,2002-06-13,2004-09-24,77500,121500
10869,2004-09-24,2005-08-26,121500,120000
10870,2002-06-13,2006-11-10,78950,124500
10870,2006-11-10,2022-02-22,124500,143750
10871,2002-06-14,2024-05-03,79950,145000
10872,2002-05-29,2007-09-07,73000,119995
10872,2007-09-07,2024-02-07,119995,130000
10873,2002-05-31,2021-08-20,74000,110000
10875,2002-03-28,2004-11-29,89950,137000
10875,2004-11-29,2011-11-22,137000,119500
10875,2011-11-22,2017-10-30,119500,182000
10876,2002-03-28,2006-12-21,88500,140000
10876,2006-12-21,2018-03-29,140000,172500
10878,2002-04-12,2016-10-27,99950,199000
10878,2016-10-27,2025-11-28,199000,245000
10879,2002-04-16,2006-06-19,101500,152000
10879,2006-06-19,2014-12-17,152000,185000
10879,2014-12-17,2017-10-03,185000,189500
10880,2002-04-18,2003-10-31,89950,125000
10880,2003-10-31,2007-08-08,125000,155000
10880,2007-08-08,2014-07-14,155000,137500
10881,2002-04-26,2003-09-22,74950,110000
10881,2003-09-22,2013-04-29,110000,108000
10882,2002-04-26,2004-03-08,84950,115000
10882,2004-03-08,2005-10-21,115000,117000
10884,2002-04-26,2004-11-29,81000,122000
10884,2004-11-29,2006-11-30,122000,125000
10884,2006-11-30,2024-10-11,125000,145000
10890,2009-07-10,2022-11-14,246000,550000
10893,1997-06-13,2021-09-29,59995,190000
10893,2021-09-29,2025-12-08,190000,257500
10895,1997-10-03,2001-01-25,135000,192000
10900,2017-09-04,2021-07-30,78000,115000
10901,2021-06-29,2025-01-31,293000,385000
10902,2003-07-01,2005-10-18,161015,272000
10902,2005-10-18,2015-05-12,272000,410000
10907,2013-12-17,2024-08-13,215000,400000
10909,2011-03-31,2015-11-06,202000,276000
10910,2000-04-28,2007-10-26,25000,235000
10911,1997-04-04,2010-09-22,83000,229000
10913,2008-10-09,2017-12-12,183000,323000
10913,2017-12-12,2024-05-03,323000,414000
10915,1997-10-20,2000-01-13,92700,140000
10915,2000-01-13,2000-07-12,140000,140000
10915,2000-07-12,2002-06-06,140000,178000
10915,2002-06-06,2003-09-10,178000,230000
10915,2003-09-10,2007-07-16,230000,270000
10917,2010-06-08,2014-09-29,170000,431000
10918,2006-01-26,2006-09-22,85000,102500
10918,2006-09-22,2012-05-21,102500,93500
10919,2005-09-02,2017-06-09,87950,91000
10919,2017-06-09,2018-02-14,91000,116000
10920,1999-07-09,2004-04-30,38000,86000
10921,1995-03-17,1999-10-15,28500,41000
10922,2004-12-06,2007-07-20,82000,95000
10922,2007-07-20,2015-02-06,95000,115000
10925,2019-09-10,2024-08-28,183000,260000
10926,1996-06-26,2001-06-22,42000,82000
10929,2003-09-12,2005-07-29,79950,87500
10929,2005-07-29,2007-10-26,87500,124950
10929,2007-10-26,2016-07-27,124950,125000
10929,2016-07-27,2025-01-28,125000,140000
10930,2007-07-06,2013-05-17,120000,124000
10930,2013-05-17,2017-06-01,124000,139500
10931,2017-03-31,2021-10-29,118000,142000
10932,2004-03-31,2009-04-30,74000,82000
10932,2009-04-30,2013-02-15,82000,85000
10936,1997-12-05,2003-12-19,28000,80000
10936,2003-12-19,2004-10-29,80000,97400
10936,2004-10-29,2010-11-29,97400,80500
10936,2010-11-29,2016-10-19,80500,122500
10937,2003-05-12,2006-04-18,53000,69500
10937,2006-04-18,2010-07-22,69500,74500
10937,2010-07-22,2017-01-27,74500,81000
10939,2007-02-23,2008-02-08,66000,79000
10939,2008-02-08,2016-04-22,79000,82000
10940,2000-12-15,2002-04-05,30000,42500
10940,2002-04-05,2021-06-11,42500,78000
10942,2000-02-18,2003-05-02,25000,56950
10943,2001-02-09,2006-06-06,33000,60000
10946,1999-06-04,2016-12-23,26000,60000
10947,2002-07-26,2004-09-24,48950,63000
10948,2003-09-05,2004-05-26,56000,59500
10948,2004-05-26,2006-09-28,59500,74000
10948,2006-09-28,2007-12-19,74000,81000
10949,2005-03-18,2008-04-11,59995,58000
10949,2008-04-11,2018-06-04,58000,65000
10950,1999-08-20,2006-09-01,30000,77500
10950,2006-09-01,2019-02-19,77500,87000
10951,2002-10-07,2006-10-31,55800,279000
10952,2005-09-12,2009-09-18,62000,70000
10952,2009-09-18,2014-10-02,70000,75000
10958,2002-05-24,2003-07-18,45000,57500
10958,2003-07-18,2007-09-28,57500,72000
10961,2000-03-15,2002-01-25,26240,50000
10961,2002-01-25,2004-03-26,50000,59500
10961,2004-03-26,2006-04-28,59500,73000
10961,2006-04-28,2007-03-02,73000,77500
10962,2003-09-01,2024-02-29,20000,70000
10964,2007-03-02,2019-08-23,99950,105000
10969,1998-08-21,2001-10-19,15000,29000
10969,2001-10-19,2006-08-16,29000,79000
10970,2000-03-03,2000-03-24,36000,36000
10970,2000-03-24,2003-11-28,36000,62500
10970,2003-11-28,2019-11-15,62500,80000
10970,2019-11-15,2025-02-03,80000,95000
10971,2010-05-21,2016-11-25,84000,115000
10972,2002-02-15,2005-07-01,440000,74000
10973,1999-11-11,2005-08-05,34000,76500
10973,2005-08-05,2014-10-07,76500,85000
10977,2012-12-21,2019-10-23,54000,90000
10978,2016-04-12,2017-02-24,82500,88000
10978,2017-02-24,2019-08-16,88000,93500
10978,2019-08-16,2023-10-04,93500,95000
10979,1997-06-27,2002-05-10,24000,52950
10979,2002-05-10,2005-05-30,52950,86000
10979,2005-05-30,2017-04-07,86000,97000
10981,2006-02-17,2016-07-01,55000,57500
10982,2004-03-19,2014-04-07,54500,55000
10984,2002-06-28,2008-08-18,130000,168500
10984,2008-08-18,2021-08-27,168500,245000
10984,2021-08-27,2023-09-04,245000,320000
10985,1996-06-26,2002-05-24,44000,124950
10985,2002-05-24,2005-10-28,124950,168000
10985,2005-10-28,2009-10-30,168000,175000
10985,2009-10-30,2012-12-19,175000,197500
10985,2012-12-19,2020-03-13,197500,282000
10985,2020-03-13,2023-06-30,282000,338000
10986,1997-09-24,1999-11-12,63000,82000
10986,1999-11-12,2003-01-31,82000,152000
10986,2003-01-31,2006-08-10,152000,189950
10986,2006-08-10,2009-03-26,189950,190000
10986,2009-03-26,2017-08-18,190000,265000
10986,2017-08-18,2022-11-29,265000,345000
10987,2004-08-27,2012-09-04,162500,188500
10987,2012-09-04,2016-07-15,188500,238000
10989,1998-03-25,2007-09-28,59995,87500
10989,2007-09-28,2015-01-30,87500,95000
10990,2002-12-12,2004-08-06,113500,180000
10990,2004-08-06,2006-05-19,180000,174995
10990,2006-05-19,2013-08-02,174995,168500
10990,2013-08-02,2020-02-07,168500,250000
10990,2020-02-07,2022-10-14,250000,300000
10991,1995-03-31,1999-02-05,48000,69000
10991,1999-02-05,2005-08-10,69000,173000
10991,2005-08-10,2015-01-09,173000,197000
10991,2015-01-09,2019-10-29,197000,238000
10991,2019-10-29,2024-02-09,238000,318000
10992,1998-04-01,2003-09-22,57250,140000
10992,2003-09-22,2006-07-10,140000,174000
10992,2006-07-10,2016-07-11,174000,229054
10993,2013-05-21,2021-03-04,195000,294000
10993,2021-03-04,2023-09-28,294000,330000
10994,2017-09-19,2022-11-18,200000,320000
10995,1995-07-28,2003-06-27,45000,140500
10995,2003-06-27,2016-03-18,140500,252500
10995,2016-03-18,2021-03-10,252500,300000
10995,2021-03-10,2025-12-12,300000,342500
10996,1996-06-21,2002-07-05,38000,117000
10996,2002-07-05,2005-10-28,117000,169000
10997,1998-01-23,2000-12-14,58750,85000
10997,2000-12-14,2010-07-07,85000,179999
10997,2010-07-07,2015-05-20,179999,203500
10999,2014-10-14,2025-11-18,225000,335000
11000,2001-09-19,2003-12-19,117500,136900
11000,2003-12-19,2008-09-19,136900,158000
11000,2008-09-19,2013-06-14,158000,182500
11000,2013-06-14,2018-05-25,182500,275000
11001,1995-08-11,1996-10-04,62000,62500
11001,1996-10-04,2007-01-09,62500,179000
11001,2007-01-09,2017-08-04,179000,273000
11001,2017-08-04,2021-06-18,273000,299950
11002,2013-08-21,2016-07-15,172000,245000
11004,1998-02-18,2006-08-18,59000,176000
11004,2006-08-18,2011-09-30,176000,163500
11005,2005-02-28,2005-04-15,170000,162000
11005,2005-04-15,2012-01-19,162000,187500
11005,2012-01-19,2022-02-08,187500,295000
11007,2000-09-08,2001-04-06,59000,45000
11007,2001-04-06,2005-04-28,45000,165000
11007,2005-04-28,2021-02-17,165000,239950
11008,1998-05-21,2002-10-18,64000,139950
11008,2002-10-18,2005-05-06,139950,165000
11009,2012-03-23,2021-02-26,157500,248500
11010,2002-08-05,2017-08-15,132000,255000
11011,2011-12-16,2013-01-31,150000,197500
11011,2013-01-31,2017-09-20,197500,278495
11012,2001-12-14,2015-01-22,93000,153000
11012,2015-01-22,2015-08-03,153000,205000
11012,2015-08-03,2025-09-11,205000,334000
11014,2005-09-19,2007-10-23,115000,144950
11014,2007-10-23,2017-12-08,144950,177000
11014,2017-12-08,2020-03-06,177000,195000
11014,2020-03-06,2022-12-14,195000,265000
11015,1999-04-01,2005-11-04,61500,128000
11015,2005-11-04,2017-12-14,128000,172000
11015,2017-12-14,2023-11-10,172000,280000
11017,2002-05-10,2009-07-24,85000,117500
11020,2001-06-29,2002-07-12,89500,130500
11021,2003-11-07,2005-07-18,124500,155000
11021,2005-07-18,2014-11-28,155000,197500
11021,2014-11-28,2017-02-17,197500,235000
11021,2017-02-17,2022-06-24,235000,302050
11023,1998-04-24,2006-05-31,49000,167000
11023,2006-05-31,2010-12-16,167000,179500
11023,2010-12-16,2012-05-31,179500,186000
11025,1997-05-23,2001-09-07,57000,109950
11025,2001-09-07,2003-07-04,109950,135000
11025,2003-07-04,2006-08-18,135000,177500
11025,2006-08-18,2019-06-14,177500,242000
11026,2012-10-16,2015-01-30,148500,199950
11026,2015-01-30,2024-08-20,199950,295000
11028,2007-03-30,2009-01-09,150000,142000
11028,2009-01-09,2014-01-06,142000,186000
11029,1995-01-06,2000-06-09,53000,86000
11029,2000-06-09,2005-10-20,86000,175000
11029,2005-10-20,2009-12-04,175000,175000
11029,2009-12-04,2015-04-24,175000,190000
11029,2015-04-24,2025-01-27,190000,363000
11030,1997-08-29,2002-04-26,59995,115500
11030,2002-04-26,2014-09-17,115500,205000
11030,2014-09-17,2018-06-21,205000,250000
11030,2018-06-21,2025-02-27,250000,342050
11031,2009-03-06,2017-08-04,110000,235000
11031,2017-08-04,2020-10-23,235000,257500
11033,1996-05-31,2003-08-06,54000,142500
11033,2003-08-06,2007-07-02,142500,199000
11034,1997-05-23,2006-07-14,56500,165000
11034,2006-07-14,2017-07-10,165000,220000
11034,2017-07-10,2019-10-07,220000,250000
11035,2000-04-14,2005-09-21,82000,162500
11035,2005-09-21,2014-12-12,162500,193774
11035,2014-12-12,2018-06-20,193774,233500
11036,2008-07-04,2010-02-12,140000,182000
11036,2010-02-12,2017-01-20,182000,237500
11036,2017-01-20,2024-03-15,237500,352500
11037,1997-07-30,2009-03-23,57500,160000
11037,2009-03-23,2014-05-22,160000,194871
11037,2014-05-22,2019-08-14,194871,250000
11037,2019-08-14,2020-03-10,250000,256000
11037,2020-03-10,2024-01-16,256000,335000
11038,1996-07-26,2000-12-15,54000,85000
11038,2000-12-15,2009-10-09,85000,173000
11039,2006-09-05,2012-03-23,180000,189500
11039,2012-03-23,2016-03-04,189500,218000
11045,2012-04-10,2021-07-09,175000,315000
11045,2021-07-09,2025-07-24,315000,390000
11046,1998-07-13,1999-08-16,51500,61000
11046,1999-08-16,2019-11-27,61000,172475
11047,1997-01-31,1999-03-05,37000,41000
11047,1999-03-05,2001-01-12,41000,59950
11047,2001-01-12,2002-03-08,59950,64500
11048,1998-01-21,2025-10-27,40000,166000
11049,2003-04-24,2007-05-17,115000,147000
11051,2000-03-17,2005-06-02,50000,101000
11051,2005-06-02,2015-04-29,101000,112000
11052,1998-03-27,2006-04-27,50000,132000
11052,2006-04-27,2006-12-15,132000,145000
11052,2006-12-15,2016-11-18,145000,160000
11052,2016-11-18,2023-08-22,160000,224000
11053,1998-03-19,2001-05-25,36950,62000
11053,2001-05-25,2005-02-28,62000,105000
11054,1995-06-12,1999-12-06,35750,45000
11054,1999-12-06,2000-06-02,45000,56000
11054,2000-06-02,2006-09-28,56000,125000
11054,2006-09-28,2015-01-30,125000,120000
11056,1996-01-23,2000-07-28,36000,59995
11056,2000-07-28,2003-08-29,59995,90000
11056,2003-08-29,2005-09-07,90000,114950
11056,2005-09-07,2019-07-05,114950,140000
11057,2002-01-04,2023-02-17,60000,110000
11060,2001-01-26,2007-09-28,47950,118500
11060,2007-09-28,2016-08-05,118500,104000
11061,1999-10-08,2000-05-26,43500,54000
11061,2000-05-26,2001-09-07,54000,66000
11061,2001-09-07,2004-09-23,66000,101000
11061,2004-09-23,2007-08-23,101000,118000
11062,1997-12-22,2012-11-15,33500,91000
11062,2012-11-15,2022-09-30,91000,128500
11063,2005-06-17,2010-04-22,100000,92500
11064,1996-12-13,2000-07-07,31950,49000
11067,2000-09-25,2006-11-27,63500,162750
11067,2006-11-27,2016-03-11,162750,174000
11067,2016-03-11,2017-07-18,174000,175500
11067,2017-07-18,2020-05-29,175500,190000
11067,2020-05-29,2022-12-16,190000,250000
11070,2002-01-11,2016-07-22,69000,168000
11070,2016-07-22,2022-07-11,168000,285000
11070,2022-07-11,2024-08-16,285000,293000
11071,1999-01-25,2003-01-03,57500,128500
11071,2003-01-03,2011-02-11,128500,149000
11071,2011-02-11,2013-04-03,149000,165000
11071,2013-04-03,2018-10-18,165000,210000
11072,2016-06-02,2023-08-31,275000,418000
11073,2016-07-15,2022-07-29,260000,375000
11074,1997-05-27,2002-12-19,50000,295000
11075,2002-04-05,2003-12-17,94250,121950
11075,2003-12-17,2021-04-09,121950,206000
11079,2004-04-08,2009-02-26,123000,149000
11079,2009-02-26,2017-02-17,149000,219000
11081,2009-09-25,2023-07-19,155000,285000
11084,2006-07-28,2007-05-25,85000,116000
11084,2007-05-25,2016-03-22,116000,105000
11085,1997-09-16,2000-08-04,27500,46000
11085,2000-08-04,2004-04-30,46000,96500
11085,2004-04-30,2006-11-30,96500,100000
11085,2006-11-30,2018-01-26,100000,107000
11085,2018-01-26,2020-07-17,107000,110000
11086,1995-06-09,1999-05-21,52000,73295
11086,1999-05-21,2002-07-12,73295,130000
11091,2004-04-06,2020-03-13,172375,275000
11093,2002-08-13,2003-02-12,180000,195000
11096,2005-06-08,2007-11-30,312500,370000
11096,2007-11-30,2018-12-06,370000,455000
11101,2014-01-31,2016-12-22,249990,275000
11102,1998-05-08,2022-07-06,46000,430000
11103,2014-02-07,2021-02-26,173000,275000
11105,2005-01-09,2010-03-31,145000,152500
11105,2010-03-31,2025-10-22,152500,230000
11106,2014-06-20,2020-03-19,180000,252000
11107,2010-08-18,2020-06-01,155000,245000
11109,1999-02-19,2009-12-04,82200,249999
11109,2009-12-04,2015-10-16,249999,285000
11109,2015-10-16,2021-12-21,285000,407000
11110,2013-12-06,2014-06-11,125000,239950
11110,2014-06-11,2025-08-28,239950,342000
11111,1995-04-20,2007-05-18,32000,197500
11111,2007-05-18,2024-03-20,197500,389500
11112,2004-07-12,2021-06-29,255000,375000
11113,1997-05-02,2008-02-15,59000,119000
11113,2008-02-15,2015-02-18,119000,180000
11114,2017-05-18,2021-03-08,245000,305000
11115,2000-02-18,2007-09-28,84500,199950
11115,2007-09-28,2014-09-12,199950,225000
11116,1995-07-21,1996-09-06,36000,59000
11116,1996-09-06,2004-06-21,59000,168000
11116,2004-06-21,2008-03-20,168000,188750
11116,2008-03-20,2013-10-25,188750,210000
11117,1999-06-11,2018-12-07,72500,320000
11118,1999-12-01,2024-10-25,82000,420000
11119,2016-03-23,2021-02-18,192500,262500
11120,1996-09-12,2019-09-20,32000,278000
11122,2010-12-17,2021-09-24,180000,320000
11128,2001-04-06,2018-02-19,67500,178500
11129,2012-03-09,2016-05-05,149000,182000
11130,2013-06-10,2018-03-23,146000,207000
11132,1996-11-15,2001-09-21,49000,84000
11132,2001-09-21,2010-02-19,84000,130000
11133,2003-12-19,2017-08-02,127000,203500
11133,2017-08-02,2022-05-22,203500,283500
11136,2004-08-19,2006-07-28,175000,223000
11137,2010-08-27,2018-01-19,190000,232000
11137,2018-01-19,2022-12-16,232000,357000
11138,2004-05-06,2008-03-14,160000,194000
11138,2008-03-14,2017-05-31,194000,225000
11138,2017-05-31,2023-07-28,225000,320000
11139,2000-01-28,2008-11-07,75000,160000
11139,2008-11-07,2012-10-29,160000,179999
11143,1999-03-05,1999-12-20,63000,69500
11143,1999-12-20,2001-05-04,69500,87000
11143,2001-05-04,2014-03-28,87000,165000
11143,2014-03-28,2021-09-10,165000,255000
11143,2021-09-10,2024-10-04,255000,289950
11144,2019-10-21,2024-04-29,197500,270000
11145,2003-01-17,2017-11-07,51000,215000
11145,2017-11-07,2022-05-31,215000,291600
11147,2002-03-07,2019-04-08,85000,194000
11152,1995-10-27,2016-07-29,53000,205000
11153,2002-01-11,2005-11-17,85000,155000
11154,2011-04-20,2015-01-11,145000,170000
11155,2006-03-31,2019-03-22,173500,237000
11157,2006-12-07,2021-03-19,800000,2150000
11158,2004-12-10,2017-08-08,115000,197500
11158,2017-08-08,2025-03-28,197500,265000
11159,2006-07-18,2011-05-30,122000,136000
11161,2001-10-12,2004-03-19,79995,114000
11161,2004-03-19,2011-08-19,114000,134950
11163,2008-10-24,2012-03-23,150000,146500
11164,2001-10-29,2006-10-27,40000,145000
11165,1998-08-21,2006-08-22,40000,155000
11165,2006-08-22,2012-01-20,155000,130000
11167,1997-05-02,2001-09-14,53000,96000
11167,2001-09-14,2005-12-21,96000,140000
11167,2005-12-21,2006-08-25,140000,158000
11167,2006-08-25,2012-12-07,158000,174000
11168,1996-05-31,2001-10-19,49000,85000
11168,2001-10-19,2013-07-11,85000,174500
11168,2013-07-11,2020-03-09,174500,220000
11170,1996-12-19,2000-05-05,48000,68950
11170,2000-05-05,2006-10-26,68950,140000
11170,2006-10-26,2016-03-24,140000,160000
11170,2016-03-24,2025-07-25,160000,210000
11171,1996-05-31,1999-07-14,45000,60000
11172,1997-11-27,2002-12-19,77000,162000
11174,1996-05-17,2006-03-16,56000,176000
11174,2006-03-16,2017-03-24,176000,227500
11175,1998-10-09,1999-12-09,60000,75000
11175,1999-12-09,2003-03-28,75000,142000
11175,2003-03-28,2006-07-07,142000,198500
11177,2002-04-24,2005-03-04,87500,130000
11177,2005-03-04,2014-01-31,130000,155500
11177,2014-01-31,2018-08-22,155500,207500
11177,2018-08-22,2021-07-19,207500,240000
11178,1995-08-18,2010-09-03,46500,129000
11178,2010-09-03,2012-09-28,129000,145000
11179,1997-09-26,2004-06-07,47500,116000
11179,2004-06-07,2007-06-22,116000,164950
11180,2003-09-05,2021-04-01,114000,215000
11181,1998-01-02,2004-02-24,36000,111500
11181,2004-02-24,2011-07-15,111500,125000
11181,2011-07-15,2017-10-06,125000,195000
11181,2017-10-06,2021-08-27,195000,240000
11184,2001-08-24,2017-09-08,76000,200000
11184,2017-09-08,2024-11-29,200000,260000
11187,2005-09-09,2018-06-15,100000,197500
11188,1998-08-28,2007-07-16,39000,135000
11190,2010-11-25,2019-09-13,172500,270000
11191,1995-02-24,1998-06-22,36000,45000
11192,1996-06-07,1998-08-26,35500,51500
11195,1997-08-29,2003-12-19,49000,115000
11195,2003-12-19,2021-11-19,115000,231696
11195,2021-11-19,2021-11-26,231696,231000
11197,2015-03-26,2025-10-06,169995,295000
11198,2007-04-05,2024-09-26,142000,263000
11199,2022-12-20,2025-04-24,240000,243500
11201,2003-02-14,2011-08-22,95000,137000
11201,2011-08-22,2020-01-17,137000,200000
11204,1995-07-12,2000-06-23,37000,68000
11204,2000-06-23,2003-03-14,68000,99000
11204,2003-03-14,2010-07-30,99000,139000
11209,2015-12-04,2023-07-28,152000,300000
11212,2006-02-23,2006-09-08,125500,145950
11214,2002-01-23,2014-09-12,83600,151500
11214,2014-09-12,2018-11-07,151500,225000
11218,2007-09-24,2016-02-12,110000,168000
11219,2002-07-26,2005-11-04,83950,129000
11219,2005-11-04,2013-05-03,129000,148500
11220,1999-03-16,2004-12-06,50000,112995
11220,2004-12-06,2024-09-27,112995,225000
11223,2007-03-28,2008-10-27,135500,140000
11223,2008-10-27,2017-04-10,140000,200000
11224,2015-02-27,2025-06-06,125000,280000
11225,2018-08-29,2022-05-27,180000,265000
11226,2013-08-30,2015-10-09,157000,182000
11226,2015-10-09,2018-04-19,182000,225000
11227,2000-09-04,2016-03-04,35475,200000
11229,2006-03-10,2006-10-13,121500,155000
11229,2006-10-13,2019-03-13,155000,175000
11231,2004-05-18,2008-08-19,117000,141000
11231,2008-08-19,2011-03-04,141000,145000
11233,1998-11-27,2000-02-11,49000,60000
11234,1997-10-31,2006-08-11,45000,152500
11235,2003-07-31,2008-07-11,120000,142000
11236,2000-11-15,2012-11-07,33000,69000
11236,2012-11-07,2016-08-15,69000,114000
11237,2006-10-13,2012-12-07,92500,88000
11238,2001-09-28,2023-12-13,81000,215000
11240,2009-11-16,2015-07-20,38000,115000
11247,2010-09-03,2010-10-11,100000,110000
11247,2010-10-11,2015-06-02,110000,158000
11248,2008-02-15,2024-05-13,140000,225000
11249,1998-11-16,2010-02-22,52500,118000
11249,2010-02-22,2010-08-20,118000,157000
11254,1996-06-25,2003-03-31,42500,122500
11254,2003-03-31,2005-06-20,122500,146500
11257,1996-11-15,2025-01-24,39000,213000
11260,1995-11-30,1997-05-30,48500,48000
11260,1997-05-30,2012-12-07,48000,110000
11260,2012-12-07,2025-02-27,110000,240000
11262,2006-06-16,2010-11-05,146000,163000
11262,2010-11-05,2014-02-18,163000,166500
11262,2014-02-18,2024-04-29,166500,300000
11264,2011-10-06,2022-09-09,145000,342000
11266,2007-01-10,2017-01-30,153450,190000
11266,2017-01-30,2020-12-18,190000,217000
11269,1996-10-23,2006-10-13,45500,124950
11270,1996-08-02,2006-09-08,46500,120000
11271,1995-07-31,1999-02-22,43000,55500
11271,1999-02-22,2020-06-02,55500,200000
11272,2003-02-17,2023-12-07,48000,290000
11281,2002-07-03,2004-04-16,89000,105000
11281,2004-04-16,2017-08-31,105000,190000
11283,2016-02-12,2017-02-24,152000,193000
11284,2007-07-06,2011-02-23,155000,160000
11284,2011-02-23,2013-10-11,160000,162000
11286,2001-12-21,2018-05-25,68000,150000
11286,2018-05-25,2018-08-30,150000,149000
11287,2003-03-19,2004-04-06,87000,129000
11287,2004-04-06,2010-11-11,129000,134000
11287,2010-11-11,2019-04-16,134000,187500
11288,2015-07-10,2017-07-28,145000,205000
11289,1999-06-25,2002-06-05,54500,77500
11289,2002-06-05,2007-11-13,77500,142500
11290,1997-10-15,2004-12-17,37000,127500
11290,2004-12-17,2005-08-08,127500,127500
11290,2005-08-08,2017-11-17,127500,172000
11290,2017-11-17,2026-01-30,172000,270000
11295,1999-08-19,2010-03-05,52300,150000
11297,2006-01-11,2016-11-03,146000,195000
11297,2016-11-03,2020-08-21,195000,215000
11302,2000-12-15,2004-07-15,65500,117000
11302,2004-07-15,2005-07-29,117000,123000
11302,2005-07-29,2014-04-10,123000,142500
11302,2014-04-10,2018-07-19,142500,207000
11303,2008-01-16,2014-07-25,149000,153000
11303,2014-07-25,2025-12-16,153000,310000
11304,2014-08-29,2025-10-02,155000,305000
11305,1998-01-26,2004-01-16,25925,119000
11305,2004-01-16,2006-04-18,119000,135000
11306,2015-12-09,2022-02-15,195000,200000
11309,2005-07-29,2018-01-26,129500,202000
11310,2000-12-18,2012-08-31,31000,135000
11311,2008-10-24,2013-06-20,116500,162000
11311,2013-06-20,2022-11-18,162000,335000
11312,2007-04-27,2020-01-08,167000,200000
11314,2009-01-23,2021-11-05,110000,245000
11315,1995-05-26,1999-04-01,42500,53000
11319,2000-12-12,2003-10-17,64000,113000
11321,2015-06-16,2017-05-25,136000,210000
11321,2017-05-25,2022-07-07,210000,265000
11321,2022-07-07,2026-03-05,265000,275000
11322,1995-08-04,1999-04-06,45950,53500
11322,1999-04-06,2004-02-04,53500,115000
11322,2004-02-04,2022-11-04,115000,260000
11323,2010-03-02,2020-06-15,107500,215000
11324,1997-12-15,2007-12-07,19500,170000
11324,2007-12-07,2015-11-03,170000,168000
11325,2012-11-26,2019-05-22,128000,195000
11327,1997-07-18,2002-06-21,38500,88000
11330,1996-12-02,1999-09-02,46950,48000
11330,1999-09-02,2008-06-04,48000,142000
11330,2008-06-04,2019-09-06,142000,255500
11333,2014-12-11,2018-11-30,209000,230000
11333,2018-11-30,2018-12-13,230000,232000
11334,2006-03-03,2010-12-07,179950,185750
11338,1996-07-18,2004-01-28,41500,105000
11339,2007-02-01,2017-11-23,120000,179995
11339,2017-11-23,2021-09-30,179995,254000
11343,2008-07-10,2016-02-25,134000,191350
11343,2016-02-25,2021-02-22,191350,220000
11345,2011-04-15,2017-11-17,155000,190000
11350,2000-10-13,2007-10-19,74000,163000
11350,2007-10-19,2013-04-11,163000,145750
11351,2001-10-26,2007-08-10,72500,165000
11352,2015-01-30,2020-12-11,181000,218000
11353,2005-04-29,2007-05-29,124000,153000
11353,2007-05-29,2013-08-16,153000,167500
11354,2019-01-16,2025-03-05,165000,265000
11356,2004-06-24,2014-03-28,134950,157000
11357,2000-09-04,2009-12-18,29070,130000
11358,2001-03-30,2004-06-30,128000,160000
11358,2004-06-30,2006-12-15,160000,192500
11358,2006-12-15,2014-06-27,192500,207000
11358,2014-06-27,2021-06-23,207000,250000
11359,2001-05-10,2006-10-19,126950,179999
11360,2001-05-25,2004-06-25,119653,144000
11360,2004-06-25,2016-03-31,144000,205000
11361,2001-06-29,2014-04-11,142950,200000
11361,2014-04-11,2016-04-29,200000,215000
11362,2001-12-20,2014-05-19,250000,325000
11363,2001-06-29,2004-04-02,245000,290000
11363,2004-04-02,2011-09-30,290000,315000
11364,2002-01-10,2003-07-30,157000,165000
11364,2003-07-30,2020-01-31,165000,258000
11365,2002-03-22,2005-08-15,156450,182000
11366,2001-12-20,2007-09-24,150000,195000
11366,2007-09-24,2021-03-31,195000,235000
11367,2002-02-08,2010-12-17,148000,175000
11367,2010-12-17,2023-02-08,175000,305000
11368,2002-01-11,2002-10-04,159000,175000
11368,2002-10-04,2020-05-29,175000,268000
11369,2001-06-04,2009-07-16,155950,188000
11369,2009-07-16,2015-03-06,188000,214000
11369,2015-03-06,2019-08-02,214000,265000
11370,2001-09-28,2005-12-21,155000,187500
11370,2005-12-21,2022-09-08,187500,332000
11371,2001-11-27,2006-12-18,165000,205000
11372,2001-09-28,2003-08-27,142000,152000
11374,2001-10-19,2002-11-12,151000,162500
11374,2002-11-12,2006-10-09,162500,199950
11375,2007-02-19,2012-05-31,191500,194950
11375,2012-05-31,2015-10-19,194950,215000
11378,2001-07-27,2011-04-06,150000,195000
11380,2001-06-29,2017-03-20,155000,237500
11380,2017-03-20,2025-03-28,237500,285000
11383,2002-04-19,2007-07-13,146000,175000
11383,2007-07-13,2022-02-25,175000,250000
11384,2002-09-06,2019-07-31,277750,405000
11387,2002-03-28,2003-03-07,138950,147500
11387,2003-03-07,2006-02-20,147500,178000
11387,2006-02-20,2014-12-18,178000,203000
11387,2014-12-18,2021-03-25,203000,240000
11389,2002-04-30,2007-08-20,182000,249995
11392,2002-04-19,2006-05-31,275000,346000
11393,2002-02-14,2005-04-26,263950,307500
11393,2005-04-26,2013-07-18,307500,320000
11394,2002-03-15,2004-08-20,196000,250000
11394,2004-08-20,2022-07-26,250000,340000
11396,2002-03-08,2014-07-23,189000,250000
11397,2001-12-14,2002-10-25,180000,205000
11397,2002-10-25,2010-10-29,205000,230000
11397,2010-10-29,2011-03-31,230000,207000
11398,2002-05-29,2004-04-08,184000,227000
11398,2004-04-08,2011-04-01,227000,217000
11398,2011-04-01,2016-11-21,217000,257000
11398,2016-11-21,2022-04-14,257000,338500
11399,2002-06-13,2008-01-25,260000,325000
11400,2002-02-01,2003-10-03,173375,190000
11400,2003-10-03,2014-12-17,190000,249995
11400,2014-12-17,2018-12-17,249995,310000
11400,2018-12-17,2021-04-28,310000,338000
11402,2001-08-14,2022-12-20,71000,265500
11404,2005-12-07,2019-03-29,127500,170000
11406,2004-09-16,2008-01-04,90000,142500
11406,2008-01-04,2014-07-11,142500,148000
11407,2001-06-29,2003-08-22,139950,159950
11407,2003-08-22,2007-09-07,159950,175000
11408,2001-12-21,2003-04-29,131000,159950
11413,1997-07-04,2007-04-13,72000,247000
11413,2007-04-13,2013-12-20,247000,250000
11414,1996-07-18,2002-06-07,84500,302500
11416,1999-07-09,2004-07-26,65000,246000
11418,2000-09-15,2018-06-21,94000,256000
11418,2018-06-21,2022-02-28,256000,300000
11421,2002-07-17,2010-07-16,149950,200000
11421,2010-07-16,2015-05-08,200000,210000
11423,2009-09-18,2020-10-16,200000,362500
11424,2005-10-14,2021-03-11,234995,328000
11425,2003-08-15,2012-06-27,210000,249950
11426,1997-08-26,1998-11-20,86500,84000
11427,2000-08-25,2013-04-26,175000,249000
11430,1999-05-24,2000-01-28,83000,94000
11431,1997-11-28,2005-08-25,79000,195000
11431,2005-08-25,2013-10-14,195000,200000
11431,2013-10-14,2018-11-16,200000,305000
11435,2011-03-25,2014-10-06,190000,247500
11436,2010-04-16,2021-12-17,230000,570000
11438,1996-06-13,2000-01-13,108500,155000
11438,2000-01-13,2020-12-03,155000,506000
11442,1996-07-15,1999-03-05,75000,96000
11442,1999-03-05,2002-08-30,96000,179500
11446,2000-06-21,2017-09-08,43000,285000
11447,2000-08-11,2010-08-23,105000,229950
11450,2005-10-28,2015-03-27,250000,270000
11450,2015-03-27,2025-03-31,270000,445000
11454,2017-03-31,2022-11-10,169275,175000
11456,2016-03-31,2018-01-19,159057,271500
11456,2018-01-19,2024-06-21,271500,235000
11458,2017-04-21,2017-07-28,199374,338995
11460,2017-03-31,2017-04-13,215390,358995
11461,2017-04-21,2018-02-02,219809,350000
11462,2016-04-21,2022-02-04,252393,372500
11463,2019-03-15,2025-02-28,390000,305000
11464,2018-04-21,2018-09-25,228093,380000
11465,2016-03-31,2023-04-05,169275,199000
11466,2016-04-21,2020-08-14,171208,242000
11467,2016-03-31,2017-07-21,193851,318995
11469,2016-04-21,2016-05-16,210420,376000
11471,2015-10-30,2023-01-09,430000,450000
11472,2016-04-21,2017-12-12,214020,350000
11472,2017-12-12,2025-03-28,350000,340000
11473,2017-04-21,2017-04-21,415000,247393
11473,2017-04-21,2020-09-02,247393,420000
11474,2017-10-19,2024-04-18,380000,350000
11475,2017-02-01,2018-11-16,228093,388495
11476,2016-03-31,2017-11-14,233892,395995
11476,2017-11-14,2024-10-31,395995,375000
11479,2016-03-31,2016-08-05,171208,283995
11480,2017-07-21,2022-08-17,318995,350000
11481,2016-03-31,2016-07-15,210420,376000
11483,2017-09-29,2022-09-22,300000,312995
11483,2022-09-22,2023-11-10,312995,320000
11484,2017-03-31,2017-06-14,222809,395995
11485,2016-03-31,2017-06-14,211487,365995
11486,2016-03-31,2016-12-02,211487,359995
11486,2016-12-02,2023-06-23,359995,389000
11489,2016-03-31,2017-09-04,169275,299995
11490,2016-04-21,2016-08-02,176208,304495
11491,2015-12-07,2015-12-07,359995,193851
11491,2015-12-07,2017-01-23,193851,295000
11492,2015-11-27,2015-11-27,210420,375000
11494,2016-03-31,2017-09-21,206260,345995
11495,2016-03-31,2020-01-21,222570,348500
11496,2013-07-26,2019-12-18,215000,210000
11498,2013-07-05,2022-01-31,185000,435000
11502,2011-08-05,2012-03-09,125000,187500
11506,2017-04-28,2023-08-25,240000,415000
11507,2005-05-18,2009-06-18,215000,215000
11507,2009-06-18,2010-12-17,215000,190000
11507,2010-12-17,2018-02-16,190000,185000
11507,2018-02-16,2018-04-05,185000,262000
11508,2003-01-15,2005-10-07,151000,195000
11510,2003-06-20,2008-08-26,159950,212000
11511,2016-05-12,2025-10-10,292000,405000
11512,1996-07-08,2001-02-15,96000,111500
11514,1995-11-03,2018-04-13,60000,287500
11514,2018-04-13,2020-10-30,287500,335000
11515,2018-04-27,2019-11-01,249950,305000
11516,2004-01-29,2006-10-10,85000,200000
11516,2006-10-10,2014-05-02,200000,240000
11516,2014-05-02,2024-03-27,240000,375000
11521,1995-09-29,2004-01-23,58000,153000
11521,2004-01-23,2012-07-10,153000,196000
11521,2012-07-10,2016-08-19,196000,245000
11522,1999-09-27,2026-01-14,75000,190000
11528,2003-09-09,2024-01-04,173000,250000
11529,1998-10-23,2023-11-17,75000,400000
11532,2002-05-03,2002-11-08,112000,164950
11532,2002-11-08,2007-03-29,164950,207500
11536,2014-05-30,2023-05-09,217000,325000
11539,2016-05-20,2017-08-18,220000,278000
11539,2017-08-18,2020-09-11,278000,327500
11541,2005-03-24,2005-09-14,160000,240000
11541,2005-09-14,2016-12-22,240000,290000
11543,2009-03-20,2024-12-10,140000,370000
11544,2000-08-18,2016-01-28,75000,312500
11545,1997-05-30,2003-12-11,61500,185750
11545,2003-12-11,2006-08-11,185750,178000
11548,2001-01-26,2019-11-28,77000,290000
11549,1997-03-21,1997-06-30,46000,47500
11550,1995-01-20,1999-10-15,54000,81995
11550,1999-10-15,2008-10-31,81995,180000
11550,2008-10-31,2009-05-05,180000,135000
11550,2009-05-05,2016-01-05,135000,170000
11550,2016-01-05,2018-02-13,170000,205000
11550,2018-02-13,2021-04-30,205000,235000
11551,1997-06-17,2005-04-15,48000,75000
11551,2005-04-15,2022-08-26,75000,300000
11552,2007-03-02,2016-09-30,186000,218500
11553,2002-01-18,2004-04-02,104950,160000
11553,2004-04-02,2017-10-06,160000,215480
11553,2017-10-06,2025-03-27,215480,360000
11554,2010-09-10,2018-08-14,160000,272000
11554,2018-08-14,2024-08-22,272000,365000
11555,2000-04-13,2002-06-28,90000,133000
11555,2002-06-28,2013-05-31,133000,232000
11555,2013-05-31,2019-02-20,232000,290000
11557,2007-06-14,2008-02-29,184000,227000
11558,2011-11-11,2014-12-10,223500,269950
11560,2010-09-02,2018-02-14,182000,330000
11560,2018-02-14,2025-05-23,330000,440000
11561,1998-01-30,2015-06-19,29000,250000
11561,2015-06-19,2022-09-09,250000,335000
11563,2016-04-26,2018-05-25,185000,320000
11564,2006-07-26,2007-03-22,168000,215000
11564,2007-03-22,2010-07-29,215000,182000
11564,2010-07-29,2012-11-30,182000,192000
11564,2012-11-30,2017-03-24,192000,247500
11564,2017-03-24,2023-08-15,247500,375000
11569,2020-09-30,2023-11-10,271000,367000
11570,2003-07-25,2016-01-07,151500,245000
11570,2016-01-07,2023-09-29,245000,345000
11571,2001-11-16,2006-11-06,109500,182500
11571,2006-11-06,2017-08-04,182500,245000
11572,2006-09-29,2023-12-01,167000,320000
11574,1996-03-15,2007-05-04,56000,222000
11575,2023-04-28,2024-09-27,350000,510000
11576,2012-01-23,2022-04-29,169000,361000
11577,2014-01-06,2021-04-12,181000,325000
11578,2014-03-27,2024-12-13,217500,365000
11581,2000-07-28,2006-06-30,83500,199000
11582,2005-06-24,2013-02-08,160000,168500
11583,1996-07-05,1999-11-19,50000,85000
11583,1999-11-19,2000-03-31,85000,102500
11583,2000-03-31,2002-03-15,102500,127500
11584,2006-11-03,2008-01-18,167000,225000
11584,2008-01-18,2016-04-28,225000,237000
11585,2007-10-19,2013-07-16,194500,209500
11586,2004-05-13,2006-04-20,185000,205000
11586,2006-04-20,2023-07-28,205000,385000
11588,1999-04-01,2005-12-06,75000,188500
11589,2004-04-08,2010-08-05,150000,245000
11589,2010-08-05,2013-11-22,245000,240000
11590,2010-08-27,2015-02-13,160000,235000
11590,2015-02-13,2019-02-12,235000,330000
11590,2019-02-12,2024-01-31,330000,387800
11593,1996-08-02,2000-01-28,54000,80000
11593,2000-01-28,2002-11-28,80000,137500
11595,2006-10-23,2013-12-20,195000,202000
11596,2009-08-28,2015-04-10,205000,257500
11596,2015-04-10,2021-09-30,257500,342000
11598,2009-06-05,2018-11-23,173900,250000
11598,2018-11-23,2023-05-19,250000,315000
11599,2009-11-18,2013-10-11,165000,165000
11600,2009-10-07,2018-11-09,167000,235000
11601,2009-09-18,2015-05-06,135000,162000
11602,2008-02-15,2013-03-28,175000,180000
11602,2013-03-28,2016-01-14,180000,164000
11603,2009-10-02,2017-07-07,167500,240000
11605,2008-04-29,2018-08-30,199995,255000
11606,2008-05-19,2011-06-30,190000,192000
11606,2011-06-30,2021-12-21,192000,260000
11611,2006-09-04,2024-08-21,157000,330000
11612,1999-10-25,2004-10-01,77000,177000
11612,2004-10-01,2006-09-15,177000,185000
11612,2006-09-15,2017-04-24,185000,243500
11612,2017-04-24,2026-03-11,243500,313000
11613,1999-06-10,2016-07-13,83500,260002
11613,2016-07-13,2018-08-21,260002,267000
11614,1997-11-28,2009-12-11,74950,180000
11614,2009-12-11,2015-09-25,180000,240000
11614,2015-09-25,2023-07-19,240000,365112
11615,1998-04-29,2000-06-30,55500,93500
11615,2000-06-30,2003-09-19,93500,155000
11615,2003-09-19,2008-02-29,155000,200000
11615,2008-02-29,2014-12-12,200000,220000
11615,2014-12-12,2017-12-18,220000,248000
11615,2017-12-18,2021-03-12,248000,298000
11616,2012-01-27,2023-03-09,175000,325000
11617,2001-08-03,2002-05-24,94950,156000
11617,2002-05-24,2007-01-04,156000,197000
11617,2007-01-04,2021-12-22,197000,276000
11618,2007-01-31,2011-04-26,198500,185000
11618,2011-04-26,2019-09-27,185000,247000
11619,1999-03-22,2007-08-17,66000,205000
11619,2007-08-17,2021-05-28,205000,283000
11621,1995-04-25,2000-04-20,51500,91500
11621,2000-04-20,2004-12-21,91500,159500
11621,2004-12-21,2021-03-22,159500,272623
11621,2021-03-22,2023-09-08,272623,320000
11626,2010-02-18,2011-11-30,136000,165000
11627,2002-03-28,2021-06-21,123500,288500
11627,2021-06-21,2025-11-12,288500,347000
11629,2006-02-10,2006-12-01,171000,200000
11629,2006-12-01,2015-10-30,200000,220000
11630,2010-07-07,2022-10-07,157800,334750
11631,2010-06-02,2013-11-29,155000,188000
11631,2013-11-29,2017-11-13,188000,240000
11632,1997-09-26,2004-06-25,64000,160000
11633,1997-07-25,2004-09-17,45030,154000
11633,2004-09-17,2018-12-19,154000,235000
11636,1999-11-12,2004-07-09,79950,161500
11637,1996-12-18,2000-05-15,50000,83500
11637,2000-05-15,2006-07-28,83500,187500
11637,2006-07-28,2012-05-03,187500,175000
11637,2012-05-03,2025-02-28,175000,296000
11638,1999-05-21,2003-03-19,72500,132000
11638,2003-03-19,2003-07-31,132000,150000
11638,2003-07-31,2003-11-25,150000,169950
11638,2003-11-25,2013-06-24,169950,203750
11638,2013-06-24,2017-06-30,203750,247000
11640,1996-04-17,1999-04-16,37500,67500
11640,1999-04-16,2011-12-20,67500,152000
11640,2011-12-20,2012-08-20,152000,180000
11640,2012-08-20,2018-11-19,180000,259950
11640,2018-11-19,2022-09-28,259950,340883
11643,1999-06-04,2014-08-08,78500,215000
11645,2003-11-21,2006-02-28,164000,158000
11645,2006-02-28,2006-06-21,158000,184950
11646,1999-12-10,2003-11-21,66000,164000
11646,2003-11-21,2006-02-14,164000,152000
11646,2006-02-14,2006-04-12,152000,182500
11647,1997-12-18,2012-11-02,63000,155000
11647,2012-11-02,2017-05-19,155000,271500
11648,1998-04-15,2004-03-18,66750,189950
11648,2004-03-18,2006-09-01,189950,205000
11650,1999-11-05,2011-09-02,81950,184950
11650,2011-09-02,2014-07-29,184950,228000
11650,2014-07-29,2025-01-31,228000,335000
11651,1997-07-01,2002-08-14,72000,149950
11651,2002-08-14,2005-01-20,149950,187000
11651,2005-01-20,2006-01-26,187000,199950
11651,2006-01-26,2016-11-11,199950,255000
11651,2016-11-11,2020-01-29,255000,300000
11652,2001-10-04,2018-07-31,127000,300000
11653,2007-05-10,2016-08-04,182000,280000
11654,1996-06-14,2024-10-22,56750,325000
11655,1996-10-28,2009-03-31,45500,159500
11656,2002-02-11,2018-06-22,117000,285000
11658,2005-04-08,2008-09-26,185000,205000
11658,2008-09-26,2018-09-27,205000,272000
11659,2002-08-05,2006-01-06,85000,148000
11659,2006-01-06,2014-06-02,148000,151000
11659,2014-06-02,2016-08-11,151000,184000
11660,1996-10-16,2003-04-25,32000,106000
11660,2003-04-25,2006-02-10,106000,145000
11660,2006-02-10,2012-07-06,145000,145000
11660,2012-07-06,2015-01-05,145000,160000
11660,2015-01-05,2021-09-01,160000,226000
11661,1997-09-05,2012-07-13,40000,130000
11662,1999-12-10,2022-08-15,68000,295000
11664,1995-03-31,2000-11-03,40000,74450
11665,2004-08-25,2006-12-04,75000,133000
11665,2006-12-04,2016-02-25,133000,143000
11666,1995-02-20,1998-09-25,18560,47000
11666,1998-09-25,2004-12-03,47000,107000
11666,2004-12-03,2015-12-21,107000,145000
11667,2007-10-08,2014-09-18,97500,120000
11668,1998-01-05,1999-08-20,15925,55950
11668,1999-08-20,2015-11-13,55950,110000
11668,2015-11-13,2021-12-14,110000,180000
11669,1998-09-21,2000-02-29,49000,49000
11669,2000-02-29,2002-04-22,49000,75000
11669,2002-04-22,2012-09-14,75000,123500
11671,2012-10-19,2015-01-09,132000,154500
11671,2015-01-09,2019-05-31,154500,180000
11672,2016-07-11,2020-01-10,155000,195000
11674,2014-07-04,2019-04-26,139500,180000
11674,2019-04-26,2019-05-10,180000,185000
11674,2019-05-10,2025-08-14,185000,260000
11675,2003-10-07,2006-12-18,100000,137270
11675,2006-12-18,2015-06-18,137270,155000
11675,2015-06-18,2018-08-10,155000,190000
11675,2018-08-10,2023-08-25,190000,255000
11676,2006-06-30,2009-12-18,114950,141000
11676,2009-12-18,2013-03-04,141000,141500
11676,2013-03-04,2016-04-28,141500,175000
11677,2003-07-07,2016-02-12,91500,141250
11679,2005-04-15,2020-09-14,100000,166000
11680,2014-07-25,2021-09-30,150000,220000
11681,1998-02-24,2006-10-16,32000,120000
11681,2006-10-16,2010-07-16,120000,129000
11681,2010-07-16,2020-06-19,129000,175000
11681,2020-06-19,2024-02-15,175000,206000
11684,2002-11-15,2016-03-24,140130,193000
11685,2002-11-22,2011-10-07,142950,134000
11685,2011-10-07,2016-03-04,134000,187500
11685,2016-03-04,2021-04-09,187500,220000
11688,2002-12-20,2005-04-29,163950,225000
11689,2003-01-10,2019-12-06,199950,285000
11690,2002-12-20,2004-04-14,159950,190000
11690,2004-04-14,2005-08-26,190000,210000
11690,2005-08-26,2011-01-11,210000,215000
11691,2002-09-13,2016-12-13,159950,250000
11692,2002-12-20,2005-05-25,124950,135500
11692,2005-05-25,2018-11-29,135500,149950
11692,2018-11-29,2020-12-11,149950,165000
11695,2002-12-20,2004-06-18,124950,143000
11695,2004-06-18,2025-09-24,143000,165000
11696,2002-09-20,2009-12-09,164950,212500
11696,2009-12-09,2014-04-04,212500,221000
11696,2014-04-04,2021-06-25,221000,317500
11697,2003-01-22,2016-01-29,169950,249950
11697,2016-01-29,2022-07-01,249950,337500
11698,2002-10-04,2007-09-21,166950,236000
11699,2003-03-21,2011-10-07,184950,214000
11700,2003-02-07,2007-06-28,172950,220000
11700,2007-06-28,2007-08-17,220000,230000
11702,2003-02-25,2017-11-10,174950,260000
11703,2003-08-19,2016-04-25,219950,272500
11704,2003-03-14,2019-10-22,177950,260000
11705,2003-07-11,2004-11-05,209850,245000
11705,2004-11-05,2007-06-13,245000,275000
11705,2007-06-13,2014-02-21,275000,250000
11708,2003-04-11,2014-09-17,181950,250000
11711,2006-05-23,2010-01-22,65000,70000
11711,2010-01-22,2017-12-14,70000,142000
11711,2017-12-14,2022-02-15,142000,156500
11712,2005-06-14,2007-06-08,101250,116250
11713,2013-05-15,2021-11-19,60000,160000
11714,2004-03-31,2005-12-22,86250,101000
11714,2005-12-22,2015-06-25,101000,118000
11714,2015-06-25,2021-12-20,118000,160000
11715,2004-01-09,2005-06-22,55000,65000
11715,2005-06-22,2012-08-17,65000,115000
11715,2012-08-17,2014-03-14,115000,115000
11715,2014-03-14,2016-10-21,115000,134500
11716,2013-04-26,2014-08-08,58000,122500
11717,2004-03-24,2011-05-20,75000,84000
11718,2004-02-20,2020-12-18,150000,260000
11719,2003-08-01,2007-09-27,184950,245000
11720,1996-12-20,1999-05-07,38500,46000
11720,1999-05-07,2007-07-20,46000,169000
11721,2002-03-18,2004-09-17,75000,124995
11721,2004-09-17,2016-06-14,124995,167000
11722,2021-04-01,2024-11-11,200000,675000
11724,2013-10-23,2019-12-04,152000,218000
11726,2007-04-11,2017-12-11,115000,127500
11727,2007-02-09,2014-07-30,130000,81000
11727,2014-07-30,2023-05-11,81000,157500
11728,2006-10-30,2011-04-27,107500,105000
11728,2011-04-27,2023-03-16,105000,168000
11729,2007-05-04,2017-02-10,142500,147500
11730,2006-10-27,2018-12-18,140000,154000
11730,2018-12-18,2023-08-14,154000,178000
11731,2007-07-06,2013-06-24,130000,111000
11732,2006-10-27,2007-10-26,112500,122500
11732,2007-10-26,2009-12-18,122500,114000
11734,2007-08-08,2016-05-25,125000,124500
11734,2016-05-25,2022-10-20,124500,162500
11735,2006-10-25,2009-12-21,107500,108000
11735,2009-12-21,2017-02-22,108000,128000
11735,2017-02-22,2023-01-18,128000,150000
11737,2006-10-30,2010-10-22,105000,106000
11737,2010-10-22,2016-11-10,106000,118000
11737,2016-11-10,2025-04-17,118000,160000
11738,2006-10-27,2016-09-29,105000,117500
11740,2000-03-30,2001-04-18,73950,82000
11740,2001-04-18,2002-05-07,82000,113500
11740,2002-05-07,2007-03-09,113500,167000
11740,2007-03-09,2011-06-03,167000,169000
11740,2011-06-03,2014-07-18,169000,174000
11740,2014-07-18,2024-09-06,174000,313000
11741,2007-12-07,2017-01-30,176000,249500
11742,1996-08-05,2006-07-21,48000,157450
11742,2006-07-21,2026-02-19,157450,222000
11743,2019-09-27,2021-01-19,130000,290000
11743,2021-01-19,2025-04-11,290000,280100
11745,2001-01-26,2003-07-30,82000,126000
11747,2001-07-20,2004-04-15,96000,150000
11747,2004-04-15,2007-06-29,150000,184500
11747,2007-06-29,2015-12-10,184500,215250
11747,2015-12-10,2025-11-07,215250,310000
11748,2000-01-28,2004-10-26,72000,167000
11748,2004-10-26,2012-09-28,167000,170000
11748,2012-09-28,2016-12-07,170000,225000
11749,2012-09-14,2015-11-30,210000,250000
11753,1999-07-30,2000-03-07,54000,85000
11753,2000-03-07,2006-11-23,85000,125000
11753,2006-11-23,2013-11-15,125000,165000
11753,2013-11-15,2018-09-21,165000,210000
11753,2018-09-21,2021-05-14,210000,227000
11754,1997-08-08,2006-07-21,40000,157200
11755,1997-02-24,2003-01-17,46000,153500
11756,2015-12-18,2025-11-14,150000,250000
11757,2000-08-01,2005-08-19,78000,140000
11757,2005-08-19,2016-02-10,140000,160000
11757,2016-02-10,2024-09-20,160000,290000
11758,2002-11-29,2007-10-11,115000,161600
11758,2007-10-11,2021-12-03,161600,320000
11759,1998-04-09,2019-02-25,74750,270000
11759,2019-02-25,2024-10-10,270000,353000
11760,1995-01-31,2003-06-20,55500,135000
11762,2005-12-21,2013-02-22,157000,173000
11764,2002-03-01,2017-10-06,108000,268000
11765,2004-12-03,2014-08-04,147000,210000
11767,1996-08-20,1998-12-18,59995,65500
11769,1996-05-29,2006-04-12,49950,186000
11769,2006-04-12,2021-06-30,186000,428000
11771,2004-01-16,2012-05-11,138000,178500
11773,1995-02-03,2011-01-21,58500,230000
11775,1996-07-17,2003-01-16,49000,145000
11775,2003-01-16,2005-07-18,145000,181500
11776,2022-07-22,2024-01-24,301200,475000
11778,2008-04-25,2016-01-08,123000,100000
11779,2019-02-14,2020-02-07,145000,154000
11781,2015-11-27,2019-05-31,155000,228000
11785,2016-02-08,2019-11-29,198000,240000
11789,2009-03-27,2019-01-10,160000,252000
11791,2014-10-09,2018-09-10,150950,210000
11791,2018-09-10,2021-12-06,210000,275000
11794,1999-09-07,2001-01-12,42000,78500
11794,2001-01-12,2008-05-02,78500,171000
11794,2008-05-02,2017-11-06,171000,188000
11796,2014-10-31,2017-10-25,145500,202500
11800,2022-02-03,2025-12-23,95000,132000
11803,2020-11-27,2024-05-31,50000,245000
11805,2014-03-17,2022-05-20,200000,265000
11808,2017-04-07,2024-05-14,80000,105000
11810,2007-12-20,2022-02-10,188000,270000
11811,2005-09-27,2024-05-24,175000,245000
11813,2002-05-16,2007-08-31,89950,165000
11815,2002-07-31,2013-10-10,40000,137000
11816,1999-11-08,2023-02-02,55000,292500
11817,1998-12-30,2001-08-31,42500,77500
11817,2001-08-31,2003-09-18,77500,102500
11817,2003-09-18,2005-06-24,102500,119950
11817,2005-06-24,2006-06-30,119950,145000
11818,1997-07-31,2007-06-22,46000,157950
11818,2007-06-22,2016-08-12,157950,177500
11818,2016-08-12,2023-01-13,177500,214000
11818,2023-01-13,2025-11-28,214000,243000
11820,2002-12-19,2015-10-30,99000,175000
11822,1997-01-31,2005-03-21,39000,127000
11822,2005-03-21,2007-11-09,127000,166000
11822,2007-11-09,2014-02-04,166000,154000
11826,1995-05-12,2014-02-19,65000,175000
11826,2014-02-19,2016-12-02,175000,240000
11826,2016-12-02,2023-01-16,240000,362500
11828,2015-11-26,2018-10-05,195000,260000
11830,1999-02-12,2001-09-28,76995,96550
11830,2001-09-28,2025-03-19,96550,300000
11833,2007-06-28,2021-02-18,154000,245000
11833,2021-02-18,2024-08-30,245000,245000
11834,2005-04-08,2015-07-08,190000,212000
11835,2020-09-11,2024-09-06,230000,273000
11837,1996-02-16,1998-05-29,43000,54500
11837,1998-05-29,2025-12-05,54500,275000
11838,2013-04-15,2020-09-04,160000,255000
11839,2006-10-20,2013-01-04,166000,167000
11839,2013-01-04,2016-06-17,167000,195000
11839,2016-06-17,2026-02-06,195000,290000
11840,2000-02-11,2022-10-20,79500,385000
11841,1996-03-15,1999-01-29,48000,63500
11841,1999-01-29,2000-12-01,63500,85000
11841,2000-12-01,2004-02-02,85000,154950
11842,1999-08-05,2000-04-17,67000,97000
11842,2000-04-17,2001-08-17,97000,120000
11842,2001-08-17,2019-08-07,120000,270000
11845,1998-09-18,2005-09-16,56000,167000
11846,1996-01-12,2005-10-14,52000,175000
11847,2003-01-03,2025-08-04,105000,210000
11849,2006-04-28,2009-10-29,185000,175000
11851,2001-06-20,2006-07-03,106000,172000
11853,2006-06-23,2014-01-17,175500,167000
11855,1996-06-24,2012-03-23,42000,165000
11857,2004-04-26,2024-04-29,142750,272500
11859,2001-06-15,2012-04-30,94000,141000
11859,2012-04-30,2015-10-30,141000,210000
11861,1999-05-14,2006-11-24,73500,175000
11862,1999-09-17,2003-11-03,84950,156000
11863,1999-08-06,2016-02-26,59950,222000
11863,2016-02-26,2017-06-16,222000,238000
11868,1998-09-11,2000-07-28,54000,84000
11868,2000-07-28,2005-12-14,84000,170000
11869,2018-12-07,2024-02-29,217500,248000
11871,1997-04-18,2005-11-04,49500,162000
11878,2004-03-08,2007-11-07,128500,176000
11879,1995-06-30,1999-09-30,53000,67500
11879,1999-09-30,2012-08-17,67500,145000
11879,2012-08-17,2015-07-23,145000,170000
11879,2015-07-23,2020-03-13,170000,214000
11881,1995-05-31,2013-11-15,60000,186000
11882,2003-05-09,2020-09-02,159000,340000
11882,2020-09-02,2021-08-09,340000,367500
11883,2012-03-02,2019-09-23,157000,313000
11885,2020-10-26,2021-01-13,193000,254000
11885,2021-01-13,2021-11-11,254000,390000
11887,2001-07-20,2022-12-02,105000,370000
11888,2000-03-01,2019-12-04,92000,305000
11888,2019-12-04,2021-02-01,305000,360000
11893,2005-06-07,2009-06-29,172000,180000
11897,2012-12-20,2019-09-30,170000,340000
11897,2019-09-30,2019-10-04,340000,325000
11898,2011-07-07,2019-11-20,113000,375000
11900,1995-07-18,2024-12-13,50950,305000
11901,2015-03-30,2017-04-06,172000,325000
11901,2017-04-06,2020-01-27,325000,386000
11903,1999-08-31,2003-12-19,83500,185000
11903,2003-12-19,2007-08-31,185000,248000
11904,1998-08-28,2004-09-30,78000,195000
11905,2005-05-06,2017-01-26,164000,220000
11905,2017-01-26,2019-03-28,220000,330000
11905,2019-03-28,2024-10-25,330000,396500
11906,2009-10-05,2015-11-06,175000,262000
11906,2015-11-06,2018-06-28,262000,305000
11907,2019-08-14,2025-04-17,388000,550000
11909,2006-03-17,2010-11-19,165000,212000
11910,2003-06-30,2006-10-27,161000,191000
11911,2014-04-11,2018-05-11,205000,310000
11913,2000-11-29,2024-10-11,105000,283500
11914,2003-06-20,2024-10-30,130000,300000
11918,2005-09-16,2026-01-29,245000,290000
11919,1996-04-04,2001-05-24,53500,92000
11920,2007-09-07,2015-05-05,185000,210000
11920,2015-05-05,2019-11-07,210000,263000
11920,2019-11-07,2023-06-30,263000,345000
11921,2000-06-09,2010-09-03,88500,207000
11921,2010-09-03,2016-06-10,207000,247000
11923,2004-10-15,2017-11-29,206950,345000
11926,2002-04-05,2007-06-08,136000,342000
11926,2007-06-08,2017-08-31,342000,285000
11931,2004-07-02,2021-12-17,275000,364500
11931,2021-12-17,2022-04-20,364500,400000
11932,2005-05-20,2012-03-23,142500,160000
11933,1997-09-26,2006-11-24,60000,173000
11934,2007-01-05,2018-02-23,165000,290000
11934,2018-02-23,2019-11-15,290000,330000
11935,2004-11-26,2006-07-28,158888,160000
11935,2006-07-28,2007-11-30,160000,185000
11935,2007-11-30,2016-12-05,185000,220000
11937,1999-06-04,2024-02-05,73500,275000
11938,1996-01-08,1998-02-24,56750,73500
11938,1998-02-24,2024-05-03,73500,255500
11939,2002-02-15,2014-11-19,117000,235000
11939,2014-11-19,2026-02-20,235000,359000
11940,1995-04-04,2003-02-07,57500,145000
11941,2012-12-04,2013-05-31,120000,185000
11941,2013-05-31,2014-08-12,185000,207000
11943,2006-10-09,2011-10-12,160000,185000
11944,1997-08-22,2016-08-22,63500,225000
11946,2012-03-02,2024-03-15,193000,400000
11946,2024-03-15,2024-03-21,400000,420000
11948,1998-11-06,2020-02-07,77500,180000
11949,2000-12-15,2015-05-15,84950,200000
11955,1997-06-11,2006-01-20,48000,130000
11955,2006-01-20,2006-11-20,130000,159000
11957,1996-12-06,2003-01-31,55000,166000
11957,2003-01-31,2016-10-18,166000,200000
11959,1997-03-14,2017-08-11,49995,212500
11959,2017-08-11,2023-11-17,212500,260000
11960,2002-04-02,2006-04-21,92950,177500
11960,2006-04-21,2011-04-15,177500,167500
11961,2009-07-03,2013-06-28,159000,147500
11961,2013-06-28,2015-09-25,147500,182000
11962,2004-10-14,2006-12-08,225000,172000
11962,2006-12-08,2011-07-29,172000,172000
11962,2011-07-29,2015-05-15,172000,210000
11963,2016-10-07,2021-02-05,161000,210000
11964,2006-08-30,2015-11-30,145000,210000
11964,2015-11-30,2019-10-31,210000,236000
11965,2004-09-17,2015-10-23,157950,202500
11966,2014-03-21,2022-10-03,183000,314000
11967,2000-09-27,2015-10-07,74950,180000
11967,2015-10-07,2018-09-14,180000,240000
11970,1996-11-22,2001-05-04,54000,77000
11970,2001-05-04,2005-12-13,77000,163000
11971,2003-09-05,2021-04-12,127000,192000
11971,2021-04-12,2023-07-27,192000,265000
11972,2018-07-03,2019-08-09,175000,230000
11974,2006-07-28,2014-10-07,147000,195000
11975,1997-02-28,2014-02-18,60000,180000
11976,2014-05-29,2025-02-04,172500,325000
11979,2008-05-16,2021-01-29,145000,325000
11979,2021-01-29,2023-08-31,325000,425000
11981,2016-07-10,2023-01-06,183000,280000
11982,2008-06-06,2016-06-24,165000,221000
11982,2016-06-24,2023-12-19,221000,330000
11983,2013-04-11,2025-10-17,162000,350000
11984,2002-05-10,2004-06-11,124000,192000
11985,2004-06-14,2007-06-27,140000,210000
11986,1998-01-20,2002-05-24,69500,139000
11986,2002-05-24,2012-11-27,139000,206500
11988,1998-12-01,2005-03-24,78000,179000
11990,2004-09-29,2013-05-02,175000,187000
11990,2013-05-02,2019-11-29,187000,237500
11990,2019-11-29,2021-09-29,237500,325000
11991,1997-07-29,2001-06-15,56625,93500
11991,2001-06-15,2009-04-24,93500,170000
11991,2009-04-24,2013-09-11,170000,185000
11991,2013-09-11,2015-11-30,185000,220000
11991,2015-11-30,2025-02-21,220000,310000
11992,2000-12-15,2021-09-16,103000,307000
11992,2021-09-16,2024-06-24,307000,332000
11993,1996-09-13,2004-09-17,56000,170000
11994,1995-09-19,2010-05-27,41000,169000
11994,2010-05-27,2015-01-30,169000,215000
11994,2015-01-30,2017-09-14,215000,240000
11995,2007-01-26,2023-09-13,153000,272000
11996,2012-11-28,2020-06-22,145500,263500
11998,1997-08-13,2000-10-03,54000,86000
11999,2000-10-20,2004-12-03,79950,158500
11999,2004-12-03,2007-06-22,158500,159995
12000,1999-03-12,2008-06-06,59000,168450
12000,2008-06-06,2014-02-14,168450,153500
12001,1999-10-28,2007-08-31,82500,166000
12003,1998-03-12,2005-06-17,47000,133000
12004,2016-01-18,2019-01-31,132000,188750
12004,2019-01-31,2023-01-26,188750,262750
12005,1995-07-28,1998-05-29,46000,53000
12005,1998-05-29,2006-10-06,53000,135950
12005,2006-10-06,2009-08-18,135950,131000
12005,2009-08-18,2016-06-24,131000,174950
12006,1999-10-15,2020-07-17,63500,188000
12007,2005-11-24,2015-10-05,125000,172500
12007,2015-10-05,2020-01-03,172500,197500
12009,2013-11-19,2018-11-16,250000,775000
12009,2018-11-16,2019-10-29,775000,2885000
12010,2001-11-27,2020-07-17,47500,153750
12011,1999-09-21,2000-12-14,85000,78750
12011,2000-12-14,2007-06-08,78750,185000
12012,1998-01-16,2001-01-09,71500,94950
12014,2017-07-07,2020-12-04,182000,222040
12016,2001-04-06,2006-07-16,88000,177500
12016,2006-07-16,2016-01-15,177500,196000
12016,2016-01-15,2017-02-24,196000,214000
12018,1998-09-07,2002-02-28,56000,89000
12021,2005-10-14,2017-05-26,157000,230000
12022,1996-05-29,1996-06-04,57500,28750
12022,1996-06-04,2021-06-18,28750,242000
12025,2000-02-18,2008-04-30,73750,158500
12025,2008-04-30,2017-10-30,158500,185000
12026,2023-11-29,2024-06-04,650000,36000
12028,2002-04-15,2012-08-22,99995,144000
12028,2012-08-22,2025-08-20,144000,280000
12031,2007-01-25,2007-05-15,148000,160000
12031,2007-05-15,2014-09-09,160000,125000
12031,2014-09-09,2020-05-19,125000,152000
12032,2002-02-01,2007-08-10,96000,189000
12032,2007-08-10,2019-05-03,189000,245000
12033,2003-11-10,2006-10-06,134000,185000
12034,2022-07-20,2025-06-23,290000,307000
12035,1997-11-03,2023-10-20,59000,273000
12036,1998-12-07,2016-03-03,60000,217280
12038,2009-08-20,2015-10-09,158500,222000
12040,1999-11-08,2007-05-11,75000,185000
12040,2007-05-11,2015-09-11,185000,218000
12041,2006-04-20,2015-03-27,162000,225000
12041,2015-03-27,2021-02-12,225000,305000
12045,1998-01-27,2009-10-28,74500,170000
12045,2009-10-28,2020-10-06,170000,258000
12047,1996-01-31,1998-01-15,36150,73500
12047,1998-01-15,2001-08-03,73500,111000
12047,2001-08-03,2007-10-29,111000,198000
12048,1999-07-01,2000-03-31,57570,107500
12053,2001-12-21,2006-12-08,122500,189950
12053,2006-12-08,2019-06-07,189950,245000
12053,2019-06-07,2024-05-22,245000,430000
12054,2007-10-30,2014-07-10,161000,235000
12054,2014-07-10,2019-10-23,235000,270000
12057,2017-08-31,2021-05-28,263500,320000
12059,1998-08-10,2014-01-17,70000,174000
12059,2014-01-17,2017-08-31,174000,212500
12061,1997-12-02,2025-10-28,78995,362000
12067,2015-04-24,2018-12-12,230826,310000
12070,2007-07-20,2011-01-28,189000,189000
12071,1997-10-17,2014-10-16,69950,227500
12071,2014-10-16,2019-12-20,227500,250000
12071,2019-12-20,2019-12-20,250000,255000
12074,2002-03-06,2021-01-29,140000,310000
12074,2021-01-29,2024-09-30,310000,370000
12075,2008-07-25,2020-09-04,165000,255000
12076,2003-09-12,2016-01-15,117500,180000
12077,2003-12-12,2009-06-30,118000,135000
12077,2009-06-30,2017-10-20,135000,173000
12079,1997-08-15,2014-05-16,59950,215000
12079,2014-05-16,2018-08-17,215000,300000
12079,2018-08-17,2021-07-30,300000,350000
12080,1998-11-27,2018-08-17,66000,159950
12080,2018-08-17,2021-09-30,159950,192500
12083,2018-09-29,2020-05-21,225000,305000
12084,1996-11-11,2002-08-23,60000,144950
12085,2001-12-18,2005-11-11,133750,225000
12085,2005-11-11,2012-11-16,225000,200000
12088,2020-02-18,2023-03-17,90000,107500
12093,1997-04-25,1999-10-15,59000,75000
12093,1999-10-15,2005-06-24,75000,119500
12093,2005-06-24,2005-10-28,119500,155000
12094,2006-06-05,2016-09-02,189000,305000
12096,2005-01-12,2009-01-06,100580,250000
12096,2009-01-06,2011-09-08,250000,250000
12098,2001-07-02,2015-08-04,125750,258500
12099,1996-10-23,2009-07-03,75000,260000
12099,2009-07-03,2015-08-04,260000,310000
12104,1998-02-05,2003-04-04,77000,155000
12104,2003-04-04,2009-07-24,155000,189000
12104,2009-07-24,2013-11-08,189000,195000
12112,2008-08-08,2023-07-10,187500,365000
12113,1998-08-21,2007-01-05,80000,189000
12119,1998-04-30,2011-05-11,92000,163000
12124,1996-07-30,2005-02-10,63250,178000
12125,2007-07-09,2016-09-19,183500,237600
12129,2005-07-15,2013-07-16,160000,190000
12129,2013-07-16,2023-03-03,190000,335000
12132,2003-04-24,2007-07-09,159500,199950
12133,1995-10-31,2003-05-02,65000,152000
12133,2003-05-02,2013-12-11,152000,180000
12133,2013-12-11,2022-03-21,180000,312000
12133,2022-03-21,2024-10-04,312000,301500
12138,1998-09-11,2005-04-07,115000,250000
12138,2005-04-07,2010-05-28,250000,265000
12140,2019-07-26,2024-07-31,247300,325000
12142,2013-02-26,2021-01-29,195000,307800
12143,2005-08-19,2017-01-13,199000,250000
12143,2017-01-13,2025-03-21,250000,410000
12144,2016-03-24,2017-04-03,240250,313000
12144,2017-04-03,2017-08-01,313000,313000
12144,2017-08-01,2026-02-06,313000,355000
12145,2016-03-24,2017-03-08,233000,297000
12145,2017-03-08,2017-04-27,297000,297000
12145,2017-04-27,2017-11-01,297000,285000
12151,2015-11-20,2021-02-03,270000,308000
12154,2016-03-30,2021-09-23,300000,315000
12155,2016-06-23,2023-01-04,278000,360000
12158,2015-12-18,2021-02-15,278000,307500
12161,2007-08-02,2017-05-12,177000,215500
12165,1997-08-29,2003-10-08,69950,130000
12165,2003-10-08,2024-08-16,130000,385000
12166,1995-12-15,1999-05-21,46500,72000
12166,1999-05-21,2011-08-19,72000,185000
12167,2004-02-10,2009-07-20,142000,187000
12167,2009-07-20,2025-02-21,187000,379000
12168,2009-05-27,2020-02-07,160000,265000
12169,2000-03-27,2004-12-08,87000,177000
12169,2004-12-08,2006-09-05,177000,190000
12169,2006-09-05,2012-12-19,190000,186500
12169,2012-12-19,2016-07-27,186500,275000
12169,2016-07-27,2022-04-20,275000,335000
12172,2003-01-10,2004-01-16,145000,130000
12172,2004-01-16,2006-04-27,130000,212000
12172,2006-04-27,2007-12-04,212000,222000
12176,1995-03-24,2004-08-19,36500,112500
12176,2004-08-19,2019-12-13,112500,155000
12178,1999-12-17,2012-09-14,55500,107500
12182,2003-11-25,2006-03-10,120000,175000
12182,2006-03-10,2023-08-02,175000,280000
12185,1999-08-20,2017-04-12,36500,285000
12186,2009-07-24,2016-03-24,175000,225000
12186,2016-03-24,2018-12-07,225000,298000
12186,2018-12-07,2025-12-16,298000,425000
12187,2005-03-04,2016-06-20,165000,255000
12188,2007-05-23,2015-01-29,160000,290000
12189,2007-08-10,2018-08-31,210000,325000
12190,2001-07-20,2011-10-04,106000,156000
12190,2011-10-04,2020-08-04,156000,320000
12191,2000-02-29,2017-10-20,39000,267000
12194,2005-11-04,2020-07-30,105000,346703
12194,2020-07-30,2024-06-24,346703,450000
12195,2023-12-15,2025-06-03,835000,235000
12198,1995-07-03,2006-11-20,68000,185000
12200,1996-05-01,2002-03-28,60000,124500
12200,2002-03-28,2021-08-18,124500,270000
12201,2009-08-28,2018-06-19,157000,290000
12204,1999-09-30,2002-03-22,87000,117000
12207,2009-08-12,2016-03-07,175000,210000
12208,1996-05-31,2024-11-01,68500,280000
12209,1995-08-04,2012-02-03,52500,153000
12213,1998-01-16,2017-04-28,64000,190000
12213,2017-04-28,2019-11-27,190000,129987
12213,2019-11-27,2019-11-27,129987,222500
12214,2012-04-13,2013-07-16,125000,160000
12215,2000-01-21,2021-05-28,67500,218000
12218,1995-08-31,1999-11-12,53500,78000
12219,2000-03-14,2007-03-30,72000,164000
12219,2007-03-30,2019-11-29,164000,219995
12221,2000-09-29,2002-08-02,89000,92500
12221,2002-08-02,2021-07-09,92500,238000
12223,1995-10-12,2005-06-24,47500,150000
12223,2005-06-24,2014-11-14,150000,157000
12224,2012-10-12,2017-04-28,140000,215000
12225,2006-12-18,2025-08-05,155000,255000
12226,1999-06-25,2002-06-28,68995,114950
12226,2002-06-28,2005-05-20,114950,149950
12228,2004-11-05,2021-01-21,155000,219000
12228,2021-01-21,2024-09-27,219000,277000
12230,2007-08-31,2016-10-18,173000,198000
12230,2016-10-18,2021-08-26,198000,294000
12231,2006-01-11,2019-01-31,153000,245000
12233,2014-08-28,2025-03-27,195000,367000
12234,2003-07-08,2022-07-29,173000,420000
12241,1998-12-04,2016-02-15,82500,217500
12246,2003-11-07,2013-02-06,93000,159000
12246,2013-02-06,2016-03-11,159000,218000
12247,1996-03-28,1999-07-07,57000,79000
12247,1999-07-07,2003-04-09,79000,115000
12247,2003-04-09,2005-09-09,115000,163500
12247,2005-09-09,2006-07-14,163500,185000
12247,2006-07-14,2017-06-30,185000,220000
12248,2006-03-21,2016-09-29,155000,182000
12248,2016-09-29,2017-08-08,182000,255000
12253,2011-04-28,2018-07-27,175000,249000
12253,2018-07-27,2022-04-08,249000,351250
12254,2006-06-02,2014-11-04,170000,225000
12255,2005-09-09,2015-12-16,150000,230000
12257,2005-09-05,2014-04-29,145000,202000
12257,2014-04-29,2018-03-05,202000,245000
12257,2018-03-05,2021-09-30,245000,410000
12258,2013-11-15,2014-10-03,130000,220000
12258,2014-10-03,2019-08-30,220000,325000
12261,1997-09-09,2022-05-12,63000,330000
12262,2015-06-19,2016-08-22,197000,247500
12263,1996-07-31,2002-06-21,58000,119950
12264,2004-07-30,2009-12-17,142000,188000
12266,2000-02-18,2005-04-22,84000,170000
12266,2005-04-22,2023-09-14,170000,340000
12267,2005-11-11,2022-04-01,197500,215000
12270,2005-11-11,2025-01-13,175000,165169
12273,2008-12-10,2015-08-17,180000,292500
12275,1997-06-20,2025-05-28,72950,335000
12277,2003-11-14,2005-12-09,140500,185000
12279,2016-03-11,2016-12-09,198500,277500
12282,2015-05-28,2017-03-31,210000,266000
12282,2017-03-31,2020-10-23,266000,320000
12284,1999-08-20,2007-07-09,68000,216000
12284,2007-07-09,2023-06-09,216000,340000
12284,2023-06-09,2025-03-17,340000,333000
12285,1998-05-22,2001-09-21,68000,99995
12285,2001-09-21,2005-01-28,99995,158000
12285,2005-01-28,2009-10-29,158000,175000
12285,2009-10-29,2023-11-17,175000,300000
12286,1995-10-27,2007-09-21,66500,200000
12287,2013-09-13,2017-09-12,160000,300000
12288,1997-10-20,2001-10-19,74000,120000
12288,2001-10-19,2026-02-13,120000,412500
12289,2013-06-28,2021-07-23,144000,225000
12289,2021-07-23,2025-03-31,225000,269000
12290,2004-06-03,2014-09-12,142000,173000
12290,2014-09-12,2022-06-24,173000,270000
12291,1998-05-01,2007-09-03,69000,184000
12292,1996-07-05,2009-12-10,43000,175000
12292,2009-12-10,2015-06-17,175000,200000
12292,2015-06-17,2024-08-14,200000,340000
12293,2004-04-02,2006-05-15,132500,177500
12293,2006-05-15,2012-10-12,177500,182000
12297,2007-07-17,2019-10-11,177000,205000
12298,1997-05-30,2002-09-27,55000,128950
12298,2002-09-27,2004-09-29,128950,159000
12298,2004-09-29,2014-11-17,159000,180000
12299,2005-04-11,2021-05-21,190000,288000
12299,2021-05-21,2022-03-14,288000,375000
12303,2004-08-20,2020-01-10,186500,253400
12304,2004-11-19,2005-07-29,135000,180000
12305,1996-03-15,2007-09-28,50000,132500
12307,1995-01-26,2023-02-02,51500,260000
12308,2002-01-21,2002-05-30,80000,125000
12308,2002-05-30,2025-08-14,125000,317000
12312,1997-08-29,2018-08-03,62950,320000
12313,2014-12-12,2015-11-23,169500,200000
12315,1996-04-26,2004-08-06,50000,163000
12318,2001-05-18,2016-09-16,102750,220000
12318,2016-09-16,2018-12-14,220000,248000
12319,2007-10-04,2014-03-28,217500,230000
12320,2012-07-20,2015-11-27,168000,260000
12321,2003-04-28,2004-11-26,56000,82000
12321,2004-11-26,2025-11-28,82000,155000
12323,2004-10-05,2016-12-22,65000,112500
12323,2016-12-22,2019-12-06,112500,122000
12323,2019-12-06,2023-09-14,122000,146000
12326,1995-12-18,2001-07-06,31500,59950
12328,1996-11-15,2017-07-10,34000,98500
12330,1995-10-31,1999-10-22,34000,90000
12330,1999-10-22,2003-08-15,90000,87000
12330,2003-08-15,2017-02-03,87000,122000
12330,2017-02-03,2024-06-07,122000,165000
12331,2013-07-26,2023-12-15,91250,165000
12333,1996-07-31,2014-12-05,34950,102500
12335,1996-10-04,2006-03-03,37500,105000
12335,2006-03-03,2008-10-31,105000,130000
12335,2008-10-31,2024-03-22,130000,150000
12336,1997-03-18,1999-06-22,33500,46500
12336,1999-06-22,2003-02-14,46500,85000
12336,2003-02-14,2005-11-21,85000,106000
12336,2005-11-21,2020-09-04,106000,110000
12337,1999-04-23,2001-10-05,41000,65000
12337,2001-10-05,2021-04-23,65000,100000
12339,1996-12-05,2009-10-12,32000,95000
12339,2009-10-12,2013-11-08,95000,109000
12339,2013-11-08,2018-08-10,109000,125000
12341,2019-02-01,2022-11-25,108000,165000
12342,2002-02-05,2019-10-11,67000,112500
12342,2019-10-11,2025-07-15,112500,167000
12343,2001-12-18,2004-09-30,68000,109000
12343,2004-09-30,2015-04-02,109000,103000
12344,1998-10-26,2009-09-25,40000,91000
12344,2009-09-25,2016-12-21,91000,120000
12345,1999-10-01,2002-08-16,45000,82950
12345,2002-08-16,2010-02-05,82950,95000
12345,2010-02-05,2016-11-03,95000,125000
12345,2016-11-03,2020-09-04,125000,128500
12347,2017-03-27,2022-03-09,120000,152000
12347,2022-03-09,2025-07-08,152000,167000
12351,2004-08-27,2005-08-16,122000,110000
12351,2005-08-16,2006-12-08,110000,165000
12351,2006-12-08,2021-10-29,165000,210000
12352,1997-03-14,2000-03-27,36500,79000
12352,2000-03-27,2004-11-12,79000,128000
12354,2003-05-02,2019-02-01,100000,222000
12354,2019-02-01,2021-06-30,222000,240500
12355,2005-01-28,2016-09-23,132000,212000
12356,1999-10-28,2001-01-19,57000,149000
12357,1997-05-15,2006-06-22,59995,172000
12357,2006-06-22,2014-09-26,172000,192500
12357,2014-09-26,2016-05-17,192500,200000
12357,2016-05-17,2024-12-19,200000,286000
12358,2000-07-21,2015-12-18,57950,98000
12358,2015-12-18,2020-05-07,98000,110000
12358,2020-05-07,2025-05-27,110000,125000
12359,1998-06-16,2007-04-20,39450,116000
12360,2000-11-16,2001-12-21,54000,67000
12360,2001-12-21,2003-01-21,67000,80000
12360,2003-01-21,2004-03-05,80000,95000
12360,2004-03-05,2006-10-23,95000,110000
12360,2006-10-23,2021-06-07,110000,121000
12364,1996-12-20,2019-03-29,34000,140000
12364,2019-03-29,2022-11-02,140000,140000
12366,1996-02-02,1997-09-01,36000,37500
12366,1997-09-01,2023-10-03,37500,112000
12367,1998-11-10,2026-01-30,40000,120000
12368,1998-12-09,2003-03-19,43000,85000
12368,2003-03-19,2007-09-03,85000,115000
12368,2007-09-03,2020-01-10,115000,115000
12370,2004-01-27,2015-11-05,94500,97000
12372,1997-02-28,2005-12-09,33750,112500
12372,2005-12-09,2016-03-24,112500,102000
12372,2016-03-24,2023-08-25,102000,122500
12373,2009-11-18,2025-03-10,100000,120000
12374,2000-05-19,2019-05-24,52500,105000
12375,1996-07-15,1998-01-30,36000,36000
12375,1998-01-30,2000-06-30,36000,56500
12375,2000-06-30,2012-08-31,56500,95000
12376,1998-03-12,2016-10-14,41500,113005
12376,2016-10-14,2025-11-16,113005,130000
12377,1998-01-30,2017-02-14,35500,125000
12378,2011-02-04,2022-08-10,98500,117000
12379,1997-04-18,2022-03-11,37000,121000
12382,1995-09-22,2011-08-17,36000,97500
12385,1999-12-22,2005-10-04,50000,107000
12386,1999-04-23,2015-12-18,41500,92000
12387,1997-06-27,1999-06-04,36000,46000
12387,1999-06-04,2016-02-05,46000,95000
12387,2016-02-05,2017-11-17,95000,120000
12388,1997-08-15,2000-11-09,38000,54000
12388,2000-11-09,2012-10-31,54000,91000
12388,2012-10-31,2018-04-20,91000,115000
12388,2018-04-20,2020-11-11,115000,113650
12393,1997-07-11,1998-09-15,37500,38950
12393,1998-09-15,1999-07-29,38950,46000
12393,1999-07-29,2000-10-18,46000,57000
12393,2000-10-18,2015-02-06,57000,115000
12394,2002-05-10,2003-02-14,67000,80000
12394,2003-02-14,2007-05-25,80000,116000
12395,1999-12-02,2006-06-30,48600,107000
12395,2006-06-30,2016-10-28,107000,108500
12395,2016-10-28,2023-03-31,108500,129000
12396,1998-04-09,2007-08-09,40000,114950
12396,2007-08-09,2023-09-15,114950,128000
12397,1998-06-19,2019-09-03,38000,113000
12399,2006-08-30,2010-09-10,210000,219500
12401,2012-07-25,2019-10-04,240000,340000
12402,1999-05-12,2020-08-28,22500,300000
12403,2002-05-31,2023-01-27,125000,325000
12404,2002-06-14,2024-12-03,139950,329950
12406,1998-04-14,2013-09-17,65000,205000
12408,2005-08-01,2017-10-06,225000,335000
12408,2017-10-06,2024-03-20,335000,450000
12409,1998-06-23,2002-04-05,74950,144950
12409,2002-04-05,2007-12-20,144950,250000
12409,2007-12-20,2018-10-31,250000,320000
12410,2002-01-18,2007-10-31,120000,274950
12410,2007-10-31,2019-07-26,274950,365000
12410,2019-07-26,2023-08-02,365000,415000
12411,2001-11-02,2003-09-29,129415,150000
12411,2003-09-29,2017-04-21,150000,370000
12411,2017-04-21,2024-02-23,370000,425000
12412,2001-06-29,2015-10-02,132500,200000
12412,2015-10-02,2024-09-23,200000,445000
12413,1997-10-31,2007-03-02,75000,197000
12413,2007-03-02,2023-04-27,197000,425000
12416,1999-11-26,2007-10-09,94000,232000
12416,2007-10-09,2016-10-28,232000,306000
12416,2016-10-28,2025-07-18,306000,415000
12417,2008-04-29,2016-10-10,227500,290000
12417,2016-10-10,2020-01-17,290000,360000
12418,2000-08-10,2003-12-03,144500,164950
12421,2009-03-04,2017-01-27,150000,299999
12425,2009-02-09,2012-12-05,150000,192500
12426,2008-04-07,2015-11-06,175000,218000
12429,2015-11-09,2017-10-30,221500,240000
12432,2003-08-08,2004-08-27,145000,177000
12432,2004-08-27,2018-10-26,177000,270000
12435,1999-06-18,2001-01-12,72500,96000
12435,2001-01-12,2016-01-20,96000,195000
12435,2016-01-20,2017-04-20,195000,330000
12436,2018-04-27,2021-05-14,260000,335000
12438,1998-01-27,2019-06-14,60000,296800
12440,2021-02-26,2022-03-04,285000,365000
12441,1995-04-07,2004-06-18,55000,161000
12441,2004-06-18,2005-10-21,161000,192000
12441,2005-10-21,2022-11-14,192000,318000
12443,2002-06-28,2004-07-23,115000,179000
12443,2004-07-23,2007-10-05,179000,198950
12443,2007-10-05,2011-07-08,198950,189000
12443,2011-07-08,2021-06-22,189000,310500
12444,1998-11-27,2021-10-21,75000,487000
12445,1998-09-11,2004-05-21,79500,203000
12445,2004-05-21,2006-10-31,203000,295000
12446,1999-08-09,2004-03-24,100000,205000
12446,2004-03-24,2015-11-13,205000,355000
12446,2015-11-13,2018-07-30,355000,385000
12450,2000-09-29,2004-04-07,143000,205000
12450,2004-04-07,2025-05-23,205000,680000
12451,2004-07-20,2005-11-15,235000,250000
12452,2013-05-22,2021-09-28,280000,680000
12453,2003-07-31,2024-06-26,225000,333726
12453,2024-06-26,2025-07-31,333726,750000
12456,2019-04-26,2026-02-02,320150,705000
12457,2000-02-25,2001-03-16,139950,152500
12457,2001-03-16,2018-05-25,152500,357500
12458,2000-08-17,2007-02-23,175000,365000
12459,2007-04-02,2017-11-14,249995,350000
12460,2000-07-31,2016-12-19,115000,200500
12461,2010-10-01,2024-07-24,260000,470000
12462,1999-03-19,2007-05-31,79000,249950
12463,1998-05-29,2003-06-27,73500,149950
12463,2003-06-27,2005-07-27,149950,185000
12463,2005-07-27,2016-10-21,185000,205750
12463,2016-10-21,2016-12-08,205750,219995
12463,2016-12-08,2022-04-29,219995,390000
12464,2013-01-28,2017-03-24,195000,275000
12465,2008-10-30,2021-01-06,160000,300000
12471,2014-11-19,2017-09-29,190000,237000
12471,2017-09-29,2019-08-16,237000,280000
12476,2006-02-15,2006-06-30,200000,156000
12479,2010-05-28,2024-02-23,345000,580000
12481,2012-07-18,2015-03-13,285000,355000
12482,1995-06-07,2000-09-29,60000,152000
12482,2000-09-29,2005-11-28,152000,342000
12483,2002-04-12,2007-05-03,197500,315000
12483,2007-05-03,2013-08-16,315000,325000
12485,1995-07-14,1998-09-25,90000,86000
12485,1998-09-25,1999-02-25,86000,125000
12485,1999-02-25,1999-05-28,125000,140000
12485,1999-05-28,2015-08-05,140000,231000
12486,2000-07-28,2006-06-30,170000,340000
12490,2017-10-11,2025-03-03,355000,515000
12493,2009-09-23,2020-10-14,180000,450000
12495,2023-04-17,2024-10-07,3537000,12000000
12497,2017-12-07,2020-01-27,310500,310500
12497,2020-01-27,2020-02-26,310500,410000
12498,2017-12-07,2020-01-20,275500,275500
12498,2020-01-20,2020-02-21,275500,333000
12498,2020-02-21,2024-06-28,333000,395000
12505,2017-12-14,2025-12-17,296000,375000
12508,2018-03-09,2023-06-19,296000,160000
12509,2018-05-18,2022-05-20,304000,385000
12510,2018-03-02,2021-06-28,304000,350000
12513,2018-06-22,2022-11-28,306000,395000
12513,2022-11-28,2025-03-28,395000,368450
12516,2019-11-01,2024-07-12,300000,370000
12520,2001-09-18,2015-06-12,123500,212500
12520,2015-06-12,2015-12-14,212500,212500
12520,2015-12-14,2017-04-11,212500,358000
12521,1996-11-29,2012-10-26,57000,220000
12522,1996-11-15,2004-07-15,56000,179000
12522,2004-07-15,2022-02-25,179000,300000
12524,1995-03-28,1997-11-28,62000,82500
12526,2002-10-21,2008-07-31,151000,405000
12527,1995-05-05,1995-08-18,40000,51250
12527,1995-08-18,2000-08-25,51250,120000
12527,2000-08-25,2008-07-31,120000,400000
12528,2007-05-01,2017-10-23,420000,478000
12529,2004-11-12,2022-02-28,232000,420000
12531,1996-03-29,2000-11-27,73500,190000
12531,2000-11-27,2003-08-29,190000,234500
12532,2002-11-22,2013-04-19,150000,340000
12532,2013-04-19,2020-03-20,340000,437500
12534,1995-06-02,1998-01-09,45000,49500
12534,1998-01-09,2001-10-22,49500,78000
12534,2001-10-22,2006-04-12,78000,120000
12534,2006-04-12,2017-08-18,120000,150000
12534,2017-08-18,2022-02-17,150000,162000
12535,1998-12-16,2006-04-19,39990,140000
12540,1997-09-19,2004-04-27,37000,204000
12540,2004-04-27,2007-05-09,204000,329950
12543,1997-10-22,2006-06-09,58000,180000
12543,2006-06-09,2023-11-27,180000,245000
12545,1999-09-10,2016-03-30,100000,146000
12546,1999-06-01,2003-11-14,69950,143000
12546,2003-11-14,2004-07-23,143000,168000
12546,2004-07-23,2017-10-27,168000,254000
12547,2004-06-11,2007-09-10,160000,207500
12547,2007-09-10,2015-09-18,207500,222500
12547,2015-09-18,2021-10-21,222500,285000
12548,2002-11-26,2004-04-29,117000,164000
12548,2004-04-29,2025-10-31,164000,327500
12549,2001-06-13,2003-10-31,91000,145500
12549,2003-10-31,2005-11-25,145500,176000
12549,2005-11-25,2024-10-25,176000,327500
12551,1999-08-13,2016-06-01,84950,215000
12552,2000-10-20,2023-03-13,127000,430000
12555,2021-07-28,2025-08-08,295000,219000
12556,1996-04-18,2010-12-22,54500,149000
12556,2010-12-22,2025-08-15,149000,285000
12557,1996-01-26,1998-07-06,38950,55500
12557,1998-07-06,2006-03-28,55500,155000
12557,2006-03-28,2008-04-02,155000,150000
12560,1999-07-16,1999-10-08,61000,74950
12560,1999-10-08,2000-04-13,74950,98500
12560,2000-04-13,2010-04-01,98500,145000
12563,2001-11-21,2004-09-13,99000,153000
12564,1999-11-15,2003-04-07,76500,130000
12564,2003-04-07,2019-12-13,130000,255000
12565,2014-08-15,2015-04-29,166000,225000
12565,2015-04-29,2019-03-29,225000,240000
12565,2019-03-29,2022-11-04,240000,330000
12565,2022-11-04,2024-01-02,330000,327500
12567,2018-10-29,2025-03-27,275000,335000
12568,1996-06-21,2001-08-31,45000,90000
12568,2001-08-31,2023-09-29,90000,315000
12569,1997-05-20,1997-08-29,47500,59000
12569,1997-08-29,2002-01-25,59000,118250
12569,2002-01-25,2003-06-06,118250,135000
12569,2003-06-06,2020-12-18,135000,265000
12570,1996-10-07,1999-03-12,45000,69500
12570,1999-03-12,2018-05-09,69500,205000
12570,2018-05-09,2019-04-10,205000,258500
12570,2019-04-10,2022-10-10,258500,315000
12571,1997-10-03,1999-07-02,60000,72500
12571,1999-07-02,2004-02-16,72500,120000
12571,2004-02-16,2007-07-13,120000,189950
12571,2007-07-13,2015-12-15,189950,225000
12572,1996-06-14,2006-04-28,50000,159500
12572,2006-04-28,2009-12-16,159500,175000
12573,2001-01-15,2021-04-27,34000,184000
12574,1997-06-27,1999-05-28,52950,69950
12574,1999-05-28,2015-09-18,69950,215500
12575,1995-12-18,1999-03-01,44250,57000
12575,1999-03-01,2007-09-14,57000,169000
12575,2007-09-14,2014-10-27,169000,185000
12575,2014-10-27,2020-07-10,185000,230000
12576,1998-12-23,2002-06-26,37500,160000
12580,2007-04-20,2013-07-19,447500,515000
12582,2001-03-20,2016-09-30,53000,128000
12582,2016-09-30,2021-12-13,128000,160000
12587,1997-09-29,2006-10-30,41000,116000
12587,2006-10-30,2021-08-23,116000,160000
12588,2001-10-04,2005-06-16,59000,112500
12590,2001-12-21,2004-03-26,60000,93500
12590,2004-03-26,2006-11-24,93500,123000
12590,2006-11-24,2013-08-20,123000,117000
12590,2013-08-20,2022-10-11,117000,185000
12592,2003-01-22,2004-06-11,75000,94000
12592,2004-06-11,2007-03-09,94000,128000
12595,1995-06-30,2000-05-19,27000,52500
12595,2000-05-19,2005-11-25,52500,106000
12595,2005-11-25,2018-04-12,106000,127500
12597,1999-06-04,2013-10-25,42750,109000
12598,2012-01-06,2015-08-10,109000,118500
12599,2006-11-03,2017-05-31,118000,153000
12599,2017-05-31,2020-06-19,153000,152000
12599,2020-06-19,2023-07-28,152000,185000
12600,1999-11-17,2021-02-11,45500,147000
12600,2021-02-11,2021-11-12,147000,165000
12600,2021-11-12,2023-08-24,165000,182000
12602,2013-02-01,2021-05-17,93000,150000
12603,2004-05-30,2007-05-31,75000,124500
12603,2007-05-31,2010-09-07,124500,115000
12604,2003-08-29,2015-07-27,81000,105000
12604,2015-07-27,2025-05-28,105000,160000
12605,1996-07-22,2000-07-20,28000,43500
12606,2000-12-04,2003-11-28,46500,83000
12606,2003-11-28,2007-06-15,83000,125000
12607,1997-08-29,2001-06-29,35500,63000
12607,2001-06-29,2007-09-14,63000,125000
12609,2001-08-23,2018-07-24,62950,125000
12610,2002-05-31,2014-12-19,63750,99950
12610,2014-12-19,2021-08-25,99950,169000
12610,2021-08-25,2025-07-31,169000,185000
12611,1997-12-23,2000-07-21,39995,47000
12612,1999-03-30,2001-04-12,42500,58000
12612,2001-04-12,2007-09-21,58000,127000
12612,2007-09-21,2021-11-17,127000,155000
12613,1996-10-25,2001-08-10,33000,58500
12613,2001-08-10,2003-12-12,58500,82690
12613,2003-12-12,2013-06-14,82690,92000
12613,2013-06-14,2016-11-04,92000,135000
12614,2012-01-27,2018-04-20,90000,140000
12615,1997-07-31,2006-05-26,35000,124999
12615,2006-05-26,2008-01-02,124999,119477
12621,2004-05-27,2022-01-07,89950,170000
12622,1998-05-22,2022-02-11,45000,185000
12623,2000-02-29,2016-07-21,46000,137000
12625,1999-08-09,2005-09-23,41500,112000
12625,2005-09-23,2014-07-11,112000,112000
12626,1997-04-25,2006-04-21,22500,119000
12626,2006-04-21,2010-09-03,119000,109000
12627,1997-02-07,2011-08-31,25000,108000
12628,2001-05-25,2014-07-04,53000,123500
12630,2000-11-01,2002-02-01,50000,69000
12630,2002-02-01,2008-03-28,69000,125000
12631,2010-10-01,2011-08-25,98500,121100
12631,2011-08-25,2016-02-10,121100,130000
12631,2016-02-10,2024-09-20,130000,194000
12632,1996-08-19,2005-04-19,31500,104500
12632,2005-04-19,2007-09-20,104500,132000
12632,2007-09-20,2017-02-17,132000,135000
12633,1995-03-29,2005-12-09,32750,109950
12634,1998-09-11,2001-05-31,36000,55000
12634,2001-05-31,2005-12-05,55000,115500
12636,1999-10-08,2005-12-21,48000,111250
12636,2005-12-21,2015-09-02,111250,118000
12639,2004-04-14,2008-09-05,85000,122000
12639,2008-09-05,2011-05-27,122000,115000
12641,2015-12-21,2022-12-16,325000,447500
12645,2016-03-01,2021-04-13,234600,275000
12645,2021-04-13,2023-12-11,275000,335000
12646,2016-05-13,2020-12-18,283000,315000
12648,2016-05-23,2020-08-28,274750,317500
12649,2016-03-11,2018-08-30,290000,320000
12652,2016-03-31,2024-09-13,285000,400000
12653,2016-11-07,2022-08-05,325000,410000
12655,2016-03-30,2021-06-28,242000,290000
12655,2021-06-28,2025-08-05,290000,337500
12656,2016-03-31,2026-02-27,247000,310000
12657,2016-04-14,2021-01-12,328000,365000
12658,2016-06-28,2022-02-25,298000,358200
12660,2016-07-15,2017-09-29,275000,275000
12660,2017-09-29,2021-12-17,275000,310000
12664,2016-08-05,2022-12-15,275000,350000
12667,2016-10-07,2022-02-10,315000,375000
12671,2016-08-26,2025-10-24,312500,377500
12672,2016-09-09,2021-04-30,300000,325000
12672,2021-04-30,2024-12-20,325000,391000
12673,2016-09-30,2020-10-02,307000,313000
12677,2007-07-24,2008-09-23,145000,168000
12677,2008-09-23,2013-11-22,168000,168000
12677,2013-11-22,2023-06-23,168000,296000
12678,1998-12-15,2005-09-02,52000,146000
12678,2005-09-02,2015-11-20,146000,194000
12678,2015-11-20,2020-11-18,194000,214500
12679,2007-08-06,2019-08-02,175000,195000
12680,1995-10-02,2015-07-01,43000,220000
12680,2015-07-01,2019-03-29,220000,260000
12680,2019-03-29,2023-03-16,260000,278000
12681,2000-03-31,2005-08-04,75500,156500
12682,1997-12-15,2002-03-28,58000,95000
12682,2002-03-28,2006-10-18,95000,175000
12682,2006-10-18,2013-01-03,175000,176000
12682,2013-01-03,2023-12-21,176000,310000
12684,1999-12-22,2004-06-11,59995,152000
12684,2004-06-11,2013-07-19,152000,170000
12684,2013-07-19,2017-12-18,170000,215000
12685,2000-04-20,2007-01-26,73000,170000
12685,2007-01-26,2011-01-28,170000,158500
12685,2011-01-28,2017-08-31,158500,200000
12685,2017-08-31,2020-04-17,200000,224000
12689,1998-09-11,2005-09-30,56000,157000
12690,2004-10-15,2015-04-01,157000,187450
12690,2015-04-01,2018-05-17,187450,230000
12692,2009-12-08,2020-05-29,142500,232500
12694,1998-02-24,2003-09-19,65000,142500
12694,2003-09-19,2008-06-11,142500,183000
12694,2008-06-11,2020-11-05,183000,266000
12695,2018-07-13,2018-10-24,177000,186000
12695,2018-10-24,2019-03-29,186000,191500
12695,2019-03-29,2024-09-30,191500,325000
12696,2014-12-23,2018-02-14,140000,255000
12696,2018-02-14,2025-08-15,255000,327500
12698,1998-10-30,2007-02-02,59950,164000
12699,2005-04-22,2009-12-07,176000,171000
12699,2009-12-07,2019-08-30,171000,250000
12699,2019-08-30,2019-09-30,250000,250000
12699,2019-09-30,2021-06-30,250000,325000
12700,2004-03-12,2018-07-10,250000,250000
12702,1997-06-27,1999-06-23,50950,69000
12702,1999-06-23,2020-02-28,69000,197000
12702,2020-02-28,2023-02-22,197000,240000
12703,2016-11-25,2024-10-11,310000,390000
12705,2016-12-02,2022-04-12,315000,365000
12706,2016-11-17,2019-06-21,280000,295000
12708,2017-04-13,2021-06-25,278500,288000
12713,2017-01-27,2024-04-29,345000,407000
12717,2016-12-02,2018-10-22,285000,285000
12718,2016-12-01,2025-07-31,365000,448000
12721,2005-08-26,2016-12-12,155000,172000
12721,2016-12-12,2022-05-20,172000,167500
12722,2006-08-04,2015-02-10,215000,232500
12722,2015-02-10,2017-12-29,232500,247500
12722,2017-12-29,2021-09-24,247500,262555
12723,2006-05-05,2010-01-04,205000,212000
12724,2006-05-19,2012-11-09,205000,208000
12724,2012-11-09,2016-07-07,208000,240000
12725,2004-05-19,2007-02-20,165000,218850
12726,2005-08-03,2007-02-16,165000,217500
12726,2007-02-16,2012-01-27,217500,215000
12726,2012-01-27,2015-07-31,215000,235000
12727,2006-01-30,2024-12-18,225000,275000
12728,2007-07-27,2016-12-15,225000,243396
12730,2006-02-28,2010-10-01,225000,219000
12730,2010-10-01,2022-04-22,219000,247000
12731,2005-07-07,2022-03-25,242500,240000
12732,2005-05-20,2006-08-16,142500,142000
12733,2006-03-12,2016-09-01,200000,244400
12733,2016-09-01,2021-04-28,244400,255000
12733,2021-04-28,2024-11-18,255000,277500
12733,2024-11-18,2024-11-18,277500,277500
12734,2006-06-06,2013-10-25,213000,225000
12734,2013-10-25,2017-04-11,225000,247000
12735,2006-05-19,2008-01-17,205000,227000
12735,2008-01-17,2023-11-03,227000,267500
12737,2005-06-22,2013-11-04,250000,230000
12738,2005-08-03,2014-01-31,152500,156000
12738,2014-01-31,2023-01-04,156000,175500
12741,2005-04-29,2006-06-14,152500,155000
12741,2006-06-14,2007-03-09,155000,155000
12741,2007-03-09,2010-09-14,155000,148000
12742,2006-08-29,2011-09-28,210000,210000
12742,2011-09-28,2017-07-07,210000,247500
12743,2007-05-31,2008-12-08,225000,185000
12744,2006-06-16,2012-02-24,209000,213500
12744,2012-02-24,2021-03-12,213500,245000
12745,1995-11-24,1998-04-27,32000,35500
12745,1998-04-27,2001-06-08,35500,57990
12745,2001-06-08,2003-09-25,57990,92000
12745,2003-09-25,2023-07-21,92000,140000
12745,2023-07-21,2024-08-30,140000,220000
12746,1999-06-04,2001-10-26,45000,64500
12746,2001-10-26,2004-05-11,64500,127000
12746,2004-05-11,2008-01-11,127000,157000
12746,2008-01-11,2019-07-12,157000,215000
12747,1997-09-22,2013-10-10,39700,125000
12747,2013-10-10,2023-05-19,125000,370000
12748,1997-10-20,2005-04-29,42500,124000
12749,2018-12-13,2025-06-20,225000,260000
12750,1998-12-09,2000-06-09,42000,54950
12750,2000-06-09,2006-12-21,54950,125000
12750,2006-12-21,2007-07-13,125000,153500
12750,2007-07-13,2014-10-17,153500,154000
12751,1999-04-29,2001-03-16,38105,63000
12751,2001-03-16,2005-09-14,63000,120000
12751,2005-09-14,2007-06-12,120000,149500
12751,2007-06-12,2012-03-16,149500,125000
12751,2012-03-16,2015-12-04,125000,160000
12751,2015-12-04,2021-09-29,160000,167000
12752,1998-07-01,2021-03-05,52500,180000
12753,2011-07-04,2023-04-05,100000,300000
12754,2000-08-25,2009-08-27,71000,144950
12754,2009-08-27,2016-09-26,144950,168500
12754,2016-09-26,2019-09-12,168500,207500
12755,1998-02-16,2001-12-14,45000,89500
12755,2001-12-14,2014-08-29,89500,136000
12755,2014-08-29,2019-10-22,136000,165000
12755,2019-10-22,2022-11-18,165000,245000
12756,2001-07-31,2007-07-20,79000,160000
12756,2007-07-20,2018-05-04,160000,185000
12757,2002-02-04,2005-07-22,90000,145000
12757,2005-07-22,2013-05-31,145000,128700
12757,2013-05-31,2022-01-28,128700,248000
12758,2005-08-16,2012-05-21,125950,125000
12758,2012-05-21,2018-05-31,125000,133280
12758,2018-05-31,2018-05-31,133280,196000
12759,1997-08-29,2001-10-04,44500,73500
12759,2001-10-04,2012-08-03,73500,129000
12760,2009-09-02,2019-11-01,94000,167500
12761,2001-07-09,2006-04-28,78000,125000
12761,2006-04-28,2015-05-18,125000,117500
12761,2015-05-18,2025-06-06,117500,196500
12766,2015-09-28,2020-03-24,175000,216000
12766,2020-03-24,2024-04-22,216000,265000
12767,2015-06-05,2016-06-28,230000,250000
12767,2016-06-28,2021-11-11,250000,300000
12770,2018-08-17,2025-05-27,165000,257500
12771,1996-12-19,2003-12-12,48800,127000
12771,2003-12-12,2006-04-28,127000,140000
12771,2006-04-28,2017-09-15,140000,185000
12773,1995-11-24,2001-08-31,44000,93000
12774,1998-08-14,2000-07-14,54950,83000
12775,2000-07-14,2000-08-21,72500,87250
12775,2000-08-21,2020-05-12,87250,192000
12775,2020-05-12,2022-09-01,192000,290000
12776,1996-09-13,2002-08-08,45000,105000
12776,2002-08-08,2021-02-12,105000,191500
12776,2021-02-12,2024-11-29,191500,267500
12778,2004-04-08,2020-12-01,130000,184000
12780,2009-12-11,2010-12-03,145000,158500
12782,2000-10-30,2005-10-24,72000,113000
12782,2005-10-24,2007-10-12,113000,154450
12782,2007-10-12,2009-11-09,154450,122500
12783,1997-12-18,2006-03-10,42000,135000
12783,2006-03-10,2008-02-11,135000,165000
12785,1997-10-03,2002-02-22,54500,99995
12785,2002-02-22,2010-06-25,99995,165000
12785,2010-06-25,2019-03-15,165000,230000
12786,2005-04-22,2007-07-04,128000,174000
12786,2007-07-04,2017-10-03,174000,213000
12786,2017-10-03,2025-02-21,213000,228000
12787,2001-08-13,2003-03-07,57000,115000
12787,2003-03-07,2005-06-03,115000,132450
12787,2005-06-03,2020-07-24,132450,178000
12787,2020-07-24,2024-08-16,178000,225000
12788,2011-12-14,2016-03-08,110000,138000
12789,1999-05-14,2009-03-06,59995,140000
12789,2009-03-06,2014-07-03,140000,162500
12789,2014-07-03,2024-10-21,162500,300000
12791,1999-03-29,2001-12-07,41500,91500
12791,2001-12-07,2016-05-06,91500,200000
12791,2016-05-06,2025-07-24,200000,260000
12792,2014-02-14,2017-12-12,215000,265000
12792,2017-12-12,2019-01-23,265000,277000
12795,2013-12-11,2023-03-03,210000,325000
12798,2008-09-10,2014-04-28,200000,172500
12799,2002-09-27,2014-05-21,102500,125000
12799,2014-05-21,2015-01-09,125000,172500
12800,2017-08-18,2021-02-17,170000,175000
12801,1997-04-25,2010-05-28,41500,120000
12802,1996-02-16,2014-10-17,46500,155000
12802,2014-10-17,2019-07-05,155000,195000
12802,2019-07-05,2024-03-01,195000,233500
12806,2015-07-31,2022-12-16,1591700,255000
12811,1998-11-27,2019-03-04,50000,250000
12827,2003-11-07,2008-08-29,113000,131000
12827,2008-08-29,2022-01-13,131000,175000
12828,2000-12-15,2003-11-27,61500,105000
12829,1996-09-27,2001-03-30,38500,64500
12830,1999-07-20,2000-09-06,48500,74950
12830,2000-09-06,2002-09-12,74950,112000
12831,2020-01-31,2024-09-27,140000,201000
12832,1999-07-16,2000-03-10,42650,59950
12832,2000-03-10,2012-03-12,59950,123500
12835,1999-08-16,2005-05-03,52000,130000
12835,2005-05-03,2021-11-12,130000,184160
12836,1998-06-29,2004-07-02,46000,115000
12836,2004-07-02,2007-02-23,115000,142500
12837,1999-08-25,2002-04-02,50000,69000
12837,2002-04-02,2019-06-28,69000,142500
12842,2002-05-28,2012-11-01,75000,105000
12843,2000-06-14,2003-04-14,81500,120000
12843,2003-04-14,2007-09-13,120000,200000
12844,1995-04-28,1998-08-14,41000,59950
12844,1998-08-14,2003-05-29,59950,128000
12846,2021-02-11,2023-04-06,96666,110000
12856,2018-05-11,2023-07-18,405000,560000
12875,2018-08-31,2023-08-18,400000,480000
12886,2019-08-20,2020-10-27,401500,405000
12896,2019-06-07,2025-07-31,340000,475000
12898,2019-06-14,2020-12-21,325000,330000
12903,2019-04-26,2025-05-29,340000,502500
12910,2006-02-15,2006-06-13,200000,115000
12910,2006-06-13,2008-05-02,115000,125000
12910,2008-05-02,2021-09-09,125000,105000
12911,2006-02-15,2006-05-19,200000,111625
12911,2006-05-19,2006-05-22,111625,145000
12911,2006-05-22,2025-11-25,145000,105000
12912,2006-02-15,2006-05-31,200000,114000
12914,2006-02-15,2006-05-17,200000,112000
12914,2006-05-17,2007-07-06,112000,123750
12915,2006-02-15,2006-06-19,200000,155000
12916,2015-01-12,2016-12-01,2593019,8050000
12919,2014-12-19,2018-11-13,3915000,4100000
12920,1997-03-31,2017-04-07,306000,1312709
12922,2001-01-29,2005-11-23,20000,80000
12923,2003-10-09,2009-05-05,75000,79000
12923,2009-05-05,2014-06-25,79000,99995
12923,2014-06-25,2024-09-06,99995,130000
12926,1998-07-24,2004-08-06,45500,110000
12930,2004-02-13,2016-11-01,119000,178000
12934,2005-03-07,2014-02-17,135000,153000
12934,2014-02-17,2016-03-11,153000,165000
12934,2016-03-11,2025-03-31,165000,265000
12935,2015-05-22,2021-09-28,163000,250000
12936,1997-07-09,1997-12-05,45000,43500
12936,1997-12-05,2013-09-24,43500,129000
12938,1997-02-25,2017-11-23,40000,173500
12939,2006-03-24,2009-07-10,137500,133000
12939,2009-07-10,2018-02-13,133000,190000
12943,2004-05-04,2021-11-15,54450,230000
12944,1996-03-25,2003-05-16,30000,72000
12944,2003-05-16,2005-10-13,72000,95000
12944,2005-10-13,2007-11-01,95000,120000
12944,2007-11-01,2019-10-22,120000,125000
12945,2010-05-17,2013-06-05,100000,76500
12945,2013-06-05,2014-07-02,76500,105000
12946,2003-04-04,2005-12-07,70000,90000
12948,2004-06-18,2008-01-21,160000,175050
12949,2006-10-17,2007-09-04,58000,75000
12950,2000-11-16,2015-02-23,27500,67000
12950,2015-02-23,2016-06-21,67000,63000
12953,1999-05-28,2002-09-30,32995,52500
12953,2002-09-30,2004-04-07,52500,59000
12953,2004-04-07,2023-02-17,59000,110000
12955,2010-08-16,2015-09-01,62000,62000
12955,2015-09-01,2018-05-29,62000,71500
12956,1999-02-26,2002-09-27,20000,54000
12956,2002-09-27,2004-01-16,54000,53000
12956,2004-01-16,2014-03-07,53000,60000
12957,1997-03-27,2007-05-25,21000,77500
12957,2007-05-25,2023-04-27,77500,75000
12958,2000-03-23,2015-02-06,31500,75000
12959,2000-05-24,2002-10-02,29995,48500
12959,2002-10-02,2003-12-12,48500,53500
12959,2003-12-12,2017-08-17,53500,70000
12960,2001-02-23,2008-03-10,31000,72000
12960,2008-03-10,2008-10-15,72000,64800
12964,2000-06-06,2016-11-11,31500,60000
12966,2003-02-07,2007-02-26,81500,127000
12969,2007-01-31,2018-10-05,120000,183000
12970,2000-07-07,2018-04-19,46000,161000
12971,2005-11-04,2010-11-26,130000,136000
12973,2015-03-12,2024-05-03,66000,75000
12974,2007-12-07,2023-07-27,142500,202000
12974,2023-07-27,2023-10-20,202000,200000
12977,1995-02-10,2007-03-27,31500,117950
12977,2007-03-27,2016-08-03,117950,134000
12979,2000-12-04,2006-10-16,31900,145500
12979,2006-10-16,2012-08-20,145500,150000
12979,2012-08-20,2019-02-22,150000,191786
12980,1998-12-30,2004-04-23,44000,57000
12980,2004-04-23,2011-08-15,57000,105000
12981,1995-11-10,2002-06-28,28500,75000
12981,2002-06-28,2003-02-21,75000,87000
12981,2003-02-21,2005-01-06,87000,106000
12981,2005-01-06,2007-06-28,106000,136500
12981,2007-06-28,2010-12-20,136500,119000
12982,2013-08-28,2018-08-14,110000,155000
12985,2002-09-11,2006-11-10,70000,99000
12985,2006-11-10,2014-03-27,99000,85500
12985,2014-03-27,2021-04-30,85500,115000
12986,2006-08-04,2018-07-20,88000,92500
12992,1998-07-07,2000-12-01,36000,52950
12992,2000-12-01,2014-07-02,52950,137000
12993,2007-08-30,2014-08-26,131000,132000
12993,2014-08-26,2018-05-16,132000,170000
12993,2018-05-16,2025-03-07,170000,215000
12994,1999-08-16,2001-04-12,44000,60000
12996,2008-07-04,2016-01-28,125000,143000
12996,2016-01-28,2018-05-11,143000,170000
12996,2018-05-11,2022-07-29,170000,221000
12997,1998-07-17,2000-08-18,42000,54000
12997,2000-08-18,2003-07-18,54000,89000
12997,2003-07-18,2010-11-19,89000,120000
13000,1995-10-23,2003-10-03,40000,80000
13000,2003-10-03,2009-05-18,80000,145000
13000,2009-05-18,2016-06-21,145000,175000
13000,2016-06-21,2020-06-12,175000,187000
13001,2002-01-11,2002-06-21,65000,111950
13001,2002-06-21,2013-07-12,111950,135000
13002,2014-01-24,2025-09-08,118000,248000
13003,1998-03-19,2004-03-26,47000,95000
13003,2004-03-26,2005-01-07,95000,130000
13003,2005-01-07,2015-12-18,130000,167000
13005,2001-05-04,2002-06-28,70000,80000
13005,2002-06-28,2005-07-25,80000,119995
13005,2005-07-25,2020-08-07,119995,170000
13006,1997-04-25,2008-02-25,25000,75000
13007,2003-11-06,2015-01-14,58000,65000
13007,2015-01-14,2025-03-25,65000,95000
13008,1996-06-28,2006-06-09,15000,75000
13008,2006-06-09,2025-05-15,75000,95000
13009,2001-09-28,2007-09-11,33000,71500
13011,1999-04-30,2002-05-15,30500,59000
13011,2002-05-15,2013-02-05,59000,45000
13014,1998-10-23,2003-07-31,23500,59950
13014,2003-07-31,2005-07-29,59950,69000
13014,2005-07-29,2006-12-01,69000,75000
13014,2006-12-01,2011-11-07,75000,60000
13014,2011-11-07,2020-04-17,60000,77000
13015,2005-02-02,2006-12-21,62000,74000
13015,2006-12-21,2011-08-31,74000,39000
13015,2011-08-31,2016-04-29,39000,61000
13016,2002-04-30,2006-12-08,50500,77500
13016,2006-12-08,2019-12-06,77500,73250
13019,1999-03-05,2000-02-29,19000,28000
13019,2000-02-29,2024-11-22,28000,70000
13020,1999-09-24,1999-11-30,31750,31750
13020,1999-11-30,2008-05-30,31750,62500
13021,1999-04-30,2002-11-15,31000,65000
13021,2002-11-15,2007-03-02,65000,78000
13021,2007-03-02,2014-11-28,78000,70000
13024,1996-03-29,2000-06-02,26000,38500
13024,2000-06-02,2006-06-12,38500,66500
13025,2000-06-02,2001-06-06,28950,33500
13025,2001-06-06,2005-04-14,33500,50000
13026,1997-06-05,2000-08-18,17500,29950
13027,1996-09-20,1998-03-06,19950,21500
13027,1998-03-06,2000-09-22,21500,29950
13027,2000-09-22,2010-05-27,29950,54750
13027,2010-05-27,2019-08-02,54750,60000
13027,2019-08-02,2025-12-19,60000,68000
13029,1999-03-05,2001-07-10,31500,45500
13029,2001-07-10,2019-11-06,45500,74250
13030,1999-01-21,2002-02-01,30000,48000
13030,2002-02-01,2004-03-12,48000,64000
13031,2003-10-15,2007-07-25,47000,65000
13032,1999-04-30,2002-11-04,28500,64000
13032,2002-11-04,2014-04-17,64000,52500
13032,2014-04-17,2016-08-31,52500,72500
13032,2016-08-31,2020-05-29,72500,74000
13033,2004-06-18,2019-10-07,70000,62000
13037,2000-06-09,2002-04-05,45000,80000
13037,2002-04-05,2005-03-24,80000,84500
13038,2013-04-08,2016-02-11,77000,98000
13041,2006-04-21,2016-03-21,105000,151000
13042,2000-03-31,2002-01-25,60000,64000
13042,2002-01-25,2003-03-10,64000,89000
13042,2003-03-10,2016-03-02,89000,155000
13042,2016-03-02,2018-04-23,155000,164000
13043,2010-01-15,2019-07-19,108500,163000
13044,2002-05-30,2002-12-04,69000,75000
13046,2006-05-05,2015-11-05,110000,141000
13046,2015-11-05,2015-12-04,141000,131000
13046,2015-12-04,2019-11-22,131000,172000
13047,1996-09-30,2019-06-17,40000,180000
13049,2001-05-31,2014-07-23,73500,143000
13049,2014-07-23,2021-02-11,143000,192000
13051,1999-11-05,2023-05-24,59000,185000
13051,2023-05-24,2024-08-16,185000,245000
13053,2005-07-06,2008-03-07,100000,142000
13053,2008-03-07,2014-04-14,142000,138500
13053,2014-04-14,2021-02-03,138500,172500
13055,2011-08-12,2024-06-04,120000,225000
13057,2001-04-20,2009-09-25,59950,120000
13057,2009-09-25,2014-12-09,120000,151000
13057,2014-12-09,2016-01-14,151000,152000
13057,2016-01-14,2024-04-02,152000,250000
13058,1996-11-06,1998-10-01,22000,38500
13058,1998-10-01,2014-02-14,38500,69950
13058,2014-02-14,2017-02-17,69950,92000
13058,2017-02-17,2019-09-20,92000,117000
13061,2004-01-12,2006-02-10,52000,73500
13061,2006-02-10,2012-12-13,73500,56500
13061,2012-12-13,2014-04-07,56500,77500
13061,2014-04-07,2019-09-10,77500,88500
13063,1997-09-04,2000-12-04,40000,59000
13063,2000-12-04,2008-06-06,59000,124999
13064,2005-05-27,2007-11-15,129000,157000
13065,1996-09-23,2023-06-30,35000,290000
13069,2002-07-19,2002-07-19,413000,165000
13073,1997-05-27,2002-07-24,45000,95000
13079,1997-07-31,1997-12-19,96000,135000
13080,1995-07-14,2000-08-02,28000,33000
13080,2000-08-02,2002-02-08,33000,48000
13080,2002-02-08,2002-09-06,48000,64000
13080,2002-09-06,2004-03-18,64000,83500
13080,2004-03-18,2015-09-21,83500,100000
13081,2000-11-03,2002-05-22,34950,50500
13081,2002-05-22,2015-05-08,50500,98000
13081,2015-05-08,2025-01-23,98000,137000
13082,1999-03-01,2000-10-16,29600,33500
13082,2000-10-16,2006-11-08,33500,95000
13083,1997-06-20,2000-04-18,26950,37900
13083,2000-04-18,2002-08-16,37900,64995
13083,2002-08-16,2003-01-31,64995,69000
13083,2003-01-31,2011-04-08,69000,75000
13085,2013-08-22,2018-02-02,95000,153500
13085,2018-02-02,2021-05-18,153500,167000
13086,1998-07-28,2002-09-27,38000,79900
13086,2002-09-27,2011-01-28,79900,110000
13087,2001-05-11,2005-03-24,40000,85000
13088,1998-01-16,2019-02-04,25000,115000
13089,2014-03-21,2023-05-17,81000,138000
13090,1995-10-16,2018-12-17,33000,157000
13091,1998-02-27,2000-06-23,36000,53500
13091,2000-06-23,2006-11-10,53500,122000
13091,2006-11-10,2015-12-18,122000,127000
13091,2015-12-18,2016-06-09,127000,140000
13092,1999-11-03,2003-06-20,29000,54500
13092,2003-06-20,2006-05-05,54500,68000
13092,2006-05-05,2006-07-19,68000,88000
13092,2006-07-19,2018-12-07,88000,89500
13092,2018-12-07,2021-05-28,89500,97000
13092,2021-05-28,2025-04-25,97000,112500
13093,1997-11-19,2020-01-31,17500,89500
13094,2004-09-15,2025-03-31,64950,130000
13095,2003-04-28,2014-05-30,51000,64000
13095,2014-05-30,2019-07-05,64000,90000
13096,2001-02-02,2006-10-04,51250,120000
13098,1998-02-27,2014-12-15,15000,57000
13099,1999-09-24,2000-10-27,20500,26000
13100,2002-02-13,2022-04-27,41450,90000
13101,2003-04-11,2004-03-26,48500,58000
13102,2004-03-16,2014-02-28,44950,51500
13106,2001-05-31,2003-01-24,53500,72000
13106,2003-01-24,2004-12-03,72000,112000
13106,2004-12-03,2009-08-21,112000,112000
13106,2009-08-21,2011-12-21,112000,125000
13106,2011-12-21,2021-06-18,125000,170000
13107,1996-02-21,2007-08-03,24000,124000
13111,2001-07-27,2007-05-04,48000,110000
13112,2001-06-22,2004-06-30,40550,67000
13112,2004-06-30,2006-07-14,67000,89999
13112,2006-07-14,2024-03-22,89999,97500
13116,2003-08-29,2006-04-28,69500,78000
13116,2006-04-28,2023-09-22,78000,127000
13117,1998-11-13,2003-01-23,33500,69000
13117,2003-01-23,2006-06-26,69000,96500
13117,2006-06-26,2015-02-06,96500,92000
13117,2015-02-06,2021-09-30,92000,117000
13119,1995-12-14,2020-12-22,21000,113500
13122,2002-10-04,2022-05-27,49000,91000
13123,1997-07-31,2001-04-06,22200,35000
13123,2001-04-06,2019-12-19,35000,90000
13123,2019-12-19,2024-10-29,90000,105000
13124,2000-05-05,2001-07-27,39000,43000
13124,2001-07-27,2006-05-05,43000,72000
13124,2006-05-05,2019-02-15,72000,90000
13127,1999-04-30,2016-03-18,26000,83000
13128,1999-10-20,2001-05-11,37000,48000
13128,2001-05-11,2004-03-30,48000,75000
13128,2004-03-30,2010-04-01,75000,105000
13130,1997-10-17,2019-12-18,28000,128000
13131,1997-12-22,2001-09-14,26000,45000
13131,2001-09-14,2002-06-28,45000,57000
13131,2002-06-28,2025-02-07,57000,145000
13132,2001-01-19,2004-07-15,37500,90000
13133,2004-03-31,2010-11-01,96000,114000
13133,2010-11-01,2018-07-18,114000,160000
13134,1998-07-03,2001-02-09,31500,53250
13134,2001-02-09,2006-03-21,53250,119950
13134,2006-03-21,2013-07-05,119950,123000
13136,1995-06-26,1998-04-03,42000,45500
13136,1998-04-03,2001-08-17,45500,68000
13136,2001-08-17,2017-08-04,68000,175000
13137,1997-07-31,2001-04-12,30000,45000
13138,1996-06-07,2002-05-03,27500,57000
13138,2002-05-03,2003-02-10,57000,73500
13140,2001-10-19,2004-01-09,43000,58000
13140,2004-01-09,2004-12-10,58000,61000
13144,1999-07-20,2003-09-22,37000,84000
13145,1999-04-30,2022-09-30,30500,120000
13147,2000-07-28,2002-11-15,63000,85000
13147,2002-11-15,2011-05-27,85000,125000
13148,1995-04-28,1998-10-23,41500,40000
13148,1998-10-23,2003-03-21,40000,79950
13148,2003-03-21,2010-01-29,79950,110000
13150,1998-05-20,2000-02-25,35500,50000
13153,1999-08-23,2005-06-03,30000,68000
13153,2005-06-03,2007-01-05,68000,86950
13153,2007-01-05,2019-07-26,86950,85000
13153,2019-07-26,2022-11-25,85000,120000
13154,1997-11-28,2000-10-16,24500,31000
13154,2000-10-16,2006-11-08,31000,90000
13155,1998-11-17,2001-04-12,27250,37000
13155,2001-04-12,2003-12-19,37000,65000
13155,2003-12-19,2007-04-05,65000,94950
13155,2007-04-05,2024-04-05,94950,130000
13156,2000-10-06,2002-06-12,38500,53500
13157,1996-12-10,2000-05-08,34950,50500
13157,2000-05-08,2005-01-14,50500,114950
13157,2005-01-14,2006-10-27,114950,124000
13157,2006-10-27,2014-11-14,124000,137000
13158,2004-01-21,2007-01-15,95000,124999
13158,2007-01-15,2020-08-18,124999,165000
13159,2000-06-02,2006-08-11,58500,115000
13159,2006-08-11,2021-03-05,115000,167000
13160,1999-09-27,2005-05-17,53000,122000
13160,2005-05-17,2011-08-19,122000,127000
13160,2011-08-19,2018-08-10,127000,203000
13161,1997-07-07,2000-08-31,39950,58000
13161,2000-08-31,2002-03-28,58000,67000
13161,2002-03-28,2004-11-19,67000,115500
13161,2004-11-19,2008-01-25,115500,139999
13161,2008-01-25,2015-09-14,139999,142000
13162,2016-12-16,2021-08-23,150000,198000
13164,1995-03-31,2017-12-14,28000,157000
13167,1997-08-29,2002-10-31,32000,79950
13167,2002-10-31,2003-10-27,79950,95000
13167,2003-10-27,2007-07-27,95000,110000
13167,2007-07-27,2013-12-05,110000,120000
13167,2013-12-05,2019-07-25,120000,160000
13168,1995-12-21,2006-12-28,34950,30000
13169,2002-08-21,2004-11-12,66000,90000
13170,1998-09-28,2002-11-22,34000,66050
13170,2002-11-22,2004-07-23,66050,92000
13170,2004-07-23,2007-01-12,92000,111950
13170,2007-01-12,2014-10-22,111950,111000
13170,2014-10-22,2023-07-07,111000,150000
13171,1995-05-19,1996-09-30,37500,38000
13171,1996-09-30,2002-07-09,38000,74000
13171,2002-07-09,2005-06-07,74000,119500
13171,2005-06-07,2007-09-28,119500,135000
13172,1999-09-27,2015-10-09,45000,147000
13172,2015-10-09,2024-01-19,147000,186000
13173,1997-12-18,2000-08-04,34000,57000
13175,1999-07-16,2019-11-06,50000,183500
13177,2005-09-16,2010-02-01,85000,88000
13180,2000-01-28,2011-06-17,47000,110000
13180,2011-06-17,2016-04-25,110000,105000
13180,2016-04-25,2016-07-22,105000,139950
13181,2003-03-14,2015-04-14,87500,84000
13181,2015-04-14,2016-03-29,84000,112000
13181,2016-03-29,2019-07-26,112000,113250
13183,2003-09-25,2015-11-12,92000,99000
13183,2015-11-12,2025-03-27,99000,127500
13184,1997-11-14,2003-06-20,34000,82000
13186,1998-07-06,1999-10-22,35000,44000
13186,1999-10-22,2017-03-09,44000,100000
13187,2001-08-14,2004-07-30,45000,98500
13188,1996-10-18,1999-06-04,30250,42000
13191,1999-10-01,2004-11-12,43000,98000
13192,1995-03-03,1999-10-19,34500,41950
13192,1999-10-19,2007-07-31,41950,108500
13192,2007-07-31,2014-10-31,108500,104000
13192,2014-10-31,2024-08-05,104000,118000
13194,1999-10-22,2015-12-18,46000,86500
13195,2001-03-30,2011-05-04,48750,90000
13195,2011-05-04,2025-10-03,90000,114000
13198,2003-04-11,2017-04-21,84000,100000
13198,2017-04-21,2025-09-12,100000,118495
13200,1999-12-21,2003-07-01,45000,83000
13201,2019-08-20,2025-09-26,116000,123000
13202,1997-03-07,2004-03-26,32000,87500
13202,2004-03-26,2007-09-12,87500,112000
13203,1998-07-27,2003-12-16,36750,85000
13203,2003-12-16,2016-03-31,85000,105000
13205,1997-04-25,1998-12-22,31000,37500
13205,1998-12-22,2022-10-21,37500,95000
13205,2022-10-21,2023-05-12,95000,146500
13206,2006-06-16,2013-08-16,102500,92000
13207,1995-05-26,1997-12-01,34000,34500
13207,1997-12-01,2021-07-01,34500,142500
13210,2005-09-30,2007-11-09,93000,112000
13211,1998-11-16,2000-08-10,39000,50500
13211,2000-08-10,2003-11-10,50500,87000
13211,2003-11-10,2006-08-18,87000,99995
13211,2006-08-18,2016-03-22,99995,105000
13211,2016-03-22,2026-02-25,105000,125000
13215,1998-05-15,2004-07-15,35000,97500
13215,2004-07-15,2006-06-13,97500,98000
13217,2000-01-31,2001-11-16,41000,55000
13220,2003-04-04,2004-06-18,44000,79950
13220,2004-06-18,2016-02-29,79950,102500
13221,2002-03-22,2007-10-31,47000,125000
13222,1996-04-13,1997-08-08,15000,29500
13222,1997-08-08,2003-04-07,29500,75500
13222,2003-04-07,2005-06-24,75500,108000
13222,2005-06-24,2007-09-28,108000,134000
13222,2007-09-28,2012-06-21,134000,111000
13222,2012-06-21,2016-11-17,111000,128000
13223,2013-04-26,2021-03-12,120000,174000
13224,2005-03-07,2016-06-24,60000,120000
13225,1997-01-31,2000-07-13,25000,33000
13225,2000-07-13,2001-07-13,33000,50000
13225,2001-07-13,2017-12-01,50000,138000
13225,2017-12-01,2021-03-17,138000,183000
13225,2021-03-17,2024-03-15,183000,245000
13226,2015-02-11,2022-09-23,110000,220000
13227,2005-04-08,2013-05-10,110000,78000
13231,2004-11-15,2022-02-04,50000,210000
13232,2015-05-11,2022-10-19,127500,213855
13234,2015-05-22,2023-06-30,107500,192000
13236,1998-03-26,2016-01-08,20000,106000
13236,2016-01-08,2016-10-28,106000,173000
13237,2006-02-24,2021-10-26,114950,200000
13237,2021-10-26,2023-11-09,200000,220000
13243,2017-11-17,2019-02-28,735000,1285000
13244,2008-01-04,2014-01-10,166000,130000
13245,2001-07-06,2006-07-07,60000,113000
13245,2006-07-07,2010-02-19,113000,116000
13245,2010-02-19,2013-05-31,116000,109000
13246,2006-07-19,2007-06-08,124995,132000
13247,2006-04-28,2009-10-23,120000,130000
13247,2009-10-23,2013-01-04,130000,125000
13247,2013-01-04,2023-05-26,125000,178000
13248,1999-02-12,2007-01-30,41500,115000
13249,1998-05-19,2001-09-07,38995,73000
13249,2001-09-07,2022-04-27,73000,180000
13249,2022-04-27,2024-02-28,180000,192400
13250,1997-12-22,1999-10-01,42000,55750
13250,1999-10-01,2004-05-28,55750,119950
13250,2004-05-28,2009-09-15,119950,85500
13250,2009-09-15,2024-08-30,85500,200000
13251,1996-02-28,2003-11-14,38500,123500
13251,2003-11-14,2012-01-16,123500,122000
13251,2012-01-16,2021-03-26,122000,161500
13252,1999-06-07,2014-11-20,30000,87000
13252,2014-11-20,2016-04-15,87000,160000
13252,2016-04-15,2025-03-28,160000,220000
13253,1995-03-31,1998-01-09,40000,47000
13254,2010-09-16,2019-06-27,137500,170000
13254,2019-06-27,2019-10-25,170000,170000
13255,2007-08-06,2016-10-07,149950,160000
13256,1997-01-31,1999-06-04,36000,49000
13256,1999-06-04,2003-02-21,49000,89000
13256,2003-02-21,2018-06-29,89000,160000
13256,2018-06-29,2019-12-13,160000,155000
13257,2017-04-06,2017-04-06,181000,181000
13258,2002-11-01,2006-09-22,110000,145000
13258,2006-09-22,2015-11-20,145000,159950
13258,2015-11-20,2017-04-13,159950,187500
13259,2002-11-01,2015-04-08,110000,150000
13259,2015-04-08,2018-04-13,150000,190000
13260,2004-01-16,2005-01-05,103950,155000
13260,2005-01-05,2008-02-29,155000,173000
13260,2008-02-29,2015-06-10,173000,186000
13261,1999-03-26,2009-08-24,53995,140000
13261,2009-08-24,2017-07-21,140000,177000
13262,2002-08-16,2024-09-13,100000,225000
13265,2012-02-24,2016-11-25,141000,213500
13266,2004-04-10,2004-10-14,105000,122000
13266,2004-10-14,2007-08-14,122000,179000
13267,2000-06-16,2021-06-30,71950,236000
13267,2021-06-30,2022-03-14,236000,275000
13268,1998-07-16,2007-08-10,53000,196000
13268,2007-08-10,2014-12-10,196000,185500
13268,2014-12-10,2022-02-11,185500,225000
13271,2000-06-19,2008-11-28,92000,161000
13272,1995-11-30,2005-07-15,52950,160000
13274,1998-02-27,2007-11-24,47500,182500
13274,2007-11-24,2012-08-07,182500,183500
13275,2003-04-04,2023-03-15,130000,350000
13276,1999-07-02,2006-04-28,70000,188500
13276,2006-04-28,2011-10-17,188500,170000
13276,2011-10-17,2016-08-11,170000,230000
13280,1995-08-31,2007-04-25,50000,140000
13281,1999-02-26,2020-03-04,53000,248000
13281,2020-03-04,2022-08-08,248000,300000
13282,1997-05-23,2001-08-29,45000,94000
13282,2001-08-29,2002-05-17,94000,106950
13282,2002-05-17,2012-06-29,106950,165000
13282,2012-06-29,2024-09-27,165000,285000
13283,1997-02-10,2002-05-24,45500,95500
13285,1998-08-07,2003-10-10,59950,125000
13285,2003-10-10,2006-05-17,125000,157000
13286,1997-03-14,2000-04-14,42000,90000
13286,2000-04-14,2004-12-23,90000,168000
13286,2004-12-23,2006-07-31,168000,176750
13286,2006-07-31,2016-12-09,176750,200000
13288,2003-01-17,2011-07-14,113500,148000
13289,1999-12-10,2013-05-02,69950,175000
13290,2003-02-14,2003-11-14,102000,110000
13290,2003-11-14,2022-09-09,110000,205000
13293,1995-11-21,2001-09-05,36995,90000
13294,2000-06-09,2007-03-30,58000,132500
13294,2007-03-30,2017-11-22,132500,142500
13294,2017-11-22,2019-11-15,142500,172000
13297,1999-09-17,2006-06-16,62500,140000
13297,2006-06-16,2010-02-19,140000,118500
13297,2010-02-19,2011-02-14,118500,150000
13297,2011-02-14,2018-01-05,150000,185000
13298,2005-03-04,2008-06-23,104000,112300
13298,2008-06-23,2013-08-23,112300,145000
13298,2013-08-23,2016-01-29,145000,179300
13299,1996-08-23,2015-11-13,35000,157000
13299,2015-11-13,2017-01-26,157000,107000
13300,1998-02-03,1999-06-24,47000,71500
13300,1999-06-24,2016-09-30,71500,165000
13301,1995-03-17,1999-03-26,33500,42950
13301,1999-03-26,1999-11-26,42950,60000
13301,1999-11-26,2001-10-05,60000,78000
13301,2001-10-05,2014-01-24,78000,124750
13303,2017-05-05,2021-07-16,148000,200000
13304,2013-10-15,2014-10-10,50000,141500
13305,1996-06-07,2001-10-19,34500,78000
13305,2001-10-19,2005-05-16,78000,85000
13305,2005-05-16,2006-08-18,85000,120000
13307,1998-11-07,2004-06-18,68500,160000
13307,2004-06-18,2025-03-31,160000,225000
13308,1999-04-09,2001-08-30,69000,109500
13308,2001-08-30,2004-07-08,109500,152500
13309,2002-01-04,2003-08-12,102000,136000
13309,2003-08-12,2021-12-21,136000,280000
13311,2016-10-14,2020-03-05,171000,171000
13314,2008-08-22,2012-12-20,195000,175000
13314,2012-12-20,2017-06-09,175000,237000
13314,2017-06-09,2019-08-02,237000,247000
13315,2010-05-28,2025-11-14,190000,263000
13316,2010-01-15,2017-10-13,128995,155000
13316,2017-10-13,2021-01-15,155000,160000
13317,2009-12-22,2024-10-11,128995,165000
13318,2009-12-11,2015-11-23,128995,143500
13319,2009-11-27,2014-07-11,132500,152250
13320,2009-12-22,2013-10-04,128995,113500
13320,2013-10-04,2021-06-25,113500,153000
13320,2021-06-25,2024-08-19,153000,170000
13321,2009-12-18,2014-11-14,132000,155000
13322,2009-10-14,2011-02-23,126000,134000
13324,2009-12-22,2018-05-10,126995,138000
13325,2009-12-11,2018-03-23,120000,145000
13326,2009-10-30,2019-05-22,129995,145000
13327,2009-09-30,2021-05-19,132000,163000
13329,2009-11-20,2017-01-23,184950,220000
13330,2010-03-25,2018-08-20,162000,220000
13331,2010-03-25,2018-10-19,157500,215000
13332,2010-03-25,2018-05-25,157500,220000
13332,2018-05-25,2024-09-03,220000,260000
13333,2010-03-25,2019-09-25,157500,210000
13334,2009-11-18,2014-05-16,170000,175000
13334,2014-05-16,2017-10-12,175000,220000
13335,2009-07-24,2018-06-29,180000,210000
13336,2009-05-29,2015-03-30,175000,190000
13336,2015-03-30,2015-04-17,190000,195000
13336,2015-04-17,2025-04-25,195000,280000
13337,2009-07-03,2016-12-21,174500,210000
13338,2014-05-16,2023-02-15,185000,280000
13340,2018-04-12,2022-01-10,172500,220000
13341,2012-11-23,2018-12-05,75000,210000
13341,2018-12-05,2021-03-25,210000,210000
13342,2014-04-02,2020-03-16,59500,126750
13345,2010-03-25,2018-02-23,162000,216000
13345,2018-02-23,2021-01-15,216000,240000
13345,2021-01-15,2022-11-07,240000,290000
13346,2009-06-30,2016-05-12,128000,168000
13346,2016-05-12,2021-04-01,168000,199000
13348,2012-05-18,2020-11-27,89950,120000
13348,2020-11-27,2025-10-01,120000,119000
13349,2009-11-19,2012-04-30,88995,95000
13349,2012-04-30,2016-07-08,95000,103000
13349,2016-07-08,2017-11-16,103000,106000
13352,2009-09-30,2014-06-27,85000,94000
13352,2014-06-27,2024-10-16,94000,122500
13355,2009-09-25,2016-03-30,89995,110000
13356,2010-03-25,2018-10-26,162000,215000
13356,2018-10-26,2022-03-31,215000,260000
13359,2009-07-22,2019-12-18,125000,165000
13360,2010-04-09,2012-08-13,129995,120000
13360,2012-08-13,2017-09-15,120000,150000
13360,2017-09-15,2022-12-02,150000,180000
13362,2009-12-23,2018-06-25,130500,154000
13362,2018-06-25,2020-10-23,154000,170000
13363,2009-12-22,2022-12-09,130500,169000
13364,2015-06-30,2021-12-01,225000,280000
13365,2001-04-06,2013-09-20,265000,310000
13365,2013-09-20,2016-08-25,310000,208000
13369,2015-08-26,2023-08-21,200000,295000
13370,2015-08-19,2022-05-06,205000,275000
13371,2017-09-13,2022-03-18,40500,48000
13409,1998-11-27,2001-04-06,53000,71000
13409,2001-04-06,2004-08-12,71000,135000
13409,2004-08-12,2023-11-16,135000,270000
13410,2003-08-28,2004-02-06,102500,133500
13410,2004-02-06,2005-08-23,133500,137000
13410,2005-08-23,2021-03-12,137000,200000
13411,1997-10-17,1999-11-22,44500,65000
13411,1999-11-22,2022-02-18,65000,170000
13412,1997-05-23,2001-05-11,39000,70000
13413,2021-07-30,2022-09-05,186950,266000
13414,2015-05-22,2019-01-24,142000,193000
13415,2002-07-12,2003-08-08,84000,130000
13415,2003-08-08,2008-03-14,130000,164995
13415,2008-03-14,2025-07-07,164995,285000
13416,1995-12-18,2003-05-30,43000,124950
13416,2003-05-30,2011-12-16,124950,108500
13417,2005-04-08,2005-10-21,130000,154000
13417,2005-10-21,2015-01-16,154000,159000
13417,2015-01-16,2020-11-20,159000,167500
13420,2000-08-30,2006-05-12,72000,140000
13420,2006-05-12,2021-03-11,140000,195000
13421,1995-07-21,1999-12-17,39000,70000
13421,1999-12-17,2004-08-05,70000,126500
13422,1997-03-17,1997-12-05,23000,49500
13422,1997-12-05,2001-03-30,49500,75000
13422,2001-03-30,2002-09-06,75000,112000
13422,2002-09-06,2004-06-25,112000,128000
13422,2004-06-25,2007-10-31,128000,148500
13422,2007-10-31,2019-02-22,148500,185000
13423,2003-04-16,2005-08-12,117250,143250
13423,2005-08-12,2008-10-24,143250,138000
13424,2002-03-22,2013-02-05,75600,127500
13424,2013-02-05,2022-09-01,127500,200000
13426,2021-11-16,2025-04-24,395000,330000
13427,2005-01-12,2006-11-24,130000,149950
13427,2006-11-24,2015-06-26,149950,149950
13429,1997-06-27,2002-05-08,42000,86000
13429,2002-05-08,2006-02-14,86000,144500
13429,2006-02-14,2011-04-06,144500,150000
13429,2011-04-06,2018-10-02,150000,197500
13430,1995-11-17,1996-05-10,23500,43000
13430,1996-05-10,2000-04-28,43000,73500
13430,2000-04-28,2008-10-23,73500,122000
13431,2001-12-21,2006-12-14,80750,180000
13432,1995-06-30,1998-07-03,44000,48000
13432,1998-07-03,2005-07-25,48000,127000
13432,2005-07-25,2007-04-11,127000,139500
13432,2007-04-11,2022-12-21,139500,205000
13433,1997-03-10,2000-09-29,36000,69000
13433,2000-09-29,2007-05-21,69000,140000
13434,1998-03-16,2004-12-03,47000,85000
13435,2016-07-27,2016-09-30,102000,136500
13435,2016-09-30,2022-08-01,136500,218500
13437,1998-08-14,2002-11-22,49500,122000
13437,2002-11-22,2024-11-29,122000,155000
13438,1999-10-08,2001-11-16,66000,81000
13438,2001-11-16,2004-08-18,81000,128000
13439,2004-12-20,2008-06-27,127500,151250
13439,2008-06-27,2024-05-24,151250,210000
13440,2000-08-21,2007-12-19,65000,148500
13440,2007-12-19,2013-05-03,148500,125000
13440,2013-05-03,2017-03-31,125000,174000
13440,2017-03-31,2025-03-31,174000,232500
13441,2006-07-25,2021-12-17,110000,165000
13441,2021-12-17,2024-07-17,165000,185000
13442,1995-05-16,2000-07-07,33500,50150
13442,2000-07-07,2022-09-15,50150,215000
13443,2015-12-18,2019-11-15,210000,252000
13444,2004-02-16,2017-07-06,103000,180000
13445,2004-05-24,2012-03-15,127500,128000
13446,1998-01-09,2003-05-30,42000,116000
13446,2003-05-30,2006-03-03,116000,138500
13446,2006-03-03,2007-06-29,138500,155000
13446,2007-06-29,2012-03-23,155000,149000
13446,2012-03-23,2016-05-23,149000,190000
13446,2016-05-23,2018-09-19,190000,201000
13446,2018-09-19,2022-12-16,201000,269000
13447,1996-09-30,1999-07-12,39950,65000
13447,1999-07-12,2003-08-08,65000,115000
13448,1997-04-04,1999-08-06,47500,75000
13448,1999-08-06,2006-05-12,75000,152500
13448,2006-05-12,2020-11-12,152500,197000
13450,1995-06-30,1999-03-31,41800,64950
13450,1999-03-31,2000-06-09,64950,82500
13450,2000-06-09,2005-10-21,82500,130000
13450,2005-10-21,2009-04-03,130000,145000
13450,2009-04-03,2018-01-29,145000,206000
13451,1998-05-29,2001-05-18,51000,78500
13451,2001-05-18,2003-12-12,78500,89000
13451,2003-12-12,2004-10-20,89000,155000
13451,2004-10-20,2018-02-09,155000,220000
13453,2009-03-31,2024-11-14,120000,175000
13454,1996-03-20,2002-11-12,38500,129950
13454,2002-11-12,2005-08-15,129950,150000
13454,2005-08-15,2021-06-11,150000,215000
13455,1997-05-16,2008-05-02,46000,136500
13455,2008-05-02,2013-06-28,136500,155000
13456,1998-01-23,2009-03-20,49500,125000
13456,2009-03-20,2016-12-02,125000,170000
13457,2005-12-02,2005-12-02,120000,120000
13457,2005-12-02,2006-08-04,120000,148500
13457,2006-08-04,2023-06-01,148500,205000
13458,2011-07-29,2015-12-17,112500,110000
13459,2015-06-12,2017-09-28,160000,180000
13460,2020-09-10,2021-09-10,122500,128000
13461,2005-07-01,2012-12-21,119995,108750
13461,2012-12-21,2014-12-02,108750,135000
13463,1998-09-04,2023-10-31,53500,192000
13464,1998-01-23,2007-04-17,44950,124950
13464,2007-04-17,2020-07-16,124950,195000
13465,2016-08-16,2018-11-08,110400,208000
13469,1998-10-12,2000-08-14,21500,45000
13470,2001-08-20,2003-07-29,82000,112000
13470,2003-07-29,2006-01-16,112000,135000
13470,2006-01-16,2014-09-01,135000,162000
13472,1996-11-06,1998-09-21,28500,35000
13472,1998-09-21,2004-10-21,35000,100000
13472,2004-10-21,2006-02-10,100000,107500
13472,2006-02-10,2014-03-10,107500,96000
13473,2000-03-10,2000-12-08,45000,63000
13473,2000-12-08,2009-05-12,63000,62000
13473,2009-05-12,2009-08-07,62000,96000
13473,2009-08-07,2013-05-10,96000,95000
13474,1999-11-01,2002-03-22,54000,79000
13474,2002-03-22,2004-01-27,79000,102500
13474,2004-01-27,2005-06-17,102500,123000
13474,2005-06-17,2007-12-03,123000,150000
13475,1996-05-10,2014-02-21,28000,162000
13476,1995-08-04,1998-07-03,31500,30000
13476,1998-07-03,2004-06-25,30000,147500
13476,2004-06-25,2018-12-14,147500,198000
13478,1997-09-30,2007-03-16,27000,124999
13478,2007-03-16,2018-03-09,124999,133000
13479,1999-06-25,2004-01-26,56000,130000
13479,2004-01-26,2012-12-03,130000,134950
13479,2012-12-03,2024-07-31,134950,260000
13481,2006-04-07,2022-07-04,109950,253000
13481,2022-07-04,2024-10-18,253000,267000
13483,1998-07-24,2025-03-31,50500,231000
13484,2001-03-02,2003-07-09,56500,89000
13484,2003-07-09,2003-09-19,89000,118500
13485,2012-07-20,2018-05-18,110000,160000
13486,2009-12-18,2017-01-26,128500,145000
13489,1996-09-12,2001-06-20,39500,77000
13489,2001-06-20,2005-09-16,77000,130000
13489,2005-09-16,2011-12-14,130000,141000
13489,2011-12-14,2015-05-22,141000,160000
13490,2001-04-27,2013-07-26,74000,136000
13490,2013-07-26,2021-03-18,136000,220000
13490,2021-03-18,2023-09-13,220000,250000
13491,1996-06-04,2003-06-20,40000,106500
13492,1996-01-16,2005-07-15,45000,129000
13493,2008-11-21,2021-12-17,70000,185000
13494,2003-11-11,2017-04-07,115000,158500
13494,2017-04-07,2020-09-23,158500,200000
13495,2011-09-30,2020-02-07,163500,200000
13497,1998-11-06,1999-12-13,59950,59995
13497,1999-12-13,2009-11-30,59995,132000
13497,2009-11-30,2018-03-28,132000,185000
13497,2018-03-28,2024-08-16,185000,225000
13498,1998-06-22,2002-11-29,56000,112000
13498,2002-11-29,2005-11-25,112000,135000
13499,2000-03-10,2006-10-06,41000,140000
13499,2006-10-06,2018-03-23,140000,190000
13499,2018-03-23,2019-11-25,190000,199000
13500,2021-08-04,2023-09-01,185000,225000
13501,1996-12-20,2006-05-31,38000,119950
13501,2006-05-31,2014-07-28,119950,124000
13501,2014-07-28,2016-10-03,124000,140000
13501,2016-10-03,2021-03-18,140000,183000
13502,1998-02-23,2021-12-01,46500,205000
13502,2021-12-01,2023-09-14,205000,225000
13506,1999-01-22,2003-08-07,51000,105000
13506,2003-08-07,2006-01-20,105000,120000
13506,2006-01-20,2018-06-22,120000,153000
13506,2018-06-22,2023-03-31,153000,177000
13507,1998-03-20,2001-07-20,51500,78000
13507,2001-07-20,2006-07-25,78000,139000
13508,1997-09-26,2002-08-30,46500,104950
13508,2002-08-30,2010-03-12,104950,129000
13508,2010-03-12,2016-09-28,129000,150000
13509,1998-03-12,2002-04-02,44000,78500
13511,2000-07-14,2004-06-11,75950,126000
13511,2004-06-11,2009-10-15,126000,130000
13511,2009-10-15,2013-09-13,130000,138000
13511,2013-09-13,2018-01-26,138000,190000
13511,2018-01-26,2019-09-17,190000,180600
13512,2022-10-27,2023-01-19,136000,152000
13514,1996-07-31,2005-10-03,34500,138000
13514,2005-10-03,2007-07-20,138000,153200
13516,1999-08-13,2007-04-02,60000,135000
13516,2007-04-02,2015-01-05,135000,136500
13517,1999-01-29,2001-10-15,25000,69000
13517,2001-10-15,2007-03-30,69000,125000
13517,2007-03-30,2013-05-03,125000,115000
13517,2013-05-03,2017-12-21,115000,135000
13518,1998-12-21,2015-03-11,49330,140000
13518,2015-03-11,2018-11-30,140000,245000
13523,2014-06-27,2025-03-27,150000,215000
13524,1999-11-19,2022-05-05,66500,208000
13525,1995-12-29,1998-03-24,41500,55500
13525,1998-03-24,2001-12-07,55500,88000
13525,2001-12-07,2007-10-18,88000,172936
13525,2007-10-18,2021-09-14,172936,240000
13526,1997-05-29,2000-01-28,43000,74000
13527,2006-10-04,2019-05-31,125000,184000
13528,2000-05-26,2005-03-24,68000,127500
13528,2005-03-24,2007-11-16,127500,160000
13528,2007-11-16,2011-09-02,160000,145000
13528,2011-09-02,2015-07-14,145000,155000
13529,2001-08-20,2003-07-28,90000,126000
13529,2003-07-28,2011-04-21,126000,150000
13529,2011-04-21,2022-06-13,150000,250000
13530,2001-01-15,2019-04-02,56000,145000
13531,1998-07-31,2012-02-17,36000,116500
13531,2012-02-17,2019-02-05,116500,145000
13532,1997-12-02,2002-10-25,52000,178500
13532,2002-10-25,2003-04-04,178500,105000
13532,2003-04-04,2022-03-22,105000,203000
13533,2002-08-27,2004-07-05,130000,159950
13533,2004-07-05,2014-07-07,159950,157655
13533,2014-07-07,2025-07-07,157655,240000
13534,2000-09-15,2004-04-28,58000,117500
13534,2004-04-28,2006-11-29,117500,143500
13534,2006-11-29,2013-01-31,143500,120000
13534,2013-01-31,2018-08-31,120000,158000
13534,2018-08-31,2025-06-27,158000,201000
13535,1999-06-18,2024-08-21,51000,207000
13536,1998-04-17,2002-06-17,43500,75000
13537,2002-07-05,2005-10-21,74000,112000
13537,2005-10-21,2023-02-03,112000,158000
13538,2002-10-18,2019-09-24,105950,141000
13538,2019-09-24,2022-03-14,141000,207000
13539,1997-08-15,2001-09-28,36000,71500
13540,1995-07-28,2019-04-10,42000,140000
13541,2000-07-04,2009-11-04,63000,132000
13541,2009-11-04,2017-02-10,132000,152500
13543,2006-10-27,2011-04-21,165565,172500
13544,2002-01-11,2020-03-17,104950,280000
13545,2003-09-08,2004-09-17,98500,122000
13545,2004-09-17,2024-10-18,122000,180000
13546,2005-08-26,2008-01-31,136500,154000
13547,1998-06-12,2001-03-30,48000,68000
13547,2001-03-30,2003-10-02,68000,98000
13547,2003-10-02,2010-09-08,98000,117000
13547,2010-09-08,2014-01-28,117000,136000
13547,2014-01-28,2017-11-22,136000,174000
13547,2017-11-22,2020-02-28,174000,181000
13547,2020-02-28,2025-05-22,181000,215000
13548,1996-10-04,2024-08-30,37000,176000
13549,2002-08-19,2012-10-26,103000,138000
13549,2012-10-26,2017-03-06,138000,195000
13551,2002-03-05,2020-11-20,22500,153000
13553,1999-11-05,2005-01-07,65500,110000
13553,2005-01-07,2006-06-23,110000,135050
13554,1997-07-11,1998-09-01,48000,60000
13554,1998-09-01,1999-11-22,60000,78500
13555,1997-07-31,1999-09-24,54000,71500
13555,1999-09-24,2006-08-18,71500,180000
13556,2015-12-04,2022-11-24,155000,280500
13557,2000-12-15,2024-08-30,87000,252500
13558,2009-09-30,2024-08-23,123120,283500
13559,2014-10-03,2021-07-30,195000,250000
13559,2021-07-30,2023-08-16,250000,341000
13561,1998-09-18,1999-04-16,38000,69950
13562,1997-05-30,2005-07-01,52000,174100
13562,2005-07-01,2015-01-07,174100,220000
13562,2015-01-07,2018-05-11,220000,260000
13563,2001-02-23,2001-11-19,49500,93000
13563,2001-11-19,2003-12-19,93000,174500
13563,2003-12-19,2009-03-31,174500,175000
13563,2009-03-31,2015-06-29,175000,212750
13563,2015-06-29,2015-06-29,212750,220000
13564,2014-10-28,2015-06-25,95000,220000
13565,1995-12-04,2011-12-09,30000,170000
13565,2011-12-09,2016-08-19,170000,220000
13566,1999-11-26,2004-11-25,55995,96500
13567,2012-05-18,2014-06-27,107000,130000
13569,2014-09-26,2018-03-29,50000,207500
13572,1997-08-29,2001-09-28,45500,75000
13572,2001-09-28,2004-01-30,75000,115000
13572,2004-01-30,2006-03-23,115000,133000
13572,2006-03-23,2025-05-27,133000,235000
13573,2003-09-10,2006-08-25,122000,145500
13573,2006-08-25,2010-08-13,145500,157000
13575,1999-07-09,2004-09-03,82000,173000
13576,1997-04-18,2001-02-01,52750,99000
13576,2001-02-01,2003-05-01,99000,167500
13576,2003-05-01,2005-09-22,167500,183000
13577,1999-10-09,2000-07-17,84000,90000
13577,2000-07-17,2003-08-21,90000,126000
13580,2000-04-28,2021-05-28,79000,225000
13581,1999-08-20,2006-03-06,75000,190000
13583,2001-09-21,2013-04-15,117000,175000
13598,2006-04-24,2015-06-19,515500,265000
13598,2015-06-19,2017-05-15,265000,1670000
13599,1999-06-18,1999-08-13,60000,79950
13600,1997-10-31,2013-12-05,56000,150000
13601,1998-07-17,2004-04-30,53000,114000
13601,2004-04-30,2014-08-04,114000,135000
13602,2001-02-02,2001-08-24,58500,86000
13602,2001-08-24,2006-04-21,86000,130000
13602,2006-04-21,2016-12-21,130000,155000
13603,1996-03-27,2007-02-02,33000,147000
13605,2007-11-09,2016-04-29,289375,225000
13605,2016-04-29,2018-09-20,225000,1500000
13610,1999-07-22,2004-10-15,55000,155000
13610,2004-10-15,2008-06-09,155000,152250
13611,1998-07-08,1998-11-20,41500,59000
13611,1998-11-20,2009-07-30,59000,131500
13611,2009-07-30,2017-12-01,131500,193000
13613,1997-04-18,1998-08-13,46500,56750
13613,1998-08-13,2006-10-02,56750,140000
13613,2006-10-02,2025-01-10,140000,212500
13614,1999-03-25,2003-05-23,69950,148600
13616,1999-04-01,2004-02-20,57000,145000
13616,2004-02-20,2014-10-03,145000,177500
13616,2014-10-03,2018-10-30,177500,230000
13617,2002-08-06,2005-08-26,85000,138000
13618,1995-07-14,2004-12-22,47000,150000
13620,1996-04-01,2004-06-18,37750,119995
13620,2004-06-18,2014-04-24,119995,116000
13620,2014-04-24,2019-08-13,116000,187500
13621,1998-06-26,2002-07-12,54100,107500
13621,2002-07-12,2014-03-17,107500,129950
13621,2014-03-17,2021-06-25,129950,200000
13622,1997-08-21,2004-01-16,46500,109000
13624,2000-03-31,2006-12-15,59000,145000
13624,2006-12-15,2016-10-07,145000,158150
13624,2016-10-07,2021-05-27,158150,209000
13625,2000-02-04,2003-03-14,58000,102000
13625,2003-03-14,2010-10-26,102000,127000
13625,2010-10-26,2021-03-26,127000,183000
13626,2013-06-21,2016-03-17,145000,177000
13626,2016-03-17,2018-08-07,177000,190000
13626,2018-08-07,2019-03-06,190000,225000
13627,2005-04-28,2014-06-19,145000,190000
13629,1998-10-23,2001-04-02,79000,179950
13629,2001-04-02,2007-11-05,179950,295000
13630,2004-06-18,2006-11-30,132000,152000
13634,1995-03-31,1995-10-13,46000,43600
13634,1995-10-13,2000-02-07,43600,77950
13634,2000-02-07,2014-04-04,77950,135505
13634,2014-04-04,2022-01-17,135505,261650
13636,2003-10-10,2024-06-21,108000,236000
13640,1995-04-07,1998-05-01,51500,58950
13641,2000-08-16,2004-11-17,89500,165000
13642,2002-08-27,2007-09-14,104000,160000
13642,2007-09-14,2015-06-30,160000,180000
13642,2015-06-30,2017-09-22,180000,226250
13642,2017-09-22,2019-05-13,226250,232500
13645,1996-07-19,2008-08-29,15000,100000
13646,1996-12-06,2001-06-08,48500,78750
13646,2001-06-08,2019-11-29,78750,200000
13649,2014-03-14,2016-05-26,113000,164000
13649,2016-05-26,2021-02-11,164000,193000
13649,2021-02-11,2024-07-12,193000,240000
13650,2004-01-21,2007-08-30,95000,167500
13650,2007-08-30,2013-11-15,167500,142000
13651,2004-02-04,2005-11-22,122000,155000
13651,2005-11-22,2020-07-07,155000,198000
13652,2001-09-05,2004-05-07,79000,132750
13652,2004-05-07,2013-09-30,132750,139999
13652,2013-09-30,2021-04-09,139999,195000
13652,2021-04-09,2024-01-26,195000,250000
13653,1999-06-25,2013-08-22,41000,115000
13653,2013-08-22,2016-02-22,115000,174000
13654,1996-10-31,1997-10-29,36000,59950
13654,1997-10-29,1999-02-26,59950,59950
13654,1999-02-26,2002-06-27,59950,55800
13654,2002-06-27,2006-12-13,55800,98400
13655,2001-06-22,2024-12-06,70000,210000
13656,1998-09-08,2002-06-28,44500,90000
13656,2002-06-28,2019-04-12,90000,162500
13658,2000-07-28,2005-12-09,80000,164000
13658,2005-12-09,2019-04-04,164000,175000
13659,2015-11-13,2016-10-21,118500,148000
13660,1998-07-16,2004-02-13,45000,103250
13661,2011-09-09,2016-02-16,176500,242000
13662,1998-08-28,2001-10-29,52000,92300
13662,2001-10-29,2007-06-12,92300,176000
13662,2007-06-12,2012-12-20,176000,149000
13663,1997-04-16,2002-07-01,60000,133250
13663,2002-07-01,2011-09-01,133250,195000
13665,1997-08-08,2003-12-03,55500,135000
13673,2022-05-31,2024-04-23,150000,147000
13674,1997-08-29,2000-03-22,34000,50000
13675,2002-01-23,2005-09-02,61995,89950
13675,2005-09-02,2006-10-02,89950,71000
13675,2006-10-02,2006-12-01,71000,75000
13675,2006-12-01,2007-03-14,75000,75000
13675,2007-03-14,2016-06-27,75000,125000
13676,2002-11-29,2008-02-29,69000,96815
13678,1995-12-01,2001-07-26,32000,55000
13678,2001-07-26,2003-12-12,55000,83000
13678,2003-12-12,2008-05-20,83000,125000
13678,2008-05-20,2009-12-04,125000,107000
13678,2009-12-04,2017-12-01,107000,130000
13680,1999-05-28,2001-12-21,35500,48500
13681,2003-05-22,2004-04-30,82000,117000
13681,2004-04-30,2016-04-22,117000,134500
13684,1999-05-28,2002-05-31,53500,93000
13685,2003-05-13,2016-02-05,116500,187000
13686,2006-02-28,2015-03-31,125000,170000
13687,1996-10-16,2001-03-23,40000,91000
13687,2001-03-23,2004-05-28,91000,145000
13687,2004-05-28,2016-08-11,145000,180000
13687,2016-08-11,2025-12-12,180000,267000
13690,2005-02-04,2013-05-22,158000,130000
13690,2013-05-22,2017-03-13,130000,200000
13691,2019-10-18,2021-07-29,185000,245000
13692,1996-03-11,2016-01-15,30211,206000
13692,2016-01-15,2021-05-05,206000,269000
13693,1996-08-12,1999-05-27,33000,71000
13693,1999-05-27,2003-11-14,71000,115000
13693,2003-11-14,2018-01-19,115000,182500
13695,1995-09-01,2004-08-20,36000,166750
13695,2004-08-20,2016-08-19,166750,230000
13698,2010-07-07,2016-06-01,161000,205000
13698,2016-06-01,2021-03-18,205000,246500
13699,2007-06-15,2022-02-11,200000,275000
13700,1996-01-26,2004-07-30,45000,157500
13700,2004-07-30,2015-09-25,157500,185000
13704,2013-08-09,2023-06-23,74000,135000
13705,1998-06-18,2002-08-16,26995,30000
13705,2002-08-16,2004-06-04,30000,91000
13705,2004-06-04,2006-08-11,91000,106950
13707,2001-04-27,2004-10-29,54995,89500
13707,2004-10-29,2006-10-25,89500,105000
13708,2004-01-26,2014-05-29,11250,52000
13710,2001-12-14,2023-02-17,80000,250000
13711,2006-12-19,2009-08-27,165000,165500
13711,2009-08-27,2012-02-03,165500,163000
13713,2006-09-13,2016-04-01,130000,160000
13713,2016-04-01,2020-10-30,160000,173000
13715,2009-05-05,2011-11-10,60000,100000
13715,2011-11-10,2011-12-16,100000,97000
13715,2011-12-16,2019-10-31,97000,140000
13717,1998-02-16,2018-08-24,47000,190000
13718,2000-06-19,2005-09-09,110000,112965
13718,2005-09-09,2006-06-28,112965,202500
13719,1999-12-23,2001-06-15,65000,101500
13719,2001-06-15,2004-10-22,101500,156000
13719,2004-10-22,2022-08-05,156000,270000
13720,1999-08-02,2003-12-08,72200,129950
13720,2003-12-08,2025-05-23,129950,278500
13724,2006-04-05,2011-06-16,175000,205000
13727,1997-07-14,2003-09-04,60995,145000
13729,2001-10-31,2006-12-12,93000,188000
13729,2006-12-12,2014-08-11,188000,175000
13731,2014-05-30,2021-10-18,156500,250000
13731,2021-10-18,2026-02-05,250000,300000
13733,2003-05-23,2004-10-15,95000,157000
13734,2006-10-13,2021-09-17,185000,272000
13736,1996-01-05,2001-05-02,39000,87500
13736,2001-05-02,2004-10-22,87500,140000
13736,2004-10-22,2022-05-30,140000,285000
13737,1997-12-04,2013-10-18,72000,157000
13738,1998-07-20,2019-05-31,59950,245000
13740,2001-04-20,2009-07-17,86500,148000
13740,2009-07-17,2018-09-28,148000,220000
13740,2018-09-28,2019-01-24,220000,246000
13741,1997-06-12,1998-09-30,45500,60000
13743,2002-11-15,2024-03-22,134950,225000
13747,2001-12-21,2003-01-31,70000,90000
13747,2003-01-31,2004-01-16,90000,132000
13747,2004-01-16,2016-09-27,132000,185000
13747,2016-09-27,2021-01-07,185000,172000
13747,2021-01-07,2023-01-30,172000,252000
13748,1999-05-06,2007-10-19,98000,300000
13748,2007-10-19,2023-08-24,300000,400000
13750,1998-02-27,2006-11-03,70000,199000
13751,2014-05-09,2015-06-05,228000,235000
13752,2002-05-31,2013-09-27,137000,220000
13752,2013-09-27,2025-02-20,220000,290000
13754,2008-10-10,2013-07-15,135000,175000
13759,1999-09-10,2001-09-28,50000,60000
13760,1999-04-30,2000-07-28,54000,59950
13761,2002-09-30,2009-12-18,104950,130000
13764,2006-12-14,2007-07-27,125000,149000
13765,1998-11-06,2000-12-06,60000,60000
13765,2000-12-06,2003-01-31,60000,133000
13765,2003-01-31,2006-07-24,133000,165000
13765,2006-07-24,2012-02-24,165000,130000
13765,2012-02-24,2018-09-11,130000,197500
13765,2018-09-11,2022-09-29,197500,220000
13766,2011-10-10,2016-05-06,103000,140000
13766,2016-05-06,2023-08-30,140000,185000
13767,1998-01-04,2016-05-03,50000,173000
13768,1998-11-06,1999-12-20,69250,74950
13768,1999-12-20,2000-11-30,74950,55000
13768,2000-11-30,2003-01-27,55000,130000
13769,2009-10-02,2022-10-28,156000,250000
13769,2022-10-28,2025-02-28,250000,260000
13770,2014-11-14,2022-03-30,172500,260000
13771,2011-04-21,2022-01-07,150000,240000
13773,1997-03-27,2000-04-07,60000,79995
13774,2006-02-22,2020-09-28,175000,245000
13775,2000-04-28,2006-09-29,82950,155000
13775,2006-09-29,2019-06-14,155000,184000
13775,2019-06-14,2025-03-28,184000,292000
13776,2009-12-16,2016-06-24,169000,273000
13777,2001-05-31,2016-03-29,89950,200000
13778,1995-10-05,1999-09-20,71000,99500
13778,1999-09-20,2002-12-19,99500,169950
13778,2002-12-19,2008-05-23,169950,190000
13778,2008-05-23,2025-04-24,190000,320000
13780,1996-10-25,2012-11-16,57000,160000
13784,2006-07-24,2016-09-26,139000,186000
13786,2007-08-31,2016-06-24,152500,200000
13786,2016-06-24,2025-12-19,200000,260000
13787,1998-08-14,2001-01-31,61995,76000
13788,2001-10-19,2002-08-23,83000,119000
13788,2002-08-23,2006-04-19,119000,159000
13789,2009-10-30,2016-07-01,153950,185000
13793,2014-08-15,2025-01-06,177000,288000
13796,2011-04-21,2024-06-07,174500,280000
13797,2005-05-13,2009-12-16,145250,156500
13797,2009-12-16,2018-12-20,156500,209000
13799,2011-11-04,2022-09-29,146000,280000
13800,1997-02-28,2007-06-08,55500,172000
13800,2007-06-08,2013-05-10,172000,161000
13800,2013-05-10,2020-10-22,161000,215000
13804,2006-02-27,2006-04-03,95000,142500
13806,2007-05-04,2014-05-22,168000,182500
13807,1999-11-30,2008-07-25,63000,157500
13807,2008-07-25,2015-05-22,157500,173000
13808,2007-04-05,2025-05-23,163000,265000
13809,2005-03-04,2017-07-07,105000,163000
13810,1995-11-30,2009-07-10,38950,103000
13811,1999-06-18,2021-02-12,59950,145000
13813,2011-09-15,2017-05-05,148000,180000
13817,2016-04-15,2018-03-28,170000,185000
13817,2018-03-28,2023-05-31,185000,280000
13818,2019-05-23,2021-04-30,167000,215000
13822,2011-06-24,2020-02-04,115500,145000
13824,1995-09-22,2003-04-04,37000,82500
13824,2003-04-04,2007-09-14,82500,141000
13828,2000-03-03,2017-05-15,86500,187500
13829,2000-02-11,2019-11-22,85500,217500
13832,2000-08-18,2004-08-16,92500,152000
13833,2010-09-03,2025-03-31,158000,290000
13834,2006-01-20,2007-10-26,151000,163500
13834,2007-10-26,2009-11-20,163500,146500
13834,2009-11-20,2016-05-25,146500,185000
13835,2016-11-18,2021-06-25,180000,230000
13837,2006-03-02,2009-12-04,139950,142000
13838,1997-05-02,2001-08-23,53000,87500
13841,1999-05-19,2005-12-16,56000,138000
13841,2005-12-16,2017-04-28,138000,185000
13842,1998-12-11,2000-05-26,56000,70000
13842,2000-05-26,2001-10-31,70000,81000
13842,2001-10-31,2006-07-07,81000,146000
13844,2006-12-21,2021-11-24,170000,235000
13845,2009-12-22,2017-03-24,152500,213000
13846,2003-04-07,2005-12-16,95000,160000
13846,2005-12-16,2009-07-24,160000,153500
13846,2009-07-24,2018-07-16,153500,220000
13846,2018-07-16,2025-02-28,220000,267000
13850,1997-12-17,2006-08-30,65000,170000
13852,2003-01-24,2006-05-19,109950,167500
13852,2006-05-19,2018-03-12,167500,218000
13853,1996-07-18,2007-05-18,51000,166000
13854,2001-09-07,2003-12-19,97000,130000
13857,1997-03-26,2001-02-02,55000,85000
13859,2013-10-24,2024-09-02,166000,375000
13861,1998-01-23,2010-07-01,59950,157000
13861,2010-07-01,2021-06-22,157000,212000
13862,1999-06-22,2013-05-24,80000,175000
13865,2007-04-11,2020-07-17,90000,225000
13866,2001-07-27,2019-09-19,92500,220000
13867,2004-05-05,2010-07-01,144000,164999
13870,1997-03-25,2014-10-20,60000,175000
13873,2001-07-06,2007-10-19,106000,180000
13873,2007-10-19,2017-10-06,180000,207000
13875,1998-05-29,2001-10-19,49500,77000
13875,2001-10-19,2016-07-15,77000,170000
13875,2016-07-15,2024-09-02,170000,240000
13881,1996-08-23,1998-05-29,38750,47000
13881,1998-05-29,1999-10-08,47000,58250
13881,1999-10-08,2004-07-30,58250,120000
13881,2004-07-30,2015-04-24,120000,160000
13881,2015-04-24,2019-01-18,160000,190000
13881,2019-01-18,2022-06-01,190000,225000
13883,1998-05-21,2002-06-14,49995,87000
13884,1999-02-12,2001-05-25,46000,71000
13884,2001-05-25,2002-09-19,71000,107000
13884,2002-09-19,2009-06-29,107000,123000
13884,2009-06-29,2014-04-17,123000,137000
13884,2014-04-17,2016-09-16,137000,170000
13884,2016-09-16,2018-07-20,170000,185000
13887,2017-02-03,2019-10-18,242500,223000
13887,2019-10-18,2025-09-17,223000,305000
13889,1996-04-16,2004-04-14,47000,145000
13889,2004-04-14,2008-11-21,145000,158000
13892,2004-04-01,2015-04-30,158500,185100
13893,1997-10-03,2000-06-02,54000,86000
13893,2000-06-02,2003-08-22,86000,141000
13893,2003-08-22,2007-09-17,141000,172000
13894,1997-09-09,2004-08-27,49000,175000
13896,2005-06-17,2017-08-18,162500,200000
13898,2007-09-28,2020-01-17,169000,220000
13899,1997-12-08,2017-10-30,57000,195000
13899,2017-10-30,2025-05-30,195000,272500
13899,2025-05-30,2025-06-27,272500,300000
13902,1995-02-08,2000-01-28,45000,35000
13902,2000-01-28,2000-01-28,35000,70000
13902,2000-01-28,2000-06-30,70000,85000
13902,2000-06-30,2016-08-22,85000,195999
13903,1995-08-07,2001-03-30,54500,98100
13904,1996-02-08,2002-07-29,52000,120000
13904,2002-07-29,2004-09-22,120000,152000
13904,2004-09-22,2017-04-13,152000,192500
13906,2011-03-18,2018-06-29,125000,178000
13906,2018-06-29,2022-06-30,178000,210000
13908,1996-08-23,2004-03-19,47500,135000
13908,2004-03-19,2006-08-23,135000,152000
13908,2006-08-23,2012-08-10,152000,146000
13909,2000-05-19,2004-11-05,59000,115000
13909,2004-11-05,2013-08-02,115000,125000
13909,2013-08-02,2017-11-09,125000,157000
13910,1996-09-06,2003-06-30,42000,100000
13910,2003-06-30,2004-06-30,100000,109500
13915,1999-10-05,2018-11-02,71000,200000
13916,1999-05-14,2026-02-06,73000,270000
13918,2021-04-19,2026-03-04,210000,285000
13919,1996-08-19,2000-04-07,51000,81500
13919,2000-04-07,2008-06-27,81500,156500
13919,2008-06-27,2013-05-01,156500,172500
13920,2007-03-16,2021-02-08,160000,276500
13923,2012-01-20,2017-06-02,141000,180000
13924,2015-10-30,2025-08-29,170000,290000
13925,2010-05-07,2025-08-29,153000,250000
13926,2018-03-29,2023-11-29,195000,252000
13927,1996-10-21,2010-05-21,50000,124995
13928,2001-08-03,2012-12-07,90000,169950
13929,2002-11-29,2004-06-18,123000,155000
13933,1999-10-29,2001-04-23,68000,87000
13938,2016-07-29,2019-06-11,470000,500000
13941,2018-06-01,2025-03-31,203000,260675
13942,2018-07-12,2025-09-11,209500,290000
13958,2008-08-12,2009-10-06,185000,200000
13958,2009-10-06,2025-09-30,200000,300000
13959,1997-12-02,2005-09-16,107000,226500
13960,2016-03-24,2021-03-05,225000,295000
13963,2022-12-22,2022-12-22,330000,330000
13964,2000-02-25,2003-01-15,76000,144000
13964,2003-01-15,2019-06-28,144000,225000
13964,2019-06-28,2019-10-23,225000,193000
13965,2005-12-21,2010-07-28,170000,172000
13968,2004-05-07,2015-12-18,163500,242000
13970,2006-07-07,2021-06-11,227500,370000
13972,2003-06-18,2007-05-24,120000,226000
13977,1999-03-26,2007-08-10,71000,190000
13977,2007-08-10,2023-08-04,190000,330000
13978,1996-11-15,2003-09-26,74000,167000
13979,1999-09-03,2015-01-08,105000,410000
13980,2001-12-13,2016-04-15,159000,295000
13983,1998-03-31,2009-08-14,85500,177500
13983,2009-08-14,2016-11-28,177500,245000
13984,2002-09-16,2006-05-17,100000,190000
13985,1996-08-23,2008-04-01,63000,192500
13986,2011-07-01,2020-03-02,200000,280000
13987,1997-01-24,2005-10-18,59000,149995
13993,1997-07-04,1999-01-12,62500,70000
13996,2008-02-27,2016-07-15,220000,280000
13998,2002-10-11,2003-06-20,136500,160000
13999,2001-07-31,2006-05-16,105000,158000
14001,1998-10-28,2000-05-31,69500,81000
14001,2000-05-31,2013-04-05,81000,149950
14002,2000-12-15,2006-05-12,90000,168500
14002,2006-05-12,2012-07-23,168500,145000
14002,2012-07-23,2015-11-27,145000,166000
14003,2011-03-04,2021-08-17,153000,218000
14005,1999-09-10,2004-09-10,59000,148000
14007,1998-12-01,2025-12-12,55500,205000
14008,1998-04-03,2001-04-12,52000,70000
14008,2001-04-12,2002-11-25,70000,114995
14008,2002-11-25,2021-12-03,114995,165000
14009,1998-11-27,2003-04-15,34200,80000
14011,1998-08-07,2014-04-07,34500,92500
14015,2001-07-25,2004-06-24,90000,154995
14015,2004-06-24,2025-12-11,154995,245000
14017,2001-12-17,2005-02-10,57000,89000
14019,2000-06-30,2014-03-28,50000,83000
14019,2014-03-28,2025-07-02,83000,125000
14021,2001-02-01,2003-10-16,47000,81500
14021,2003-10-16,2007-03-09,81500,112000
14021,2007-03-09,2023-09-29,112000,120000
14024,1999-11-26,2001-04-20,61000,74500
14024,2001-04-20,2004-06-29,74500,120000
14024,2004-06-29,2021-03-17,120000,168000
14025,1998-05-29,2002-03-15,51500,78000
14025,2002-03-15,2010-01-22,78000,121000
14026,2000-03-14,2002-12-20,47950,87500
14027,1996-04-17,1999-06-18,28500,37000
14027,1999-06-18,2008-08-14,37000,106500
14027,2008-08-14,2016-10-07,106500,109500
14027,2016-10-07,2023-02-09,109500,140000
14028,1995-07-20,1996-06-26,32000,28500
14028,1996-06-26,1998-01-23,28500,32500
14028,1998-01-23,2025-01-10,32500,113000
14030,1999-01-29,2024-11-29,35500,120000
14031,1995-09-01,1999-02-22,31000,34000
14031,1999-02-22,2024-04-04,34000,120000
14032,1996-09-20,2011-07-22,50000,155000
14033,1998-07-23,2004-04-08,53500,127499
14034,1998-12-18,2001-07-20,43000,70000
14034,2001-07-20,2011-07-22,70000,116000
14034,2011-07-22,2017-03-13,116000,155000
14034,2017-03-13,2019-11-12,155000,175000
14035,2000-09-28,2020-10-30,51500,104000
14036,1999-05-14,2006-04-26,37500,98000
14037,2002-05-10,2006-12-18,63500,114500
14037,2006-12-18,2007-12-07,114500,118000
14037,2007-12-07,2020-07-10,118000,110000
14039,1997-02-12,2001-01-31,31500,50000
14039,2001-01-31,2004-09-17,50000,95000
14039,2004-09-17,2006-12-21,95000,108000
14039,2006-12-21,2014-12-05,108000,95000
14040,1997-03-21,1999-02-12,32000,36300
14040,1999-02-12,2000-10-27,36300,49250
14042,1998-11-30,2001-04-27,55950,76000
14042,2001-04-27,2011-01-28,76000,140000
14044,1998-08-28,2006-09-15,32500,101500
14044,2006-09-15,2011-08-10,101500,91000
14045,1995-11-17,2000-01-19,31500,45000
14045,2000-01-19,2001-07-13,45000,57500
14045,2001-07-13,2014-08-29,57500,90000
14047,2000-03-10,2018-11-30,43500,122000
14048,1999-02-10,2001-01-05,34000,46500
14049,1997-12-29,2006-03-31,48900,125000
14049,2006-03-31,2017-01-27,125000,154000
14049,2017-01-27,2020-05-29,154000,173000
14050,1999-12-15,2002-11-18,64950,29000
14050,2002-11-18,2006-07-03,29000,132995
14051,1997-12-12,2001-04-02,39500,58500
14051,2001-04-02,2006-02-28,58500,115000
14051,2006-02-28,2022-12-13,115000,175000
14052,1995-07-14,2006-09-29,39000,128500
14052,2006-09-29,2022-05-06,128500,170000
14053,1999-11-19,2002-07-31,50500,79950
14053,2002-07-31,2003-08-29,79950,95750
14053,2003-08-29,2011-11-14,95750,123000
14053,2011-11-14,2025-06-06,123000,165000
14054,1996-02-09,1997-09-16,33000,36000
14054,1997-09-16,1998-11-27,36000,34750
14054,1998-11-27,2000-05-26,34750,52000
14054,2000-05-26,2004-06-30,52000,149500
14054,2004-06-30,2006-11-09,149500,114000
14054,2006-11-09,2018-07-09,114000,107000
14055,2007-05-11,2013-06-28,163000,155000
14057,1997-10-01,2001-09-21,47000,79000
14057,2001-09-21,2016-02-10,79000,150000
14057,2016-02-10,2018-11-12,150000,162500
14057,2018-11-12,2021-05-28,162500,185000
14058,2006-11-15,2007-09-14,125000,146000
14058,2007-09-14,2024-01-05,146000,187000
14059,1999-10-21,2002-12-19,68000,116500
14063,1998-05-08,1999-12-20,42000,52995
14063,1999-12-20,2014-06-17,52995,119950
14064,2002-06-14,2010-07-22,80000,97500
14064,2010-07-22,2016-07-29,97500,104000
14064,2016-07-29,2022-12-02,104000,141500
14065,1999-10-07,2000-02-07,34500,42950
14066,1996-07-08,1998-07-24,32000,33250
14066,1998-07-24,2006-02-24,33250,89000
14066,2006-02-24,2021-09-17,89000,115000
14067,1995-11-24,2013-07-11,31000,93000
14067,2013-07-11,2016-11-25,93000,117500
14067,2016-11-25,2021-05-14,117500,123500
14068,2003-02-11,2022-12-20,69500,123000
14069,1997-12-19,2002-12-06,38500,83650
14069,2002-12-06,2022-07-25,83650,195000
14070,1999-09-03,2001-12-14,44500,65000
14070,2001-12-14,2003-06-10,65000,90000
14070,2003-06-10,2006-12-01,90000,129500
14070,2006-12-01,2015-04-24,129500,140000
14071,2005-12-20,2011-10-07,158000,176000
14072,2017-12-19,2022-07-22,405000,720000
14073,2001-10-05,2014-03-07,152000,212500
14074,2003-09-26,2007-07-20,235000,427500
14074,2007-07-20,2016-12-19,427500,480000
14076,1997-03-07,2018-03-02,106500,345000
14079,2004-02-26,2019-06-12,199950,285000
14079,2019-06-12,2023-07-27,285000,356000
14081,1999-08-18,2003-12-12,85000,152000
14085,2001-10-12,2006-07-24,118000,182000
14085,2006-07-24,2017-06-28,182000,113250
14086,2017-09-29,2020-11-23,270000,815000
14087,2014-11-14,2021-06-04,260000,425000
14091,2005-08-12,2013-10-04,264750,380000
14092,2012-08-30,2013-12-10,250000,300000
14095,1999-07-15,2010-03-30,142500,295000
14103,1995-12-29,2015-07-31,50000,600000
14104,1997-06-21,1997-11-26,153000,175000
14104,1997-11-26,2025-10-21,175000,627500
14109,2005-05-25,2022-01-14,340000,545000
14110,1997-10-09,2020-02-21,90000,738500
14111,1996-04-03,2005-11-30,120000,280000
14116,2015-01-30,2015-09-24,320000,411000
14120,2004-12-21,2013-11-22,223000,270000
14121,2015-10-27,2016-10-24,299950,395000
14122,1999-06-07,2004-01-05,125000,280000
14122,2004-01-05,2014-02-21,280000,405000
14124,2003-06-11,2005-07-29,109000,130000
14124,2005-07-29,2014-03-27,130000,144800
14124,2014-03-27,2016-11-22,144800,172500
14124,2016-11-22,2016-11-30,172500,172500
14125,1997-10-24,2000-07-07,52000,67500
14125,2000-07-07,2003-10-31,67500,127500
14125,2003-10-31,2016-04-29,127500,161000
14126,1999-12-22,2007-06-29,42000,118000
14126,2007-06-29,2013-09-30,118000,92000
14127,1999-02-12,1999-09-10,32000,38000
14127,1999-09-10,2003-10-29,38000,94000
14127,2003-10-29,2004-08-27,94000,109950
14127,2004-08-27,2023-03-03,109950,122500
14128,1999-01-22,2000-06-30,29000,45000
14128,2000-06-30,2004-06-30,45000,85000
14128,2004-06-30,2021-12-03,85000,121500
14129,1999-02-12,2000-01-28,34000,40000
14130,1998-08-21,2001-08-24,30000,45000
14130,2001-08-24,2006-07-24,45000,95000
14130,2006-07-24,2016-06-22,95000,98500
14130,2016-06-22,2020-09-11,98500,118000
14131,2001-11-30,2008-06-11,77500,124750
14131,2008-06-11,2017-07-31,124750,163000
14131,2017-07-31,2021-09-10,163000,200000
14132,1999-03-15,2020-03-12,45500,147000
14135,2004-03-10,2015-09-02,490125,795000
14137,2001-07-27,2007-05-01,162000,520000
14138,1999-09-22,2002-12-15,65000,150000
14138,2002-12-15,2005-08-19,150000,161000
14138,2005-08-19,2016-01-22,161000,230000
14143,1997-09-19,2021-02-09,200000,700000
14144,2009-11-18,2017-09-18,300000,480000
14147,1996-04-29,1999-04-16,62950,80000
14147,1999-04-16,2025-11-27,80000,355000
14150,2016-10-20,2019-11-01,300000,360000
14152,1998-07-10,2020-11-06,77000,253000
14155,2007-11-06,2016-01-29,225000,222000
14156,2010-12-20,2023-06-19,187500,350000
14158,2024-07-09,2025-08-22,280000,305000
14160,2007-09-18,2009-06-29,205000,163000
14160,2009-06-29,2013-12-06,163000,192500
14160,2013-12-06,2016-08-19,192500,260000
14163,2001-06-08,2008-06-20,163000,270000
14163,2008-06-20,2017-08-30,270000,325000
14164,2017-08-16,2024-07-03,305000,375000
14166,2008-06-12,2011-11-25,212000,215000
14168,2002-05-10,2024-09-06,130000,360000
14170,2001-10-17,2021-03-23,119950,280000
14172,1997-10-08,2017-06-09,84950,310000
14173,2002-08-30,2022-02-25,206995,405000
14174,1998-08-28,2000-05-12,85000,120000
14175,1995-12-08,2001-03-02,77500,150000
14175,2001-03-02,2002-05-24,150000,170000
14176,1996-12-16,2021-09-15,89000,390000
14178,2011-10-21,2018-08-20,215000,313000
14180,2002-03-01,2002-08-02,112000,158000
14180,2002-08-02,2019-11-25,158000,275000
14182,1995-08-04,1997-08-01,75500,83000
14182,1997-08-01,2002-05-30,83000,152000
14182,2002-05-30,2007-01-26,152000,230000
14182,2007-01-26,2018-10-26,230000,317000
14184,1996-05-30,2019-11-08,74950,320000
14186,2003-09-26,2005-12-20,240000,250000
14189,2004-03-18,2005-01-31,165000,220000
14189,2005-01-31,2006-06-06,220000,273000
14190,2002-04-12,2005-04-20,250000,450000
14190,2005-04-20,2006-06-01,450000,546000
14194,1999-07-30,2006-08-29,112000,276000
14199,1998-07-03,2006-09-15,108000,266000
14199,2006-09-15,2013-05-15,266000,271250
14201,2006-07-28,2018-08-16,280000,429950
14204,2007-02-02,2017-01-20,275000,305000
14205,1997-10-02,2004-02-26,94450,179000
14207,2002-07-22,2004-03-02,190000,230000
14208,1999-08-12,2006-07-28,130000,242500
14215,2001-07-20,2002-08-15,140000,202000
14215,2002-08-15,2014-11-03,202000,290000
14217,2005-07-08,2009-11-27,182000,191000
14217,2009-11-27,2018-05-01,191000,307000
14219,1996-09-18,2002-09-20,95000,220000
14221,1999-03-25,2021-03-22,142500,490000
14222,2010-09-21,2019-11-11,285000,510000
14224,1997-09-19,2011-07-01,169950,360000
14226,2001-08-06,2005-07-20,170000,235000
14226,2005-07-20,2014-06-20,235000,285000
14226,2014-06-20,2023-07-27,285000,463000
14228,2002-04-22,2006-12-08,193000,435000
14228,2006-12-08,2010-05-10,435000,495000
14228,2010-05-10,2011-10-31,495000,530500
14229,2006-03-24,2017-03-06,240000,365000
14233,2005-07-08,2014-01-06,265000,425000
14233,2014-01-06,2016-03-31,425000,435000
14234,2002-04-25,2022-02-23,200000,460000
14236,2003-12-12,2010-12-14,260000,355000
14239,2000-11-20,2004-02-06,170000,315000
14242,1996-06-21,2010-02-26,100000,285000
14247,1995-09-29,1996-03-29,100000,215000
14247,1996-03-29,2015-06-12,215000,595000
14249,2001-12-21,2022-12-02,225000,410000
14250,2016-09-01,2020-07-24,402000,750000
14252,1997-03-20,2003-12-16,103000,232500
14253,2012-11-09,2022-09-01,399950,692186
14255,1999-07-26,2019-09-19,345000,745000
14262,1995-03-31,2008-04-04,73000,240000
14263,1998-03-27,1999-11-24,95000,100000
14264,2002-08-15,2012-09-14,159950,242000
14266,1995-02-10,1998-09-11,103000,109800
14266,1998-09-11,2023-01-27,109800,385000
14266,2023-01-27,2024-12-05,385000,520000
14267,1999-01-29,2000-12-15,91000,127000
14268,2016-08-09,2021-04-07,316000,375000
14269,2010-09-21,2015-07-31,260000,280000
14270,2000-03-13,2001-10-12,110000,249000
14270,2001-10-12,2010-01-15,249000,310000
14270,2010-01-15,2014-01-24,310000,392000
14271,1997-05-23,2022-10-14,152000,895000
14275,2001-12-13,2006-11-24,140000,390000
14279,2011-08-11,2024-04-10,205000,330000
14281,2005-09-30,2025-03-20,375000,675000
14283,1996-01-31,2002-06-28,57000,300000
14285,2001-02-14,2007-06-22,34000,91500
14285,2007-06-22,2014-05-30,91500,72999
14286,1998-04-09,2001-10-26,25000,46000
14286,2001-10-26,2003-06-06,46000,58000
14286,2003-06-06,2006-12-01,58000,83500
14288,1999-07-30,2003-06-30,29500,58000
14288,2003-06-30,2005-11-30,58000,79995
14288,2005-11-30,2010-04-23,79995,66000
14288,2010-04-23,2014-11-03,66000,76250
14289,1996-02-23,1999-11-05,42000,52495
14289,1999-11-05,2020-10-16,52495,160000
14290,2012-03-09,2020-01-20,122500,170500
14291,1995-07-14,1995-10-20,43000,39000
14291,1995-10-20,2005-02-11,39000,113000
14291,2005-02-11,2006-01-19,113000,123000
14291,2006-01-19,2024-11-29,123000,210000
14292,1998-03-16,1999-11-12,51000,65000
14292,1999-11-12,2002-12-06,65000,107500
14292,2002-12-06,2013-04-05,107500,122000
14293,2018-09-28,2020-07-10,143000,139000
14294,1999-09-17,2001-10-16,37500,52000
14294,2001-10-16,2007-10-17,52000,101000
14294,2007-10-17,2022-12-06,101000,135000
14295,2006-03-10,2024-10-04,81500,116000
14296,1995-05-31,2004-08-13,32500,86000
14297,1998-09-25,2006-11-24,38000,87000
14297,2006-11-24,2007-03-23,87000,109500
14298,2000-08-11,2006-02-17,53000,95000
14298,2006-02-17,2006-10-27,95000,132500
14298,2006-10-27,2015-12-18,132500,145000
14298,2015-12-18,2017-08-31,145000,162500
14300,2003-10-17,2025-03-28,65000,105000
14301,2005-05-23,2010-01-29,73000,71750
14302,1996-09-30,2000-11-15,23500,34000
14302,2000-11-15,2006-09-11,34000,74750
14302,2006-09-11,2010-07-09,74750,80000
14302,2010-07-09,2018-11-16,80000,85000
14305,1996-08-12,2025-07-11,41000,175000
14307,2003-07-04,2013-02-08,59995,63500
14310,2011-09-30,2013-06-28,71000,62500
14311,1997-03-21,2001-09-10,27000,46500
14312,2008-02-22,2025-05-30,91000,135000
14313,2002-05-17,2005-08-31,54000,78000
14313,2005-08-31,2006-11-27,78000,93500
14313,2006-11-27,2018-12-17,93500,92000
14315,1997-10-22,1999-03-12,22500,23000
14315,1999-03-12,2001-07-06,23000,32000
14315,2001-07-06,2004-06-11,32000,87500
14315,2004-06-11,2010-08-27,87500,69000
14315,2010-08-27,2024-10-28,69000,106000
14316,2003-04-17,2018-09-21,59995,79000
14317,1999-04-23,2010-03-11,32000,70250
14317,2010-03-11,2010-11-05,70250,80000
14318,2000-08-04,2009-10-15,41500,72500
14319,1999-12-08,2008-03-07,36000,101500
14320,1999-09-03,2023-06-13,34000,96000
14321,2000-03-31,2001-08-10,36000,39000
14321,2001-08-10,2023-11-13,39000,115000
14321,2023-11-13,2025-10-16,115000,117500
14322,2004-03-31,2019-10-04,68950,75000
14322,2019-10-04,2024-02-02,75000,100000
14323,2002-04-19,2007-04-10,57950,98500
14323,2007-04-10,2016-11-16,98500,101000
14323,2016-11-16,2021-03-26,101000,91000
14324,1997-04-11,2004-03-31,25000,68950
14324,2004-03-31,2006-03-03,68950,83000
14324,2006-03-03,2014-05-30,83000,75000
14325,1997-11-28,2004-11-30,54995,137500
14325,2004-11-30,2009-08-28,137500,135000
14327,2000-07-28,2009-05-22,73500,120000
14327,2009-05-22,2024-10-10,120000,225000
14329,1997-02-28,2003-07-29,34250,91000
14331,2018-09-21,2022-07-22,149950,182500
14331,2022-07-22,2025-02-28,182500,175000
14332,2002-05-01,2023-08-07,60000,212500
14333,1998-11-13,2007-06-22,45000,129995
14333,2007-06-22,2014-08-01,129995,135000
14333,2014-08-01,2020-10-09,135000,149995
14334,2004-02-27,2007-03-09,70000,99500
14336,1996-06-28,2003-06-27,27500,69000
14336,2003-06-27,2007-08-07,69000,107500
14336,2007-08-07,2019-08-19,107500,90000
14337,1995-07-20,2004-02-27,29000,70000
14337,2004-02-27,2006-08-18,70000,90000
14337,2006-08-18,2020-04-16,90000,103000
14337,2020-04-16,2025-05-09,103000,112500
14338,2002-03-28,2016-03-21,64000,95000
14339,1998-09-21,2004-11-30,27000,89950
14340,2000-02-04,2002-12-20,39950,63000
14340,2002-12-20,2009-02-02,63000,90000
14340,2009-02-02,2017-11-03,90000,100500
14340,2017-11-03,2022-09-01,100500,125000
14340,2022-09-01,2023-07-07,125000,142500
14345,2003-08-22,2006-09-28,79100,116000
14345,2006-09-28,2009-09-04,116000,98000
14345,2009-09-04,2020-01-31,98000,136000
14346,2001-10-01,2007-04-17,59000,109000
14348,1996-07-31,1999-06-03,31000,33250
14348,1999-06-03,2004-01-30,33250,68250
14348,2004-01-30,2014-10-24,68250,81000
14348,2014-10-24,2016-10-14,81000,95500
14348,2016-10-14,2018-09-07,95500,109000
14350,1996-05-03,1996-07-08,36000,32500
14350,1996-07-08,2001-01-26,32500,51000
14350,2001-01-26,2003-03-21,51000,85000
14350,2003-03-21,2007-08-10,85000,121000
14350,2007-08-10,2015-02-27,121000,134000
14350,2015-02-27,2023-05-22,134000,198000
14351,1996-04-24,1999-08-22,39000,48000
14351,1999-08-22,2001-06-08,48000,59500
14352,1997-07-30,1999-09-17,35000,43350
14352,1999-09-17,2004-03-18,43350,98995
14352,2004-03-18,2006-08-10,98995,123950
14352,2006-08-10,2021-07-05,123950,157000
14353,1998-04-21,2019-11-08,48000,168500
14353,2019-11-08,2022-03-07,168500,210000
14356,2019-11-08,2024-11-22,85000,113000
14357,2000-04-28,2006-09-27,34950,78000
14357,2006-09-27,2019-11-22,78000,62000
14357,2019-11-22,2020-09-22,62000,97500
14360,1996-10-14,2002-04-30,18750,47500
14360,2002-04-30,2010-11-26,47500,69960
14360,2010-11-26,2014-06-17,69960,70000
14362,1997-02-14,2001-10-26,35000,76000
14362,2001-10-26,2004-07-12,76000,106500
14362,2004-07-12,2007-11-22,106500,144000
14362,2007-11-22,2013-12-02,144000,125000
14362,2013-12-02,2020-04-17,125000,151000
14362,2020-04-17,2022-11-18,151000,225000
14363,1999-04-27,2003-11-07,47950,95000
14363,2003-11-07,2020-09-04,95000,140000
14364,1996-02-02,1998-10-22,43000,48000
14364,1998-10-22,2004-07-30,48000,123000
14368,1997-07-31,1999-12-10,53995,69500
14368,1999-12-10,2002-07-24,69500,94300
14368,2002-07-24,2006-09-05,94300,138500
14368,2006-09-05,2009-09-04,138500,138000
14368,2009-09-04,2014-10-03,138000,154500
14368,2014-10-03,2016-06-03,154500,172000
14369,1996-08-30,1999-05-21,42000,51500
14369,1999-05-21,2002-02-08,51500,73000
14370,1995-06-30,2023-07-27,46000,205000
14372,2003-03-28,2013-06-07,62000,60500
14373,1998-08-05,2004-03-29,23000,74000
14373,2004-03-29,2019-08-09,74000,79000
14373,2019-08-09,2022-01-28,79000,105000
14375,2011-06-06,2013-07-30,57000,62000
14375,2013-07-30,2024-10-11,62000,107000
14376,2000-05-12,2005-05-28,33950,68000
14376,2005-05-28,2014-06-27,68000,65500
14377,2003-05-01,2004-09-27,61500,86500
14377,2004-09-27,2024-07-05,86500,105000
14378,1999-08-06,2004-09-17,28000,82500
14378,2004-09-17,2017-10-13,82500,82000
14379,1998-10-30,2011-01-31,48500,124995
14380,1995-12-18,2002-04-24,39000,83000
14380,2002-04-24,2005-09-28,83000,120000
14380,2005-09-28,2016-09-30,120000,145000
14381,1997-12-09,2003-03-05,45200,104950
14381,2003-03-05,2006-04-27,104950,130000
14381,2006-04-27,2007-11-23,130000,142000
14381,2007-11-23,2017-03-31,142000,159950
14382,1999-08-20,2002-11-29,47500,80000
14383,1999-10-29,2004-01-30,43950,94950
14383,2004-01-30,2009-06-12,94950,97000
14384,1997-04-30,2000-11-17,37000,52000
14384,2000-11-17,2007-07-27,52000,115000
14384,2007-07-27,2018-03-29,115000,139950
14384,2018-03-29,2020-02-07,139950,160000
14385,1997-04-11,1999-08-23,40000,49995
14385,1999-08-23,2015-07-31,49995,140000
14386,1995-05-05,2004-11-22,33000,89500
14386,2004-11-22,2006-08-18,89500,114500
14386,2006-08-18,2024-06-21,114500,152500
14387,1997-07-31,2003-03-07,39950,91000
14387,2003-03-07,2011-05-26,91000,114000
14387,2011-05-26,2013-12-20,114000,111500
14389,2004-01-07,2013-09-27,93000,122500
14389,2013-09-27,2021-06-02,122500,167500
14390,1997-06-12,2011-12-19,40000,95000
14390,2011-12-19,2025-07-24,95000,210000
14393,2006-05-15,2013-01-30,118500,120000
14393,2013-01-30,2023-04-28,120000,210000
14394,2000-03-31,2004-04-30,59000,118500
14394,2004-04-30,2006-11-30,118500,125000
14394,2006-11-30,2025-08-29,125000,197000
14396,2003-07-11,2006-01-31,59995,78500
14396,2006-01-31,2007-07-05,78500,94500
14396,2007-07-05,2015-12-18,94500,85000
14397,2001-11-16,2007-04-05,50000,83500
14397,2007-04-05,2024-04-30,83500,125000
14402,1998-10-12,2023-10-25,121000,390000
14403,1996-06-21,2017-07-21,93000,305000
14405,1995-09-11,2020-09-24,87500,355000
14406,1998-05-22,2004-06-21,103000,250000
14406,2004-06-21,2010-10-29,250000,230000
14408,2000-11-24,2025-07-10,126500,360000
14411,2007-10-18,2014-10-24,232501,265000
14412,2010-03-05,2025-03-31,244000,335000
14415,1996-01-19,1996-05-29,39500,41000
14415,1996-05-29,1998-11-06,41000,44500
14415,1998-11-06,2003-11-07,44500,124000
14415,2003-11-07,2005-09-09,124000,125000
14415,2005-09-09,2014-04-14,125000,132000
14416,1995-04-21,1996-10-25,41950,39000
14416,1996-10-25,1998-08-07,39000,46000
14416,1998-08-07,2004-06-18,46000,124000
14416,2004-06-18,2010-04-01,124000,132000
14416,2010-04-01,2013-01-25,132000,129950
14416,2013-01-25,2021-06-11,129950,170500
14418,1999-06-17,2001-04-20,40000,56000
14418,2001-04-20,2003-07-04,56000,80000
14419,1998-07-31,2006-01-06,55500,135000
14420,1996-07-12,2019-11-15,47500,177000
14421,1996-05-31,2017-10-19,44000,168000
14421,2017-10-19,2024-05-03,168000,240000
14422,1998-03-12,2003-12-05,38500,90500
14422,2003-12-05,2005-12-21,90500,100000
14422,2005-12-21,2015-10-16,100000,137500
14423,1997-03-24,2021-05-06,41000,170000
14424,1997-09-26,2014-02-07,44000,120000
14424,2014-02-07,2017-07-18,120000,156500
14424,2017-07-18,2021-01-27,156500,186000
14425,1997-02-21,2018-05-10,40000,150000
14426,1999-05-13,2015-09-02,56000,160000
14426,2015-09-02,2020-11-20,160000,203000
14427,1998-04-09,2003-12-19,55500,67000
14427,2003-12-19,2021-09-01,67000,220000
14427,2021-09-01,2026-02-24,220000,271000
14429,1999-02-12,2004-09-10,48000,129000
14430,1998-07-17,2000-09-01,47000,70000
14430,2000-09-01,2001-09-28,70000,77500
14430,2001-09-28,2002-08-23,77500,94950
14431,1999-07-09,2017-11-10,51500,160000
14432,1998-12-21,2001-12-07,38500,63000
14433,1999-08-10,2023-06-29,42500,175000
14434,1997-03-27,2006-03-10,47650,132000
14434,2006-03-10,2016-03-30,132000,162000
14435,1998-09-01,2014-07-28,57500,152000
14435,2014-07-28,2022-01-14,152000,265000
14435,2022-01-14,2025-07-29,265000,310000
14436,2000-08-04,2005-02-17,45000,90000
14436,2005-02-17,2006-06-30,90000,100000
14436,2006-06-30,2007-10-05,100000,100000
14436,2007-10-05,2013-05-29,100000,78000
14437,2006-08-18,2011-03-07,84950,71500
14439,2000-01-28,2006-08-16,31650,77000
14440,2003-02-03,2005-11-01,58000,57500
14440,2005-11-01,2025-07-18,57500,217000
14441,1997-01-24,2000-12-08,41000,66000
14441,2000-12-08,2015-11-19,66000,143000
14442,1997-02-07,2009-06-26,39500,107000
14443,2002-07-26,2003-10-23,88000,85000
14444,1996-09-06,2001-04-20,41000,64000
14444,2001-04-20,2005-11-16,64000,120000
14445,1998-06-30,2001-12-07,52500,77950
14445,2001-12-07,2004-07-02,77950,120000
14446,2000-05-26,2003-11-21,68500,118000
14446,2003-11-21,2011-01-28,118000,115000
14448,1998-08-21,2019-01-17,49000,155000
14451,2013-12-23,2015-03-30,127500,140000
14452,1998-04-02,2000-12-15,46500,66500
14452,2000-12-15,2004-09-10,66500,115000
14452,2004-09-10,2018-04-20,115000,158000
14452,2018-04-20,2020-09-11,158000,170000
14455,1996-05-17,1999-02-09,26000,22000
14455,1999-02-09,1999-09-24,22000,29000
14455,1999-09-24,2000-07-28,29000,39950
14455,2000-07-28,2020-12-01,39950,89000
14455,2020-12-01,2021-08-06,89000,89000
14456,1999-02-05,2001-11-02,26500,38750
14457,1998-12-18,1999-10-01,31500,38500
14457,1999-10-01,2005-04-08,38500,80000
14457,2005-04-08,2013-10-30,80000,71500
14458,1998-12-18,2005-04-08,29000,70000
14458,2005-04-08,2013-10-30,70000,68500
14459,1999-10-01,2003-11-28,38500,72500
14459,2003-11-28,2006-05-11,72500,92000
14460,1999-02-22,2001-10-26,29000,48000
14460,2001-10-26,2005-03-03,48000,68250
14464,1997-06-08,1999-05-21,53000,58000
14464,1999-05-21,2008-04-01,58000,145250
14466,2002-04-12,2004-03-19,180000,208000
14470,2004-07-26,2005-04-05,235500,298000
14471,2016-01-14,2017-10-27,282500,467500
14478,1998-04-27,2020-06-30,90000,120000
14479,2004-04-26,2008-06-13,410000,386000
14479,2008-06-13,2024-06-27,386000,650000
14485,2013-09-09,2016-09-16,440000,645000
14486,2004-04-02,2014-10-31,333000,475000
14487,2001-04-09,2018-07-06,280000,583000
14488,2009-09-11,2019-07-30,450000,600000
14489,2009-08-07,2023-06-22,326667,840000
14492,1996-05-17,2012-10-19,88000,475000
14496,1999-07-09,2006-01-12,135000,272500
14497,2000-10-04,2022-09-28,174500,487500
14499,2008-10-15,2012-06-19,245000,277000
14500,2005-12-09,2014-09-26,266000,370000
14501,1999-06-07,2012-02-02,154950,282500
14501,2012-02-02,2023-12-12,282500,545000
14502,2004-09-10,2015-09-10,315000,379500
14508,1998-01-20,2004-09-29,97000,280000
14508,2004-09-29,2016-09-16,280000,285000
14509,2009-07-31,2013-06-19,250000,280000
14511,2000-12-15,2006-05-30,790000,1174000
14518,2016-07-08,2018-08-03,482000,635000
14518,2018-08-03,2024-09-03,635000,840000
14519,2008-01-25,2012-01-20,465000,460000
14520,2008-01-21,2016-12-08,590000,605000
14520,2016-12-08,2022-05-06,605000,685000
14521,2004-06-04,2009-09-25,150000,190000
14521,2009-09-25,2026-02-18,190000,375000
14528,1996-12-02,2003-03-07,20300,165000
14532,1998-02-02,2005-08-03,137000,287500
14534,1996-09-03,2015-01-28,86000,425000
14535,2004-02-02,2007-03-30,240000,310400
14535,2007-03-30,2013-08-27,310400,357500
14535,2013-08-27,2019-05-15,357500,400000
14535,2019-05-15,2022-01-21,400000,492500
14536,1997-05-02,2000-08-11,94000,143500
14536,2000-08-11,2018-11-09,143500,410000
14538,1996-12-06,2023-10-05,83000,330000
14540,2004-09-02,2011-07-08,195000,340000
14542,1996-02-16,2017-06-08,118000,235000
14542,2017-06-08,2023-03-13,235000,635000
14543,1999-07-30,2004-04-30,120000,249950
14543,2004-04-30,2016-02-29,249950,271000
14543,2016-02-29,2022-12-21,271000,460000
14546,2003-06-30,2008-07-11,400000,563000
14546,2008-07-11,2020-02-21,563000,840000
14552,1997-11-24,2004-11-30,73000,246500
14552,2004-11-30,2021-02-19,246500,359000
14554,2003-03-14,2026-01-22,130000,330000
14556,1999-03-05,2003-11-28,111500,283000
14557,2010-08-13,2015-11-19,206000,265000
14559,1995-12-04,2007-06-29,132500,400000
14561,2001-09-13,2003-01-24,225000,240000
14563,2006-04-28,2016-12-22,390000,414000
14567,2022-11-10,2024-02-29,115000,665000
14570,2000-09-25,2004-04-23,169500,335000
14576,2020-02-27,2020-02-28,3000,190000
14581,2007-08-31,2019-12-13,352000,1075000
14581,2019-12-13,2025-01-13,1075000,990000
14582,1996-07-05,2002-09-04,139000,285000
14582,2002-09-04,2016-06-13,285000,335000
14583,2016-01-22,2017-09-15,275500,268000
14585,1996-02-02,2021-04-08,85000,415000
14586,2010-10-22,2023-04-24,249950,590000
14588,1999-06-17,2006-07-07,145000,320000
14588,2006-07-07,2013-05-03,320000,320000
14588,2013-05-03,2022-07-18,320000,610000
14590,2012-06-05,2023-03-09,250000,710000
14591,1995-04-07,2005-09-30,87500,243250
14591,2005-09-30,2009-11-06,243250,372000
14591,2009-11-06,2022-06-30,372000,605000
14596,1998-08-21,2006-12-15,130000,317000
14596,2006-12-15,2022-07-29,317000,577500
14597,2005-05-27,2022-10-27,285000,620000
14598,2001-08-10,2023-02-28,217500,650000
14600,2002-11-29,2023-05-17,190000,440000
14601,1999-03-24,2002-07-12,135105,250000
14601,2002-07-12,2009-06-22,250000,365000
14601,2009-06-22,2023-03-10,365000,625000
14605,1997-06-25,2006-11-06,168000,385000
14610,1997-08-22,2005-08-25,190000,385000
14612,1995-10-06,1998-08-27,82500,132000
14614,2006-04-28,2011-03-11,226000,227500
14614,2011-03-11,2020-07-13,227500,285000
14615,2006-09-29,2017-03-03,222500,235000
14615,2017-03-03,2017-05-12,235000,235000
14615,2017-05-12,2024-10-11,235000,327500
14617,2006-04-13,2015-04-24,221000,229950
14617,2015-04-24,2022-11-28,229950,362510
14618,2005-12-20,2014-08-21,225000,249500
14619,2006-10-02,2015-08-07,189995,199950
14621,2006-09-15,2013-01-11,106227,200000
14625,2000-08-18,2003-11-28,56000,103000
14625,2003-11-28,2007-09-19,103000,120000
14626,2001-06-11,2007-09-07,68000,162000
14627,1995-06-16,1999-10-29,44000,59000
14628,2001-06-01,2002-07-12,66000,96950
14628,2002-07-12,2022-08-09,96950,208000
14629,1996-08-07,2020-02-07,41000,180000
14629,2020-02-07,2023-11-29,180000,220000
